-6.963951914210505834e+01,5.534372274137868430e+01
-6.966366847543838503e+01,5.531957340804535761e+01
-6.968781780877172594e+01,5.529542407471201670e+01
-6.971196714210505263e+01,5.527127474137869001e+01
-6.973611647543839354e+01,5.524712540804534910e+01
-6.976026580877172023e+01,5.522297607471202241e+01
-6.978441514210504693e+01,5.519882674137868150e+01
-6.980856447543838783e+01,5.517467740804535481e+01
-6.983271380877171453e+01,5.515052807471201390e+01
-6.985686314210505543e+01,5.512637874137868721e+01
-6.988101247543838213e+01,5.510222940804534630e+01
-6.990516180877172303e+01,5.507808007471200540e+01
-6.992931114210504973e+01,5.505393074137867870e+01
-6.995346047543839063e+01,5.502978140804535201e+01
-6.997760980877171733e+01,5.500563207471201110e+01
-7.000175914210505823e+01,5.498148274137868441e+01
-7.003798314210504827e+01,5.498148274137868441e+01
-7.007420714210505253e+01,5.498148274137868441e+01
-7.011043114210505678e+01,5.498148274137868441e+01
-7.014665514210506103e+01,5.498148274137868441e+01
-7.018287914210505107e+01,5.498148274137868441e+01
-7.021910314210505533e+01,5.498148274137868441e+01
-7.025532714210505958e+01,5.498148274137868441e+01
-7.029155114210504962e+01,5.498148274137868441e+01
-7.032777514210505387e+01,5.498148274137868441e+01
-7.036399914210505813e+01,5.498148274137868441e+01
-7.040022314210504817e+01,5.498148274137868441e+01
-7.043644714210505242e+01,5.498148274137868441e+01
-7.047267114210505667e+01,5.498148274137868441e+01
-7.050889514210504672e+01,5.498148274137868441e+01
-7.054511914210505097e+01,5.498148274137868441e+01
-7.058134314210505522e+01,5.498148274137868441e+01
-7.061756714210505947e+01,5.498148274137868441e+01
-7.065379114210504952e+01,5.498148274137868441e+01
-7.069001514210505377e+01,5.498148274137868441e+01
-7.072623914210505802e+01,5.498148274137868441e+01
-7.076246314210504806e+01,5.498148274137868441e+01
-7.079868714210505232e+01,5.498148274137868441e+01
-7.083491114210505657e+01,5.498148274137868441e+01
-7.087113514210506082e+01,5.498148274137868441e+01
-7.090735914210505086e+01,5.498148274137868441e+01
-7.094358314210505512e+01,5.498148274137868441e+01
-7.097980714210505937e+01,5.498148274137868441e+01
-7.101603114210504941e+01,5.498148274137868441e+01
-7.105225514210505366e+01,5.498148274137868441e+01
-7.108847914210505792e+01,5.498148274137868441e+01
-7.112470314210506217e+01,5.498148274137868441e+01
-7.116092714210505221e+01,5.498148274137868441e+01
-7.119715114210505646e+01,5.498148274137868441e+01
-7.123337514210504651e+01,5.498148274137868441e+01
-7.126959914210505076e+01,5.498148274137868441e+01
-7.130582314210505501e+01,5.498148274137868441e+01
-7.134204714210505927e+01,5.498148274137868441e+01
-7.137827114210504931e+01,5.498148274137868441e+01
-7.141449514210505356e+01,5.498148274137868441e+01
-7.145071914210505781e+01,5.498148274137868441e+01
-7.148694314210504785e+01,5.498148274137868441e+01
-7.152316714210505211e+01,5.498148274137868441e+01
-7.155939114210505636e+01,5.498148274137868441e+01
-7.159561514210506061e+01,5.498148274137868441e+01
-7.163183914210505066e+01,5.498148274137868441e+01
-7.166806314210505491e+01,5.498148274137868441e+01
-7.170428714210505916e+01,5.498148274137868441e+01
-7.174051114210504920e+01,5.498148274137868441e+01
-7.177673514210505346e+01,5.498148274137868441e+01
-7.181295914210505771e+01,5.498148274137868441e+01
-7.184918314210506196e+01,5.498148274137868441e+01
-7.188540714210505200e+01,5.498148274137868441e+01
-7.192163114210505626e+01,5.498148274137868441e+01
-7.195785514210504630e+01,5.498148274137868441e+01
-7.199407914210505055e+01,5.498148274137868441e+01
-7.203030314210505480e+01,5.498148274137868441e+01
-7.206652714210505906e+01,5.498148274137868441e+01
-7.210275114210504910e+01,5.498148274137868441e+01
-7.213897514210505335e+01,5.498148274137868441e+01
-7.217519914210505760e+01,5.498148274137868441e+01
-7.221142314210504765e+01,5.498148274137868441e+01
-7.224764714210505190e+01,5.498148274137868441e+01
-7.228387114210505615e+01,5.498148274137868441e+01
-7.232009514210506040e+01,5.498148274137868441e+01
-7.235631914210505045e+01,5.498148274137868441e+01
-7.239254314210505470e+01,5.498148274137868441e+01
-7.242876714210505895e+01,5.498148274137868441e+01
-7.246499114210504899e+01,5.498148274137868441e+01
-7.250121514210505325e+01,5.498148274137868441e+01
-7.253743914210505750e+01,5.498148274137868441e+01
-7.257366314210506175e+01,5.498148274137868441e+01
-7.260988714210505179e+01,5.498148274137868441e+01
-7.264611114210505605e+01,5.498148274137868441e+01
-7.268233514210504609e+01,5.498148274137868441e+01
-7.271855914210505034e+01,5.498148274137868441e+01
-7.275478314210505459e+01,5.498148274137868441e+01
-7.279100714210505885e+01,5.498148274137868441e+01
-7.282723114210504889e+01,5.498148274137868441e+01
-7.286345514210505314e+01,5.498148274137868441e+01
-7.289967914210505739e+01,5.498148274137868441e+01
-7.293590314210504744e+01,5.498148274137868441e+01
-7.297212714210505169e+01,5.498148274137868441e+01
-7.300835114210505594e+01,5.498148274137868441e+01
-7.304457514210506019e+01,5.498148274137868441e+01
-7.308079914210505024e+01,5.498148274137868441e+01
-7.311702314210505449e+01,5.498148274137868441e+01
-7.315324714210505874e+01,5.498148274137868441e+01
-7.318947114210504878e+01,5.498148274137868441e+01
-7.322569514210505304e+01,5.498148274137868441e+01
-7.326191914210505729e+01,5.498148274137868441e+01
-7.328606847543838398e+01,5.495733340804535771e+01
-7.331021780877172489e+01,5.493318407471201681e+01
-7.333436714210505158e+01,5.490903474137869011e+01
-7.335851647543839249e+01,5.488488540804534921e+01
-7.338266580877171918e+01,5.486073607471202251e+01
-7.340681514210504588e+01,5.483658674137868161e+01
-7.343096447543838678e+01,5.481243740804535491e+01
-7.345511380877172769e+01,5.478828807471201401e+01
-7.347926314210505438e+01,5.476413874137868731e+01
-7.350341247543838108e+01,5.473998940804534641e+01
-7.352756180877172199e+01,5.471584007471200550e+01
-7.355171114210504868e+01,5.469169074137867881e+01
-7.357586047543838959e+01,5.466754140804535211e+01
-7.360000980877171628e+01,5.464339207471201121e+01
-7.362415914210505719e+01,5.461924274137868451e+01
-7.366038314210504723e+01,5.461924274137868451e+01
-7.369660714210505148e+01,5.461924274137868451e+01
-7.373283114210505573e+01,5.461924274137868451e+01
-7.376905514210505999e+01,5.461924274137868451e+01
-7.380527914210505003e+01,5.461924274137868451e+01
-7.384150314210505428e+01,5.461924274137868451e+01
-7.387772714210505853e+01,5.461924274137868451e+01
-7.391395114210504858e+01,5.461924274137868451e+01
-7.395017514210505283e+01,5.461924274137868451e+01
-7.398639914210505708e+01,5.461924274137868451e+01
-7.402262314210506133e+01,5.461924274137868451e+01
-7.405884714210505138e+01,5.461924274137868451e+01
-7.409507114210505563e+01,5.461924274137868451e+01
-7.413129514210504567e+01,5.461924274137868451e+01
-7.416751914210504992e+01,5.461924274137868451e+01
-7.420374314210505418e+01,5.461924274137868451e+01
-7.423996714210505843e+01,5.461924274137868451e+01
-7.427619114210504847e+01,5.461924274137868451e+01
-7.431241514210505272e+01,5.461924274137868451e+01
-7.434863914210505698e+01,5.461924274137868451e+01
-7.438486314210504702e+01,5.461924274137868451e+01
-7.442108714210505127e+01,5.461924274137868451e+01
-7.445731114210505552e+01,5.461924274137868451e+01
-7.449353514210505978e+01,5.461924274137868451e+01
-7.452975914210504982e+01,5.461924274137868451e+01
-7.456598314210505407e+01,5.461924274137868451e+01
-7.460220714210505832e+01,5.461924274137868451e+01
-7.463843114210504837e+01,5.461924274137868451e+01
-7.467465514210505262e+01,5.461924274137868451e+01
-7.471087914210505687e+01,5.461924274137868451e+01
-7.474710314210506112e+01,5.461924274137868451e+01
-7.478332714210505117e+01,5.461924274137868451e+01
-7.481955114210505542e+01,5.461924274137868451e+01
-7.485577514210504546e+01,5.461924274137868451e+01
-7.489199914210504971e+01,5.461924274137868451e+01
-7.492822314210505397e+01,5.461924274137868451e+01
-7.496444714210505822e+01,5.461924274137868451e+01
-7.500067114210504826e+01,5.461924274137868451e+01
-7.503689514210505251e+01,5.461924274137868451e+01
-7.507311914210505677e+01,5.461924274137868451e+01
-7.510934314210504681e+01,5.461924274137868451e+01
-7.514556714210505106e+01,5.461924274137868451e+01
-7.518179114210505531e+01,5.461924274137868451e+01
-7.521801514210505957e+01,5.461924274137868451e+01
-7.525423914210504961e+01,5.461924274137868451e+01
-7.529046314210505386e+01,5.461924274137868451e+01
-7.532668714210505811e+01,5.461924274137868451e+01
-7.536291114210504816e+01,5.461924274137868451e+01
-7.539913514210505241e+01,5.461924274137868451e+01
-7.543535914210505666e+01,5.461924274137868451e+01
-7.547158314210506092e+01,5.461924274137868451e+01
-7.550780714210505096e+01,5.461924274137868451e+01
-7.554403114210505521e+01,5.461924274137868451e+01
-7.558025514210505946e+01,5.461924274137868451e+01
-7.561647914210504950e+01,5.461924274137868451e+01
-7.565270314210505376e+01,5.461924274137868451e+01
-7.568892714210505801e+01,5.461924274137868451e+01
-7.572515114210504805e+01,5.461924274137868451e+01
-7.576137514210505230e+01,5.461924274137868451e+01
-7.579759914210505656e+01,5.461924274137868451e+01
-7.582909827253983792e+01,5.460349317616129383e+01
-7.586059740297461929e+01,5.458774361094390315e+01
-7.589209653340940065e+01,5.457199404572651247e+01
-7.592359566384418201e+01,5.455624448050912179e+01
-7.595509479427896338e+01,5.454049491529173110e+01
-7.598659392471374474e+01,5.452474535007434042e+01
-7.601809305514854032e+01,5.450899578485694974e+01
-7.604959218558332168e+01,5.449324621963955906e+01
-7.608109131601810304e+01,5.447749665442215417e+01
-7.611259044645288441e+01,5.446174708920476348e+01
-7.614408957688766577e+01,5.444599752398737280e+01
-7.617558870732244714e+01,5.443024795876998212e+01
-7.620708783775722850e+01,5.441449839355259144e+01
-7.623858696819200986e+01,5.439874882833521497e+01
-7.627008609862679123e+01,5.438299926311781007e+01
-7.630158522906157259e+01,5.436724969790041939e+01
-7.633308435949635395e+01,5.435150013268302871e+01
-7.636458348993113532e+01,5.433575056746563803e+01
-7.639608262036591668e+01,5.432000100224824735e+01
-7.642758175080071226e+01,5.430425143703085666e+01
-7.645908088123549362e+01,5.428850187181346598e+01
-7.649058001167027498e+01,5.427275230659607530e+01
-7.652207914210505635e+01,5.425700274137868462e+01
-7.654706121107057015e+01,5.423202067241315660e+01
-7.657204328003608396e+01,5.420703860344764280e+01
-7.659702534900161197e+01,5.418205653448212900e+01
-7.662200741796712578e+01,5.415707446551661519e+01
-7.664698948693263958e+01,5.413209239655110139e+01
-7.667197155589815338e+01,5.410711032758558758e+01
-7.669695362486368140e+01,5.408212825862005957e+01
-7.672193569382919520e+01,5.405714618965454576e+01
-7.674691776279470901e+01,5.403216412068903196e+01
-7.677189983176022281e+01,5.400718205172351816e+01
-7.679688190072573661e+01,5.398219998275799014e+01
-7.682186396969126463e+01,5.395721791379247634e+01
-7.684684603865677843e+01,5.393223584482696253e+01
-7.687182810762229224e+01,5.390725377586144873e+01
-7.689681017658780604e+01,5.388227170689592072e+01
-7.692179224555333406e+01,5.385728963793040691e+01
-7.694677431451884786e+01,5.383230756896489311e+01
-7.697175638348436166e+01,5.380732549999937930e+01
-7.699673845244987547e+01,5.378234343103385129e+01
-7.702172052141540348e+01,5.375736136206833748e+01
-7.704670259038091729e+01,5.373237929310282368e+01
-7.707168465934643109e+01,5.370739722413730988e+01
-7.709666672831194489e+01,5.368241515517178186e+01
-7.712164879727747291e+01,5.365743308620626806e+01
-7.714663086624298671e+01,5.363245101724075425e+01
-7.717161293520850052e+01,5.360746894827522624e+01
-7.719659500417401432e+01,5.358248687930971244e+01
-7.722157707313954234e+01,5.355750481034421284e+01
-7.724655914210505614e+01,5.353252274137868483e+01
-7.724655914210505614e+01,5.349629874137868057e+01
-7.724655914210505614e+01,5.346007474137869053e+01
-7.724655914210505614e+01,5.342385074137868628e+01
-7.724655914210505614e+01,5.338762674137868203e+01
-7.724655914210505614e+01,5.335140274137867777e+01
-7.724655914210505614e+01,5.331517874137868773e+01
-7.724655914210505614e+01,5.327895474137868348e+01
-7.724655914210505614e+01,5.324273074137867923e+01
-7.724655914210505614e+01,5.320650674137867497e+01
-7.724655914210505614e+01,5.317028274137868493e+01
-7.724655914210505614e+01,5.313405874137868068e+01
-7.724655914210505614e+01,5.309783474137869064e+01
-7.724655914210505614e+01,5.306161074137868638e+01
-7.724655914210505614e+01,5.302538674137868213e+01
-7.724655914210505614e+01,5.298916274137867788e+01
-7.724655914210505614e+01,5.295293874137868784e+01
-7.724655914210505614e+01,5.291671474137868358e+01
-7.724655914210505614e+01,5.288049074137867933e+01
-7.724655914210505614e+01,5.284426674137867508e+01
-7.724655914210505614e+01,5.280804274137868504e+01
-7.724655914210505614e+01,5.277181874137868078e+01
-7.724655914210505614e+01,5.273559474137869074e+01
-7.724655914210505614e+01,5.269937074137868649e+01
-7.724655914210505614e+01,5.266314674137868224e+01
-7.724655914210505614e+01,5.262692274137867798e+01
-7.724655914210505614e+01,5.259069874137868794e+01
-7.724655914210505614e+01,5.255447474137868369e+01
-7.724655914210505614e+01,5.251825074137867944e+01
-7.724655914210505614e+01,5.248202674137867518e+01
-7.724655914210505614e+01,5.244580274137868514e+01
-7.724655914210505614e+01,5.240957874137868089e+01
-7.724655914210505614e+01,5.237335474137869085e+01
-7.724655914210505614e+01,5.233713074137868659e+01
-7.724655914210505614e+01,5.230090674137868234e+01
-7.724655914210505614e+01,5.226468274137867809e+01
-7.724655914210505614e+01,5.222845874137868805e+01
-7.724655914210505614e+01,5.219223474137868379e+01
-7.724655914210505614e+01,5.215601074137867954e+01
-7.724655914210505614e+01,5.211978674137867529e+01
-7.724655914210505614e+01,5.208356274137868525e+01
-7.724655914210505614e+01,5.204733874137868099e+01
-7.724655914210505614e+01,5.201111474137869095e+01
-7.724655914210505614e+01,5.197489074137868670e+01
-7.724655914210505614e+01,5.193866674137868245e+01
-7.724655914210505614e+01,5.190244274137867819e+01
-7.724655914210505614e+01,5.186621874137868815e+01
-7.724655914210505614e+01,5.182999474137868390e+01
-7.724655914210505614e+01,5.179377074137867965e+01
-7.724655914210505614e+01,5.175754674137867539e+01
-7.724655914210505614e+01,5.172132274137868535e+01
-7.724655914210505614e+01,5.168509874137868110e+01
-7.724655914210505614e+01,5.164887474137869106e+01
-7.724655914210505614e+01,5.161265074137868680e+01
-7.724655914210505614e+01,5.157642674137868255e+01
-7.724655914210505614e+01,5.154020274137867830e+01
-7.724655914210505614e+01,5.150397874137868826e+01
-7.724655914210505614e+01,5.146775474137868400e+01
-7.724655914210505614e+01,5.143153074137867975e+01
-7.724655914210505614e+01,5.139530674137867550e+01
-7.724655914210505614e+01,5.135908274137868545e+01
-7.723080957688766546e+01,5.132758361094390409e+01
-7.721506001167027478e+01,5.129608448050912273e+01
-7.719931044645288409e+01,5.126458535007434136e+01
-7.718356088123549341e+01,5.123308621963956000e+01
-7.716781131601810273e+01,5.120158708920476442e+01
-7.715206175080071205e+01,5.117008795876998306e+01
-7.713631218558330715e+01,5.113858882833520170e+01
-7.712056262036591647e+01,5.110708969790042033e+01
-7.710481305514852579e+01,5.107559056746563897e+01
-7.708906348993113511e+01,5.104409143703085761e+01
-7.707331392471374443e+01,5.101259230659607624e+01
-7.705756435949635375e+01,5.098109317616129488e+01
-7.704181479427896306e+01,5.094959404572651351e+01
-7.702606522906157238e+01,5.091809491529173215e+01
-7.701031566384418170e+01,5.088659578485695079e+01
-7.699456609862679102e+01,5.085509665442215521e+01
-7.697881653340940034e+01,5.082359752398737385e+01
-7.696306696819200965e+01,5.079209839355259248e+01
-7.694731740297461897e+01,5.076059926311781112e+01
-7.693156783775722829e+01,5.072910013268302976e+01
-7.691581827253983761e+01,5.069760100224824839e+01
-7.690006870732244693e+01,5.066610187181346703e+01
-7.688431914210505624e+01,5.063460274137868566e+01
-7.685906204118762730e+01,5.060868097991080106e+01
-7.683380494027019836e+01,5.058275921844290224e+01
-7.680854783935275520e+01,5.055683745697501763e+01
-7.678329073843532626e+01,5.053091569550713302e+01
-7.675803363751789732e+01,5.050499393403923420e+01
-7.673277653660046838e+01,5.047907217257134960e+01
-7.670751943568303943e+01,5.045315041110346499e+01
-7.668226233476559628e+01,5.042722864963556617e+01
-7.665700523384816734e+01,5.040130688816766735e+01
-7.663174813293073839e+01,5.037538512669978275e+01
-7.660649103201330945e+01,5.034946336523189814e+01
-7.658123393109588051e+01,5.032354160376399932e+01
-7.655597683017845156e+01,5.029761984229611471e+01
-7.653071972926102262e+01,5.027169808082823010e+01
-7.650546262834359368e+01,5.024577631936033129e+01
-7.648020552742615052e+01,5.021985455789244668e+01
-7.645494842650872158e+01,5.019393279642454786e+01
-7.642969132559129264e+01,5.016801103495666325e+01
-7.640443422467386370e+01,5.014208927348877864e+01
-7.637917712375643475e+01,5.011616751202087983e+01
-7.635392002283899160e+01,5.009024575055299522e+01
-7.632866292192156266e+01,5.006432398908511061e+01
-7.630340582100413371e+01,5.003840222761722600e+01
-7.627814872008670477e+01,5.001248046614931297e+01
-7.625289161916927583e+01,4.998655870468144258e+01
-7.622763451825184688e+01,4.996063694321355797e+01
-7.620237741733441794e+01,4.993471518174565915e+01
-7.617712031641697479e+01,4.990879342027776033e+01
-7.615186321549954584e+01,4.988287165880987573e+01
-7.612660611458211690e+01,4.985694989734199112e+01
-7.610134901366468796e+01,4.983102813587409230e+01
-7.607609191274725902e+01,4.980510637440620769e+01
-7.605083481182983007e+01,4.977918461293832308e+01
-7.602557771091238692e+01,4.975326285147042427e+01
-7.600032060999495798e+01,4.972734109000253966e+01
-7.597506350907752903e+01,4.970141932853464084e+01
-7.594980640816010009e+01,4.967549756706675623e+01
-7.592454930724267115e+01,4.964957580559887163e+01
-7.589929220632524220e+01,4.962365404413097281e+01
-7.587403510540781326e+01,4.959773228266308820e+01
-7.584877800449037011e+01,4.957181052119520359e+01
-7.582352090357294117e+01,4.954588875972730477e+01
-7.579826380265551222e+01,4.951996699825940595e+01
-7.577300670173808328e+01,4.949404523679153556e+01
-7.574774960082065434e+01,4.946812347532365095e+01
-7.572249249990322539e+01,4.944220171385573792e+01
-7.569723539898578224e+01,4.941627995238785331e+01
-7.567197829806835330e+01,4.939035819091996871e+01
-7.564672119715092435e+01,4.936443642945206989e+01
-7.562146409623349541e+01,4.933851466798418528e+01
-7.559620699531606647e+01,4.931259290651630067e+01
-7.557094989439863753e+01,4.928667114504841607e+01
-7.554569279348120858e+01,4.926074938358051725e+01
-7.552043569256376543e+01,4.923482762211263264e+01
-7.549517859164633649e+01,4.920890586064473382e+01
-7.546992149072890754e+01,4.918298409917684921e+01
-7.544466438981147860e+01,4.915706233770896461e+01
-7.541940728889404966e+01,4.913114057624106579e+01
-7.539415018797660650e+01,4.910521881477318118e+01
-7.536889308705917756e+01,4.907929705330529657e+01
-7.534363598614174862e+01,4.905337529183739775e+01
-7.531837888522431967e+01,4.902745353036949894e+01
-7.529312178430689073e+01,4.900153176890162854e+01
-7.526786468338946179e+01,4.897561000743372972e+01
-7.524260758247203285e+01,4.894968824596583090e+01
-7.521735048155458969e+01,4.892376648449794629e+01
-7.519209338063716075e+01,4.889784472303006169e+01
-7.516683627971973181e+01,4.887192296156216287e+01
-7.514157917880230286e+01,4.884600120009427826e+01
-7.511632207788487392e+01,4.882007943862639365e+01
-7.509106497696744498e+01,4.879415767715849483e+01
-7.506580787605000182e+01,4.876823591569061023e+01
-7.504055077513257288e+01,4.874231415422272562e+01
-7.501529367421514394e+01,4.871639239275482680e+01
-7.499003657329771499e+01,4.869047063128694219e+01
-7.496477947238028605e+01,4.866454886981905759e+01
-7.493952237146285711e+01,4.863862710835115877e+01
-7.491426527054542817e+01,4.861270534688327416e+01
-7.488900816962798501e+01,4.858678358541538955e+01
-7.486375106871055607e+01,4.856086182394749073e+01
-7.483849396779312713e+01,4.853494006247959192e+01
-7.481323686687569818e+01,4.850901830101172152e+01
-7.478797976595826924e+01,4.848309653954382270e+01
-7.476272266504082609e+01,4.845717477807592388e+01
-7.473746556412339714e+01,4.843125301660803927e+01
-7.471220846320596820e+01,4.840533125514015467e+01
-7.468695136228853926e+01,4.837940949367225585e+01
-7.466169426137111031e+01,4.835348773220437124e+01
-7.463643716045368137e+01,4.832756597073648663e+01
-7.461118005953625243e+01,4.830164420926858782e+01
-7.458592295861880928e+01,4.827572244780070321e+01
-7.456066585770138033e+01,4.824980068633281860e+01
-7.453540875678395139e+01,4.822387892486491978e+01
-7.451015165586652245e+01,4.819795716339703517e+01
-7.448489455494909350e+01,4.817203540192915057e+01
-7.445963745403166456e+01,4.814611364046125175e+01
-7.443438035311422141e+01,4.812019187899336714e+01
-7.440912325219679246e+01,4.809427011752548253e+01
-7.438386615127936352e+01,4.806834835605758371e+01
-7.435860905036193458e+01,4.804242659458968490e+01
-7.433335194944450564e+01,4.801650483312181450e+01
-7.430809484852707669e+01,4.799058307165391568e+01
-7.428283774760964775e+01,4.796466131018601686e+01
-7.425758064669220460e+01,4.793873954871813226e+01
-7.423232354577477565e+01,4.791281778725024765e+01
-7.420706644485734671e+01,4.788689602578234883e+01
-7.418180934393991777e+01,4.786097426431446422e+01
-7.415655224302248882e+01,4.783505250284657961e+01
-7.413129514210504567e+01,4.780913074137868080e+01
-7.410603804118761673e+01,4.778320897991079619e+01
-7.408078094027018778e+01,4.775728721844289737e+01
-7.405552383935275884e+01,4.773136545697501276e+01
-7.403026673843532990e+01,4.770544369550712815e+01
-7.400500963751790096e+01,4.767952193403922934e+01
-7.397975253660047201e+01,4.765360017257134473e+01
-7.395449543568304307e+01,4.762767841110346012e+01
-7.392923833476559992e+01,4.760175664963556130e+01
-7.390398123384817097e+01,4.757583488816766248e+01
-7.387872413293074203e+01,4.754991312669977788e+01
-7.385346703201331309e+01,4.752399136523190748e+01
-7.382820993109588414e+01,4.749806960376400866e+01
-7.380295283017844099e+01,4.747214784229610984e+01
-7.377769572926101205e+01,4.744622608082822524e+01
-7.375243862834358310e+01,4.742030431936034063e+01
-7.372718152742615416e+01,4.739438255789244181e+01
-7.370192442650872522e+01,4.736846079642455720e+01
-7.367666732559129628e+01,4.734253903495667259e+01
-7.365141022467386733e+01,4.731661727348877378e+01
-7.362615312375642418e+01,4.729069551202088917e+01
-7.360089602283899524e+01,4.726477375055299035e+01
-7.357563892192156629e+01,4.723885198908510574e+01
-7.355038182100413735e+01,4.721293022761722114e+01
-7.352512472008670841e+01,4.718700846614932232e+01
-7.349986761916926525e+01,4.716108670468143771e+01
-7.347461051825183631e+01,4.713516494321355310e+01
-7.344935341733440737e+01,4.710924318174565428e+01
-7.342409631641697842e+01,4.708332142027775546e+01
-7.339883921549954948e+01,4.705739965880987086e+01
-7.337358211458212054e+01,4.703147789734200046e+01
-7.334832501366469160e+01,4.700555613587408743e+01
-7.332306791274726265e+01,4.697963437440620282e+01
-7.329781081182981950e+01,4.695371261293831822e+01
-7.327255371091239056e+01,4.692779085147041940e+01
-7.324729660999496161e+01,4.690186909000253479e+01
-7.322203950907753267e+01,4.687594732853465018e+01
-7.319678240816010373e+01,4.685002556706676557e+01
-7.317152530724267478e+01,4.682410380559886676e+01
-7.314626820632523163e+01,4.679818204413098215e+01
-7.312101110540780269e+01,4.677226028266308333e+01
-7.309575400449037375e+01,4.674633852119519872e+01
-7.307049690357294480e+01,4.672041675972731412e+01
-7.304523980265551586e+01,4.669449499825941530e+01
-7.301998270173808692e+01,4.666857323679153069e+01
-7.299472560082065797e+01,4.664265147532364608e+01
-7.296946849990321482e+01,4.661672971385574726e+01
-7.294421139898578588e+01,4.659080795238784845e+01
-7.291895429806835693e+01,4.656488619091996384e+01
-7.289369719715092799e+01,4.653896442945207923e+01
-7.286844009623349905e+01,4.651304266798418041e+01
-7.284318299531605589e+01,4.648712090651629580e+01
-7.281792589439862695e+01,4.646119914504841120e+01
-7.279266879348119801e+01,4.643527738358051238e+01
-7.276741169256376907e+01,4.640935562211262777e+01
-7.274215459164634012e+01,4.638343386064474316e+01
-7.271689749072891118e+01,4.635751209917684434e+01
-7.269164038981148224e+01,4.633159033770895974e+01
-7.266638328889403908e+01,4.630566857624107513e+01
-7.264112618797661014e+01,4.627974681477317631e+01
-7.261586908705918120e+01,4.625382505330529170e+01
-7.259061198614175225e+01,4.622790329183740710e+01
-7.256535488522432331e+01,4.620198153036950828e+01
-7.254009778430689437e+01,4.617605976890162367e+01
-7.251484068338945121e+01,4.615013800743373906e+01
-7.248958358247202227e+01,4.612421624596584024e+01
-7.246432648155459333e+01,4.609829448449794143e+01
-7.243906938063716439e+01,4.607237272303005682e+01
-7.241381227971973544e+01,4.604645096156217221e+01
-7.238855517880230650e+01,4.602052920009427339e+01
-7.236329807788487756e+01,4.599460743862638878e+01
-7.233804097696743440e+01,4.596868567715850418e+01
-7.231278387605000546e+01,4.594276391569060536e+01
-7.228752677513257652e+01,4.591684215422272075e+01
-7.226226967421514757e+01,4.589092039275483614e+01
-7.223701257329771863e+01,4.586499863128693733e+01
-7.221175547238027548e+01,4.583907686981905272e+01
-7.218649837146284653e+01,4.581315510835116811e+01
-7.216124127054541759e+01,4.578723334688326929e+01
-7.213598416962798865e+01,4.576131158541538468e+01
-7.211072706871055971e+01,4.573538982394750008e+01
-7.208546996779313076e+01,4.570946806247960126e+01
-7.206021286687570182e+01,4.568354630101171665e+01
-7.203495576595825867e+01,4.565762453954383204e+01
-7.200969866504082972e+01,4.563170277807593322e+01
-7.198444156412340078e+01,4.560578101660803441e+01
-7.195918446320597184e+01,4.557985925514016401e+01
-7.193392736228854289e+01,4.555393749367226519e+01
-7.190867026137111395e+01,4.552801573220436637e+01
-7.188341316045367080e+01,4.550209397073648177e+01
-7.185815605953624186e+01,4.547617220926859716e+01
-7.183289895861881291e+01,4.545025044780069834e+01
-7.180764185770138397e+01,4.542432868633281373e+01
-7.178238475678395503e+01,4.539840692486492912e+01
-7.175712765586652608e+01,4.537248516339703031e+01
-7.173187055494909714e+01,4.534656340192914570e+01
-7.170661345403165399e+01,4.532064164046124688e+01
-7.168135635311422504e+01,4.529471987899336227e+01
-7.165609925219679610e+01,4.526879811752547766e+01
-7.163084215127936716e+01,4.524287635605757885e+01
-7.160558505036193822e+01,4.521695459458969424e+01
-7.158032794944450927e+01,4.519103283312180963e+01
-7.155507084852706612e+01,4.516511107165392502e+01
-7.152981374760963718e+01,4.513918931018601199e+01
-7.150455664669220823e+01,4.511326754871812739e+01
-7.147929954577477929e+01,4.508734578725025699e+01
-7.145404244485735035e+01,4.506142402578235817e+01
-7.142878534393992140e+01,4.503550226431445935e+01
-7.140352824302249246e+01,4.500958050284657475e+01
-7.137827114210504931e+01,4.498365874137869014e+01
-7.135301404118762036e+01,4.495773697991079132e+01
-7.132775694027019142e+01,4.493181521844290671e+01
-7.130249983935276248e+01,4.490589345697502210e+01
-7.127724273843533354e+01,4.487997169550712329e+01
-7.125198563751789038e+01,4.485404993403923868e+01
-7.122672853660046144e+01,4.482812817257133986e+01
-7.120147143568303250e+01,4.480220641110345525e+01
-7.117621433476560355e+01,4.477628464963557064e+01
-7.115095723384817461e+01,4.475036288816767183e+01
-7.112570013293074567e+01,4.472444112669978722e+01
-7.110044303201331672e+01,4.469851936523190261e+01
-7.107518593109588778e+01,4.467259760376400379e+01
-7.104992883017844463e+01,4.464667584229610497e+01
-7.102467172926101568e+01,4.462075408082822037e+01
-7.099941462834358674e+01,4.459483231936033576e+01
-7.097415752742615780e+01,4.456891055789243694e+01
-7.094890042650872886e+01,4.454298879642455233e+01
-7.092364332559128570e+01,4.451706703495666773e+01
-7.089838622467385676e+01,4.449114527348878312e+01
-7.087312912375642782e+01,4.446522351202088430e+01
-7.084787202283899887e+01,4.443930175055299969e+01
-7.082261492192156993e+01,4.441337998908511508e+01
-7.079735782100414099e+01,4.438745822761721627e+01
-7.077210072008671204e+01,4.436153646614933166e+01
-7.074684361916926889e+01,4.433561470468143284e+01
-7.072158651825183995e+01,4.430969294321354823e+01
-7.069632941733441100e+01,4.428377118174566363e+01
-7.067107231641698206e+01,4.425784942027776481e+01
-7.064581521549955312e+01,4.423192765880988020e+01
-7.062055811458210997e+01,4.420600589734199559e+01
-7.059530101366468102e+01,4.418008413587409677e+01
-7.057004391274725208e+01,4.415416237440619796e+01
-7.054478681182982314e+01,4.412824061293831335e+01
-7.051952971091239419e+01,4.410231885147042874e+01
-7.049427260999496525e+01,4.407639709000252992e+01
-7.046901550907753631e+01,4.405047532853464531e+01
-7.044375840816010736e+01,4.402455356706676071e+01
-7.041850130724266421e+01,4.399863180559886189e+01
-7.039324420632523527e+01,4.397271004413097728e+01
-7.036798710540780633e+01,4.394678828266307846e+01
-7.034273000449037738e+01,4.392086652119519385e+01
-7.031747290357294844e+01,4.389494475972730925e+01
-7.029221580265550529e+01,4.386902299825942464e+01
-7.026695870173807634e+01,4.384310123679152582e+01
-7.024170160082064740e+01,4.381717947532364121e+01
-7.021644449990321846e+01,4.379125771385575661e+01
-7.019118739898578951e+01,4.376533595238785779e+01
-7.016593029806836057e+01,4.373941419091997318e+01
-7.014067319715093163e+01,4.371349242945208857e+01
-7.011541609623348847e+01,4.368757066798418975e+01
-7.009015899531605953e+01,4.366164890651629094e+01
-7.006490189439863059e+01,4.363572714504840633e+01
-7.003964479348120165e+01,4.360980538358052172e+01
-7.001438769256377270e+01,4.358388362211262290e+01
-6.998913059164634376e+01,4.355796186064473829e+01
-6.996387349072890061e+01,4.353204009917685369e+01
-6.993861638981147166e+01,4.350611833770895487e+01
-6.991335928889404272e+01,4.348019657624107026e+01
-6.988810218797661378e+01,4.345427481477317144e+01
-6.986284508705918483e+01,4.342835305330528683e+01
-6.983758798614175589e+01,4.340243129183740223e+01
-6.981233088522432695e+01,4.337650953036951762e+01
-6.978707378430688379e+01,4.335058776890161880e+01
-6.976181668338945485e+01,4.332466600743373419e+01
-6.973655958247202591e+01,4.329874424596584959e+01
-6.971130248155459697e+01,4.327282248449795077e+01
-6.968604538063716802e+01,4.324690072303006616e+01
-6.966078827971972487e+01,4.322097896156218155e+01
-6.963553117880229593e+01,4.319505720009428273e+01
-6.961027407788486698e+01,4.316913543862638392e+01
-6.958501697696743804e+01,4.314321367715849931e+01
-6.955975987605000910e+01,4.311729191569061470e+01
-6.953450277513258015e+01,4.309137015422271588e+01
-6.950924567421515121e+01,4.306544839275483127e+01
-6.948398857329772227e+01,4.303952663128694667e+01
-6.945873147238027911e+01,4.301360486981904785e+01
-6.943347437146285017e+01,4.298768310835116324e+01
-6.940821727054542123e+01,4.296176134688326442e+01
-6.938296016962799229e+01,4.293583958541537982e+01
-6.935770306871056334e+01,4.290991782394749521e+01
-6.933244596779312019e+01,4.288399606247959639e+01
-6.930718886687569125e+01,4.285807430101171178e+01
-6.928193176595826230e+01,4.283215253954382717e+01
-6.925667466504083336e+01,4.280623077807592836e+01
-6.923141756412340442e+01,4.278030901660802954e+01
-6.920616046320597547e+01,4.275438725514015914e+01
-6.918090336228854653e+01,4.272846549367226032e+01
-6.915564626137110338e+01,4.270254373220436150e+01
-6.913038916045367444e+01,4.267662197073647690e+01
-6.910513205953624549e+01,4.265070020926859229e+01
-6.907987495861881655e+01,4.262477844780070768e+01
-6.905461785770138761e+01,4.259885668633280886e+01
-6.902936075678394445e+01,4.257293492486492426e+01
-6.900410365586651551e+01,4.254701316339703965e+01
-6.897884655494908657e+01,4.252109140192914083e+01
-6.895358945403165762e+01,4.249516964046125622e+01
-6.892833235311422868e+01,4.246924787899335740e+01
-6.890307525219679974e+01,4.244332611752547280e+01
-6.887781815127937080e+01,4.241740435605758819e+01
-6.885256105036194185e+01,4.239148259458968937e+01
-6.882730394944449870e+01,4.236556083312180476e+01
-6.880204684852706976e+01,4.233963907165392015e+01
-6.877678974760964081e+01,4.231371731018602134e+01
-6.875153264669221187e+01,4.228779554871812252e+01
-6.872627554577478293e+01,4.226187378725025212e+01
-6.870101844485733977e+01,4.223595202578235330e+01
-6.867576134393991083e+01,4.221003026431445448e+01
-6.865050424302248189e+01,4.218410850284656988e+01
-6.862524714210505294e+01,4.215818674137868527e+01
-6.859999004118762400e+01,4.213226497991078645e+01
-6.857473294027019506e+01,4.210634321844290184e+01
-6.854947583935276612e+01,4.208042145697501724e+01
-6.852421873843532296e+01,4.205449969550711842e+01
-6.849896163751789402e+01,4.202857793403923381e+01
-6.847370453660046508e+01,4.200265617257134920e+01
-6.844844743568303613e+01,4.197673441110345038e+01
-6.842319033476560719e+01,4.195081264963556578e+01
-6.839793323384817825e+01,4.192489088816768117e+01
-6.837267613293073509e+01,4.189896912669978235e+01
-6.834741903201330615e+01,4.187304736523189774e+01
-6.832216193109587721e+01,4.184712560376401314e+01
-6.829690483017844826e+01,4.182120384229611432e+01
-6.827164772926101932e+01,4.179528208082821550e+01
-6.824639062834359038e+01,4.176936031936034510e+01
-6.822113352742616144e+01,4.174343855789244628e+01
-6.819587642650871828e+01,4.171751679642454746e+01
-6.817061932559128934e+01,4.169159503495666286e+01
-6.814536222467386040e+01,4.166567327348877825e+01
-6.812010512375643145e+01,4.163975151202087943e+01
-6.809484802283900251e+01,4.161382975055299482e+01
-6.806959092192155936e+01,4.158790798908511022e+01
-6.804433382100413041e+01,4.156198622761721140e+01
-6.801907672008670147e+01,4.153606446614932679e+01
-6.799381961916927253e+01,4.151014270468142797e+01
-6.796856251825184358e+01,4.148422094321354336e+01
-6.794330541733441464e+01,4.145829918174565876e+01
-6.791804831641698570e+01,4.143237742027777415e+01
-6.789279121549955676e+01,4.140645565880987533e+01
-6.786753411458211360e+01,4.138053389734199072e+01
-6.784227701366468466e+01,4.135461213587410612e+01
-6.781701991274725572e+01,4.132869037440620730e+01
-6.779176281182982677e+01,4.130276861293830848e+01
-6.776650571091238362e+01,4.127684685147043808e+01
-6.774124860999495468e+01,4.125092509000253926e+01
-6.771599150907752573e+01,4.122500332853464045e+01
-6.769073440816009679e+01,4.119908156706675584e+01
-6.766547730724266785e+01,4.117315980559887123e+01
-6.764022020632523891e+01,4.114723804413097241e+01
-6.761496310540780996e+01,4.112131628266308780e+01
-6.758970600449038102e+01,4.109539452119520320e+01
-6.756444890357293787e+01,4.106947275972730438e+01
-6.753919180265550892e+01,4.104355099825941977e+01
-6.751393470173807998e+01,4.101762923679152095e+01
-6.748867760082065104e+01,4.099170747532363634e+01
-6.746342049990322209e+01,4.096578571385575174e+01
-6.743816339898577894e+01,4.093986395238785292e+01
-6.741290629806835000e+01,4.091394219091996831e+01
-6.738764919715092105e+01,4.088802042945208370e+01
-6.736239209623349211e+01,4.086209866798418489e+01
-6.733713499531606317e+01,4.083617690651630028e+01
-6.731187789439863423e+01,4.081025514504840146e+01
-6.728662079348120528e+01,4.078433338358051685e+01
-6.726136369256377634e+01,4.075841162211263224e+01
-6.723610659164634740e+01,4.073248986064473343e+01
-6.721084949072890424e+01,4.070656809917684882e+01
-6.718559238981147530e+01,4.068064633770896421e+01
-6.716033528889404636e+01,4.065472457624106539e+01
-6.713507818797661741e+01,4.062880281477318078e+01
-6.710982108705917426e+01,4.060288105330529618e+01
-6.708456398614174532e+01,4.057695929183739736e+01
-6.705930688522431637e+01,4.055103753036951275e+01
-6.703404978430688743e+01,4.052511576890161393e+01
-6.700879268338945849e+01,4.049919400743372933e+01
-6.698353558247202955e+01,4.047327224596584472e+01
-6.695827848155460060e+01,4.044735048449794590e+01
-6.693302138063717166e+01,4.042142872303006129e+01
-6.690776427971974272e+01,4.039550696156217668e+01
-6.688250717880229956e+01,4.036958520009427787e+01
-6.685725007788487062e+01,4.034366343862637905e+01
-6.683199297696744168e+01,4.031774167715850865e+01
-6.680673587604999852e+01,4.029181991569060983e+01
-6.678147877513256958e+01,4.026589815422271101e+01
-6.675622167421514064e+01,4.023997639275482641e+01
-6.673096457329771169e+01,4.021405463128694180e+01
-6.670570747238028275e+01,4.018813286981905719e+01
-6.668045037146285381e+01,4.016221110835115837e+01
-6.665519327054542487e+01,4.013628934688327377e+01
-6.662993616962799592e+01,4.011036758541538916e+01
-6.660467906871056698e+01,4.008444582394749034e+01
-6.657942196779312383e+01,4.005852406247960573e+01
-6.655416486687569488e+01,4.003260230101170691e+01
-6.652890776595826594e+01,4.000668053954382231e+01
-6.650365066504083700e+01,3.998075877807593770e+01
-6.647839356412339384e+01,3.995483701660803888e+01
-6.645313646320596490e+01,3.992891525514015427e+01
-6.642787936228853596e+01,3.990299349367226966e+01
-6.640262226137110702e+01,3.987707173220437085e+01
-6.637736516045367807e+01,3.985114997073647203e+01
-6.635210805953624913e+01,3.982522820926860163e+01
-6.632685095861882019e+01,3.979930644780070281e+01
-6.630159385770139124e+01,3.977338468633280399e+01
-6.627633675678396230e+01,3.974746292486491939e+01
-6.625107965586653336e+01,3.972154116339703478e+01
-6.622582255494909020e+01,3.969561940192913596e+01
-6.620056545403166126e+01,3.966969764046125135e+01
-6.617530835311423232e+01,3.964377587899336675e+01
-6.615005125219678916e+01,3.961785411752546793e+01
-6.612479415127936022e+01,3.959193235605758332e+01
-6.609953705036193128e+01,3.956601059458969871e+01
-6.607427994944450234e+01,3.954008883312179989e+01
-6.604902284852707339e+01,3.951416707165391529e+01
-6.602376574760964445e+01,3.948824531018603068e+01
-6.599850864669221551e+01,3.946232354871813186e+01
-6.597325154577478656e+01,3.943640178725024725e+01
-6.594799444485734341e+01,3.941048002578236265e+01
-6.592273734393991447e+01,3.938455826431446383e+01
-6.589748024302248552e+01,3.935863650284656501e+01
-6.587222314210505658e+01,3.933271474137869461e+01
-6.584696604118762764e+01,3.930679297991079579e+01
-6.582170894027018448e+01,3.928087121844289697e+01
-6.579645183935275554e+01,3.925494945697501237e+01
-6.577119473843532660e+01,3.922902769550712776e+01
-6.574593763751789766e+01,3.920310593403922894e+01
-6.572068053660046871e+01,3.917718417257134433e+01
-6.569542343568303977e+01,3.915126241110345973e+01
-6.567016633476561083e+01,3.912534064963556091e+01
-6.564490923384818188e+01,3.909941888816767630e+01
-6.561965213293073873e+01,3.907349712669977748e+01
-6.559439503201330979e+01,3.904757536523189287e+01
-6.556913793109588084e+01,3.902165360376400827e+01
-6.554388083017845190e+01,3.899573184229610945e+01
-6.551862372926102296e+01,3.896981008082822484e+01
-6.549336662834357981e+01,3.894388831936034023e+01
-6.546810952742615086e+01,3.891796655789245563e+01
-6.544285242650872192e+01,3.889204479642455681e+01
-6.541759532559129298e+01,3.886612303495665799e+01
-6.539233822467386403e+01,3.884020127348878759e+01
-6.536708112375643509e+01,3.881427951202088877e+01
-6.534182402283900615e+01,3.878835775055298996e+01
-6.531656692192156299e+01,3.876243598908510535e+01
-6.529130982100413405e+01,3.873651422761722074e+01
-6.526605272008670511e+01,3.871059246614932192e+01
-6.524079561916927616e+01,3.868467070468143731e+01
-6.521553851825184722e+01,3.865874894321355271e+01
-6.519028141733440407e+01,3.863282718174565389e+01
-6.516502431641697513e+01,3.860690542027776928e+01
-6.513976721549954618e+01,3.858098365880987046e+01
-6.511451011458211724e+01,3.855506189734198585e+01
-6.508925301366468830e+01,3.852914013587410125e+01
-6.506399591274725935e+01,3.850321837440620243e+01
-6.503873881182983041e+01,3.847729661293831782e+01
-6.501348171091240147e+01,3.845137485147043321e+01
-6.498822460999497252e+01,3.842545309000254861e+01
-6.496296750907752937e+01,3.839953132853464979e+01
-6.493771040816010043e+01,3.837360956706675097e+01
-6.491245330724267149e+01,3.834768780559888057e+01
-6.488719620632524254e+01,3.832176604413098175e+01
-6.486193910540779939e+01,3.829584428266308294e+01
-6.483668200449037045e+01,3.826992252119519833e+01
-6.481142490357294150e+01,3.824400075972731372e+01
-6.478616780265551256e+01,3.821807899825941490e+01
-6.476091070173808362e+01,3.819215723679153029e+01
-6.473565360082065467e+01,3.816623547532364569e+01
-6.471039649990322573e+01,3.814031371385574687e+01
-6.468513939898578258e+01,3.811439195238786226e+01
-6.465988229806835363e+01,3.808847019091996344e+01
-6.463462519715092469e+01,3.806254842945207884e+01
-6.460936809623349575e+01,3.803662666798419423e+01
-6.458411099531606681e+01,3.801070490651629541e+01
-6.455885389439863786e+01,3.798478314504841080e+01
-6.453359679348119471e+01,3.795886138358052619e+01
-6.450833969256376577e+01,3.793293962211262738e+01
-6.448308259164633682e+01,3.790701786064474277e+01
-6.445782549072890788e+01,3.788109609917684395e+01
-6.443256838981147894e+01,3.785517433770895934e+01
-6.440731128889404999e+01,3.782925257624107473e+01
-6.438205418797662105e+01,3.780333081477317592e+01
-6.435679708705917790e+01,3.777740905330529131e+01
-6.433153998614174895e+01,3.775148729183740670e+01
-6.430628288522432001e+01,3.772556553036950788e+01
-6.428102578430689107e+01,3.769964376890162328e+01
-6.425576868338946213e+01,3.767372200743373867e+01
-6.423051158247203318e+01,3.764780024596583985e+01
-6.420525448155459003e+01,3.762187848449795524e+01
-6.417999738063716109e+01,3.759595672303005642e+01
-6.415474027971973214e+01,3.757003496156217182e+01
-6.412948317880230320e+01,3.754411320009428721e+01
-6.410422607788487426e+01,3.751819143862638839e+01
-6.407896897696744531e+01,3.749226967715850378e+01
-6.405371187605001637e+01,3.746634791569061917e+01
-6.402845477513257322e+01,3.744042615422272036e+01
-6.400319767421514427e+01,3.741450439275482154e+01
-6.397794057329771533e+01,3.738858263128693693e+01
-6.395268347238028639e+01,3.736266086981905232e+01
-6.392742637146285745e+01,3.733673910835115350e+01
-6.390216927054542140e+01,3.731081734688326890e+01
-6.387691216962798535e+01,3.728489558541538429e+01
-6.385165506871055641e+01,3.725897382394748547e+01
-6.382639796779312746e+01,3.723305206247960086e+01
-6.380114086687569852e+01,3.720713030101170204e+01
-6.377588376595826958e+01,3.718120853954383165e+01
-6.375062666504083353e+01,3.715528677807593283e+01
-6.372536956412340459e+01,3.712936501660804822e+01
-6.370011246320596854e+01,3.710344325514014940e+01
-6.367485536228853960e+01,3.707752149367226480e+01
-6.364959826137111065e+01,3.705159973220438019e+01
-6.362434116045368171e+01,3.702567797073648137e+01
-6.359908405953624566e+01,3.699975620926859676e+01
-6.357382695861881672e+01,3.697383444780071216e+01
-6.354856985770138067e+01,3.694791268633281334e+01
-6.352331275678395173e+01,3.692199092486491452e+01
-6.349805565586652278e+01,3.689606916339702991e+01
-6.347279855494909384e+01,3.687014740192914530e+01
-6.344754145403166490e+01,3.684422564046124648e+01
-6.342228435311422885e+01,3.681830387899336188e+01
-6.339702725219679280e+01,3.679238211752547727e+01
-6.337177015127936386e+01,3.676646035605757845e+01
-6.334651305036193492e+01,3.674053859458969384e+01
-6.332125594944450597e+01,3.671461683312179503e+01
-6.329599884852707703e+01,3.668869507165391042e+01
-6.327074174760964098e+01,3.666277331018602581e+01
-6.324548464669220493e+01,3.663685154871812699e+01
-6.322022754577477599e+01,3.661092978725024238e+01
-6.319497044485734705e+01,3.658500802578235778e+01
-6.316971334393991810e+01,3.655908626431445896e+01
-6.314445624302248916e+01,3.653316450284657435e+01
-6.311919914210505311e+01,3.650724274137868974e+01
-6.311919914210505311e+01,3.647101874137868549e+01
-6.311919914210505311e+01,3.643479474137868124e+01
-6.311919914210505311e+01,3.639857074137867698e+01
-6.311919914210505311e+01,3.636234674137868694e+01
-6.311919914210505311e+01,3.632612274137868269e+01
-6.311919914210505311e+01,3.628989874137869265e+01
-6.311919914210505311e+01,3.625367474137868840e+01
-6.311919914210505311e+01,3.621745074137868414e+01
-6.311919914210505311e+01,3.618122674137867989e+01
-6.311919914210505311e+01,3.614500274137868985e+01
-6.309804644137512497e+01,3.611591777787502622e+01
-6.307689374064520393e+01,3.608683281437139101e+01
-6.305574103991527579e+01,3.605774785086774159e+01
-6.303458833918534765e+01,3.602866288736409217e+01
-6.301343563845541951e+01,3.599957792386042854e+01
-6.299228293772549137e+01,3.597049296035677912e+01
-6.297113023699556322e+01,3.594140799685312970e+01
-6.294997753626563508e+01,3.591232303334949449e+01
-6.292882483553570694e+01,3.588323806984583086e+01
-6.290767213480578590e+01,3.585415310634218145e+01
-6.288651943407585776e+01,3.582506814283854624e+01
-6.286536673334592962e+01,3.579598317933489682e+01
-6.284421403261600148e+01,3.576689821583124740e+01
-6.282306133188608044e+01,3.573781325232758377e+01
-6.280190863115615230e+01,3.570872828882393435e+01
-6.278075593042622415e+01,3.567964332532028493e+01
-6.275960322969629601e+01,3.565055836181664972e+01
-6.273845052896636787e+01,3.562147339831298609e+01
-6.271729782823643973e+01,3.559238843480933667e+01
-6.269614512750651159e+01,3.556330347130568725e+01
-6.267499242677658344e+01,3.553421850780203783e+01
-6.265383972604665530e+01,3.550513354429838841e+01
-6.263268702531672716e+01,3.547604858079473900e+01
-6.261153432458680612e+01,3.544696361729108958e+01
-6.259038162385687798e+01,3.541787865378744016e+01
-6.256922892312695694e+01,3.538879369028380495e+01
-6.254807622239702880e+01,3.535970872678014132e+01
-6.252692352166710066e+01,3.533062376327649190e+01
-6.250577082093717252e+01,3.530153879977284248e+01
-6.248461812020724437e+01,3.527245383626919306e+01
-6.246346541947731623e+01,3.524336887276554364e+01
-6.244231271874738809e+01,3.521428390926189422e+01
-6.242116001801745995e+01,3.518519894575824480e+01
-6.240000731728753181e+01,3.515611398225459538e+01
-6.237885461655760366e+01,3.512702901875096018e+01
-6.235770191582768263e+01,3.509794405524729655e+01
-6.233654921509775448e+01,3.506885909174364713e+01
-6.231539651436782634e+01,3.503977412823999771e+01
-6.229424381363789820e+01,3.501068916473634829e+01
-6.227309111290797716e+01,3.498160420123269887e+01
-6.225193841217804902e+01,3.495251923772904945e+01
-6.223078571144812088e+01,3.492343427422540003e+01
-6.220963301071819274e+01,3.489434931072175061e+01
-6.218848030998826459e+01,3.486526434721810119e+01
-6.216732760925833645e+01,3.483617938371445177e+01
-6.214617490852840831e+01,3.480709442021080235e+01
-6.212502220779848017e+01,3.477800945670713872e+01
-6.210386950706855913e+01,3.474892449320350352e+01
-6.208271680633863099e+01,3.471983952969985410e+01
-6.206156410560870285e+01,3.469075456619620468e+01
-6.204041140487878181e+01,3.466166960269255526e+01
-6.201925870414885367e+01,3.463258463918890584e+01
-6.199810600341892552e+01,3.460349967568525642e+01
-6.197695330268899738e+01,3.457441471218160700e+01
-6.195580060195906924e+01,3.454532974867795758e+01
-6.193464790122914110e+01,3.451624478517429395e+01
-6.191349520049921296e+01,3.448715982167065874e+01
-6.189234249976928481e+01,3.445807485816700932e+01
-6.187118979903935667e+01,3.442898989466335991e+01
-6.185003709830942853e+01,3.439990493115969628e+01
-6.182888439757950039e+01,3.437081996765604686e+01
-6.180773169684957935e+01,3.434173500415241165e+01
-6.178657899611965121e+01,3.431265004064876223e+01
-6.176542629538972307e+01,3.428356507714511281e+01
-6.174427359465980203e+01,3.425448011364144918e+01
-6.172312089392987389e+01,3.422539515013781397e+01
-6.170196819319994574e+01,3.419631018663416455e+01
-6.168081549247001760e+01,3.416722522313051513e+01
-6.165966279174008946e+01,3.413814025962685150e+01
-6.163851009101016132e+01,3.410905529612320208e+01
-6.161735739028023318e+01,3.407997033261955266e+01
-6.159620468955030503e+01,3.405088536911591746e+01
-6.157505198882037689e+01,3.402180040561225383e+01
-6.155389928809045585e+01,3.399271544210860441e+01
-6.153274658736053482e+01,3.396363047860496920e+01
-6.151159388663060668e+01,3.393454551510131978e+01
-6.149044118590067853e+01,3.390546055159767036e+01
-6.146928848517075039e+01,3.387637558809400673e+01
-6.144813578444082225e+01,3.384729062459035731e+01
-6.142698308371089411e+01,3.381820566108670789e+01
-6.140583038298096596e+01,3.378912069758307268e+01
-6.138467768225103782e+01,3.376003573407940905e+01
-6.136352498152110968e+01,3.373095077057575963e+01
-6.134237228079118154e+01,3.370186580707211021e+01
-6.132121958006125340e+01,3.367278084356846080e+01
-6.130006687933133236e+01,3.364369588006481138e+01
-6.127891417860140422e+01,3.361461091656116196e+01
-6.125776147787147607e+01,3.358552595305751254e+01
-6.123660877714154793e+01,3.355644098955386312e+01
-6.121545607641161979e+01,3.352735602605022791e+01
-6.119430337568169875e+01,3.349827106254656428e+01
-6.117315067495177061e+01,3.346918609904291486e+01
-6.115199797422184247e+01,3.344010113553926544e+01
-6.113084527349191433e+01,3.341101617203561602e+01
-6.110969257276198618e+01,3.338193120853196660e+01
-6.108853987203205804e+01,3.335284624502831718e+01
-6.106738717130213701e+01,3.332376128152466777e+01
-6.104623447057220886e+01,3.329467631802101835e+01
-6.102508176984228072e+01,3.326559135451738314e+01
-6.100392906911235258e+01,3.323650639101371951e+01
-6.098277636838243154e+01,3.320742142751007009e+01
-6.096162366765250340e+01,3.317833646400642067e+01
-6.094047096692257526e+01,3.314925150050277125e+01
-6.091931826619264712e+01,3.312016653699912183e+01
-6.089816556546271897e+01,3.309108157349547241e+01
-6.087701286473279083e+01,3.306199660999182299e+01
-6.085586016400286269e+01,3.303291164648817357e+01
-6.083470746327293455e+01,3.300382668298452415e+01
-6.081355476254300640e+01,3.297474171948087474e+01
-6.079240206181307826e+01,3.294565675597722532e+01
-6.077124936108315012e+01,3.291657179247357590e+01
-6.075009666035322198e+01,3.288748682896992648e+01
-6.072894395962330805e+01,3.285840186546627706e+01
-6.070779125889337990e+01,3.282931690196262764e+01
-6.068663855816345176e+01,3.280023193845897822e+01
-6.066548585743352362e+01,3.277114697495532880e+01
-6.064433315670359548e+01,3.274206201145167938e+01
-6.062318045597366734e+01,3.271297704794802996e+01
-6.060202775524373919e+01,3.268389208444438054e+01
-6.058087505451381105e+01,3.265480712094073112e+01
-6.055972235378388291e+01,3.262572215743708171e+01
-6.053856965305395477e+01,3.259663719393341808e+01
-6.051741695232402662e+01,3.256755223042978287e+01
-6.049626425159410559e+01,3.253846726692611924e+01
-6.047511155086417745e+01,3.250938230342248403e+01
-6.045395885013424930e+01,3.248029733991883461e+01
-6.043280614940432116e+01,3.245121237641518519e+01
-6.041165344867439302e+01,3.242212741291153577e+01
-6.039050074794447198e+01,3.239304244940787214e+01
-6.036934804721454384e+01,3.236395748590423693e+01
-6.034819534648461570e+01,3.233487252240057330e+01
-6.032704264575468756e+01,3.230578755889693809e+01
-6.030588994502475941e+01,3.227670259539327446e+01
-6.028473724429483127e+01,3.224761763188963926e+01
-6.026358454356491023e+01,3.221853266838597563e+01
-6.024243184283498209e+01,3.218944770488234042e+01
-6.022127914210505395e+01,3.216036274137867679e+01
-6.020517958654949098e+01,3.212816363026756505e+01
-6.018908003099394222e+01,3.209596451915646753e+01
-6.017298047543837924e+01,3.206376540804534159e+01
-6.015688091988283048e+01,3.203156629693424406e+01
-6.014078136432727462e+01,3.199936718582311812e+01
-6.012468180877171875e+01,3.196716807471202060e+01
-6.010858225321616288e+01,3.193496896360089465e+01
-6.009248269766061412e+01,3.190276985248979713e+01
-6.007638314210505115e+01,3.187057074137868540e+01
-6.006028358654950239e+01,3.183837163026757366e+01
-6.004418403099393942e+01,3.180617251915646193e+01
-6.002808447543839065e+01,3.177397340804535020e+01
-6.001198491988282768e+01,3.174177429693423846e+01
-5.999588536432727892e+01,3.170957518582312673e+01
-5.997978580877172305e+01,3.167737607471201500e+01
-5.996368625321616719e+01,3.164517696360090326e+01
-5.994758669766061132e+01,3.161297785248979153e+01
-5.993148714210505545e+01,3.158077874137867980e+01
-5.991538758654949959e+01,3.154857963026756806e+01
-5.989928803099394372e+01,3.151638051915647054e+01
-5.988318847543838785e+01,3.148418140804534460e+01
-5.986708891988283199e+01,3.145198229693424707e+01
-5.985098936432727612e+01,3.141978318582312113e+01
-5.983488980877172025e+01,3.138758407471202361e+01
-5.981879025321616439e+01,3.135538496360089766e+01
-5.980269069766060852e+01,3.132318585248980014e+01
-5.978659114210505265e+01,3.129098674137868841e+01
-5.977049158654949679e+01,3.125878763026757667e+01
-5.975439203099394092e+01,3.122658851915646494e+01
-5.973829247543838505e+01,3.119438940804535321e+01
-5.972219291988282919e+01,3.116219029693424147e+01
-5.970609336432727332e+01,3.112999118582312974e+01
-5.968999380877171745e+01,3.109779207471201801e+01
-5.967389425321616159e+01,3.106559296360090627e+01
-5.965779469766060572e+01,3.103339385248979454e+01
-5.964169514210505696e+01,3.100119474137868281e+01
-5.962559558654949399e+01,3.096899563026757107e+01
-5.960949603099394523e+01,3.093679651915645934e+01
-5.959339647543838225e+01,3.090459740804534761e+01
-5.957729691988283349e+01,3.087239829693425008e+01
-5.956119736432727052e+01,3.084019918582312414e+01
-5.954509780877172176e+01,3.080800007471202662e+01
-5.952899825321616589e+01,3.077580096360090067e+01
-5.951289869766061003e+01,3.074360185248980315e+01
-5.949679914210505416e+01,3.071140274137867721e+01
-5.948069958654949119e+01,3.067920363026756547e+01
-5.946460003099394243e+01,3.064700451915646795e+01
-5.944850047543837945e+01,3.061480540804534201e+01
-5.943240091988283069e+01,3.058260629693424448e+01
-5.941630136432727483e+01,3.055040718582311854e+01
-5.940020180877171896e+01,3.051820807471202102e+01
-5.938410225321616309e+01,3.048600896360089507e+01
-5.936800269766061433e+01,3.045380985248979755e+01
-5.935190314210505136e+01,3.042161074137868582e+01
-5.933580358654950260e+01,3.038941163026757408e+01
-5.931970403099393963e+01,3.035721251915646235e+01
-5.930360447543839086e+01,3.032501340804535062e+01
-5.928750491988282789e+01,3.029281429693423888e+01
-5.927140536432727913e+01,3.026061518582312715e+01
-5.925530580877172326e+01,3.022841607471201542e+01
-5.923920625321616740e+01,3.019621696360090368e+01
-5.922310669766061153e+01,3.016401785248979195e+01
-5.920700714210505566e+01,3.013181874137868022e+01
-5.919090758654949980e+01,3.009961963026756848e+01
-5.917480803099394393e+01,3.006742051915645675e+01
-5.915870847543838806e+01,3.003522140804534502e+01
-5.914260891988283220e+01,3.000302229693424749e+01
-5.912650936432727633e+01,2.997082318582312155e+01
-5.911040980877172046e+01,2.993862407471202403e+01
-5.909431025321616460e+01,2.990642496360089808e+01
-5.907821069766060873e+01,2.987422585248980056e+01
-5.906211114210505286e+01,2.984202674137867461e+01
-5.904601158654949700e+01,2.980982763026757709e+01
-5.902991203099394113e+01,2.977762851915646536e+01
-5.901381247543838526e+01,2.974542940804535363e+01
-5.899771291988282940e+01,2.971323029693424189e+01
-5.898161336432727353e+01,2.968103118582313016e+01
-5.896551380877171766e+01,2.964883207471201843e+01
-5.894941425321616180e+01,2.961663296360090669e+01
-5.893331469766060593e+01,2.958443385248979496e+01
-5.891721514210505717e+01,2.955223474137868322e+01
-5.890111558654949420e+01,2.952003563026757149e+01
-5.888501603099394544e+01,2.948783651915645976e+01
-5.886891647543838246e+01,2.945563740804534802e+01
-5.885281691988283370e+01,2.942343829693425050e+01
-5.883671736432727073e+01,2.939123918582312456e+01
-5.882061780877172197e+01,2.935904007471202704e+01
-5.880451825321616610e+01,2.932684096360090109e+01
-5.878841869766061023e+01,2.929464185248980357e+01
-5.877231914210505437e+01,2.926244274137867762e+01
-5.877231914210505437e+01,2.922621874137868758e+01
-5.877231914210505437e+01,2.918999474137868333e+01
-5.877231914210505437e+01,2.915377074137867908e+01
-5.877231914210505437e+01,2.911754674137867482e+01
-5.877231914210505437e+01,2.908132274137868478e+01
-5.877231914210505437e+01,2.904509874137868053e+01
-5.877231914210505437e+01,2.900887474137869049e+01
-5.877231914210505437e+01,2.897265074137868623e+01
-5.877231914210505437e+01,2.893642674137868198e+01
-5.877231914210505437e+01,2.890020274137867773e+01
-5.877231914210505437e+01,2.886397874137868769e+01
-5.877231914210505437e+01,2.882775474137868343e+01
-5.877231914210505437e+01,2.879153074137867918e+01
-5.877231914210505437e+01,2.875530674137867493e+01
-5.877231914210505437e+01,2.871908274137868489e+01
-5.877231914210505437e+01,2.868285874137868063e+01
-5.877231914210505437e+01,2.864663474137869059e+01
-5.877231914210505437e+01,2.861041074137868634e+01
-5.877231914210505437e+01,2.857418674137868209e+01
-5.877231914210505437e+01,2.853796274137867783e+01
-5.875473467608563283e+01,2.850631070254372901e+01
-5.873715021006621839e+01,2.847465866370878018e+01
-5.871956574404680396e+01,2.844300662487383136e+01
-5.870198127802738242e+01,2.841135458603888253e+01
-5.868439681200796798e+01,2.837970254720391949e+01
-5.866681234598854644e+01,2.834805050836897067e+01
-5.864922787996913200e+01,2.831639846953402184e+01
-5.863164341394971757e+01,2.828474643069907302e+01
-5.861405894793029603e+01,2.825309439186412419e+01
-5.859647448191087449e+01,2.822144235302916115e+01
-5.857889001589146005e+01,2.818979031419422654e+01
-5.856130554987204562e+01,2.815813827535926350e+01
-5.854372108385263118e+01,2.812648623652431468e+01
-5.852613661783320254e+01,2.809483419768936585e+01
-5.850855215181378810e+01,2.806318215885441703e+01
-5.849096768579437366e+01,2.803153012001946820e+01
-5.847338321977495923e+01,2.799987808118450516e+01
-5.845579875375554479e+01,2.796822604234955634e+01
-5.843821428773611615e+01,2.793657400351460751e+01
-5.842062982171670171e+01,2.790492196467965869e+01
-5.840304535569728728e+01,2.787326992584470986e+01
-5.838546088967787284e+01,2.784161788700974682e+01
-5.836787642365845841e+01,2.780996584817479800e+01
-5.835029195763902976e+01,2.777831380933984917e+01
-5.833270749161961533e+01,2.774666177050490035e+01
-5.831512302560020089e+01,2.771500973166995152e+01
-5.829753855958078645e+01,2.768335769283498848e+01
-5.827995409356136491e+01,2.765170565400004676e+01
-5.826236962754194337e+01,2.762005361516509083e+01
-5.824478516152252894e+01,2.758840157633014201e+01
-5.822720069550311450e+01,2.755674953749518608e+01
-5.820961622948369296e+01,2.752509749866023014e+01
-5.819203176346427853e+01,2.749344545982528842e+01
-5.817444729744485699e+01,2.746179342099033249e+01
-5.815686283142544255e+01,2.743014138215538367e+01
-5.813927836540602101e+01,2.739848934332042774e+01
-5.812169389938660657e+01,2.736683730448548602e+01
-5.810410943336718503e+01,2.733518526565053008e+01
-5.808652496734777060e+01,2.730353322681557415e+01
-5.806894050132835616e+01,2.727188118798062533e+01
-5.805135603530893462e+01,2.724022914914567650e+01
-5.803377156928952019e+01,2.720857711031072768e+01
-5.801618710327009865e+01,2.717692507147577174e+01
-5.799860263725068421e+01,2.714527303264081581e+01
-5.798101817123126978e+01,2.711362099380585988e+01
-5.796343370521184823e+01,2.708196895497091816e+01
-5.794584923919243380e+01,2.705031691613596223e+01
-5.792826477317301226e+01,2.701866487730101341e+01
-5.791068030715359782e+01,2.698701283846605747e+01
-5.789309584113418339e+01,2.695536079963111575e+01
-5.787551137511476185e+01,2.692370876079615982e+01
-5.785792690909534741e+01,2.689205672196120389e+01
-5.784034244307592587e+01,2.686040468312625507e+01
-5.782275797705651144e+01,2.682875264429130624e+01
-5.780517351103709700e+01,2.679710060545635741e+01
-5.778758904501767546e+01,2.676544856662140148e+01
-5.777000457899825392e+01,2.673379652778644555e+01
-5.775242011297883948e+01,2.670214448895150383e+01
-5.773483564695942505e+01,2.667049245011654790e+01
-5.771725118094001061e+01,2.663884041128159907e+01
-5.769966671492058197e+01,2.660718837244664314e+01
-5.768208224890116753e+01,2.657553633361168721e+01
-5.766449778288175310e+01,2.654388429477674549e+01
-5.764691331686233866e+01,2.651223225594178956e+01
-5.762932885084291001e+01,2.648058021710684073e+01
-5.761174438482349558e+01,2.644892817827188480e+01
-5.759415991880408114e+01,2.641727613943694308e+01
-5.757657545278466671e+01,2.638562410060198715e+01
-5.755899098676525227e+01,2.635397206176703122e+01
-5.754140652074582363e+01,2.632232002293207529e+01
-5.752382205472640919e+01,2.629066798409713357e+01
-5.750623758870699476e+01,2.625901594526217764e+01
-5.748865312268758032e+01,2.622736390642722881e+01
-5.747106865666816589e+01,2.619571186759227288e+01
-5.745348419064873724e+01,2.616405982875731695e+01
-5.743589972462932280e+01,2.613240778992237523e+01
-5.741831525860990837e+01,2.610075575108741930e+01
-5.740073079259049393e+01,2.606910371225247047e+01
-5.738314632657107239e+01,2.603745167341751454e+01
-5.736556186055165085e+01,2.600579963458257282e+01
-5.734797739453223642e+01,2.597414759574761689e+01
-5.733039292851282198e+01,2.594249555691266096e+01
-5.731280846249340044e+01,2.591084351807771213e+01
-5.729522399647398601e+01,2.587919147924276331e+01
-5.727763953045456446e+01,2.584753944040781448e+01
-5.726005506443515003e+01,2.581588740157285855e+01
-5.724247059841573559e+01,2.578423536273790262e+01
-5.722488613239631405e+01,2.575258332390296090e+01
-5.720730166637689962e+01,2.572093128506800497e+01
-5.718971720035747808e+01,2.568927924623305614e+01
-5.717213273433806364e+01,2.565762720739810021e+01
-5.715454826831864210e+01,2.562597516856314428e+01
-5.713696380229922767e+01,2.559432312972820256e+01
-5.711937933627981323e+01,2.556267109089324663e+01
-5.710179487026039169e+01,2.553101905205829070e+01
-5.708421040424097725e+01,2.549936701322334187e+01
-5.706662593822155571e+01,2.546771497438839305e+01
-5.704904147220214128e+01,2.543606293555344422e+01
-5.703145700618272684e+01,2.540441089671848829e+01
-5.701387254016330530e+01,2.537275885788353236e+01
-5.699628807414389087e+01,2.534110681904859064e+01
-5.697870360812446933e+01,2.530945478021363471e+01
-5.696111914210505489e+01,2.527780274137868588e+01
-5.696111914210505489e+01,2.524157874137868873e+01
-5.696111914210505489e+01,2.520535474137868448e+01
-5.696111914210505489e+01,2.516913074137868023e+01
-5.696111914210505489e+01,2.513290674137868308e+01
-5.696111914210505489e+01,2.509668274137868593e+01
-5.696111914210505489e+01,2.506045874137868879e+01
-5.696111914210505489e+01,2.502423474137868453e+01
-5.696111914210505489e+01,2.498801074137868028e+01
-5.696111914210505489e+01,2.495178674137868313e+01
-5.696111914210505489e+01,2.491556274137868598e+01
-5.696111914210505489e+01,2.487933874137868884e+01
-5.696111914210505489e+01,2.484311474137868458e+01
-5.696111914210505489e+01,2.480689074137868033e+01
-5.696111914210505489e+01,2.477066674137868318e+01
-5.696111914210505489e+01,2.473444274137868604e+01
-5.696111914210505489e+01,2.469821874137868889e+01
-5.696111914210505489e+01,2.466199474137868464e+01
-5.696111914210505489e+01,2.462577074137868038e+01
-5.696111914210505489e+01,2.458954674137868324e+01
-5.696111914210505489e+01,2.455332274137868609e+01
-5.694398616913208144e+01,2.452150436300030378e+01
-5.692685319615910799e+01,2.448968598462192858e+01
-5.690972022318613455e+01,2.445786760624354628e+01
-5.689258725021316110e+01,2.442604922786517108e+01
-5.687545427724018765e+01,2.439423084948678877e+01
-5.685832130426721420e+01,2.436241247110841357e+01
-5.684118833129424786e+01,2.433059409273003126e+01
-5.682405535832127441e+01,2.429877571435165606e+01
-5.680692238534830096e+01,2.426695733597327376e+01
-5.678978941237532752e+01,2.423513895759489856e+01
-5.677265643940235407e+01,2.420332057921651625e+01
-5.675552346642938062e+01,2.417150220083814105e+01
-5.673839049345640717e+01,2.413968382245975874e+01
-5.672125752048343372e+01,2.410786544408138354e+01
-5.670412454751046027e+01,2.407604706570300124e+01
-5.668699157453748683e+01,2.404422868732462604e+01
-5.666985860156451338e+01,2.401241030894624373e+01
-5.665272562859153993e+01,2.398059193056786853e+01
-5.663559265561856648e+01,2.394877355218950044e+01
-5.661845968264559303e+01,2.391695517381111813e+01
-5.660132670967261959e+01,2.388513679543274293e+01
-5.658419373669964614e+01,2.385331841705436062e+01
-5.656706076372667269e+01,2.382150003867598542e+01
-5.654992779075369924e+01,2.378968166029760312e+01
-5.653279481778072579e+01,2.375786328191922792e+01
-5.651566184480775235e+01,2.372604490354084561e+01
-5.649852887183477890e+01,2.369422652516247041e+01
-5.648139589886180545e+01,2.366240814678408810e+01
-5.646426292588883200e+01,2.363058976840571290e+01
-5.644712995291586566e+01,2.359877139002733060e+01
-5.642999697994289221e+01,2.356695301164895540e+01
-5.641286400696991876e+01,2.353513463327058020e+01
-5.639573103399694531e+01,2.350331625489219789e+01
-5.637859806102397187e+01,2.347149787651382269e+01
-5.636146508805099842e+01,2.343967949813544038e+01
-5.634433211507802497e+01,2.340786111975706518e+01
-5.632719914210505863e+01,2.337604274137868288e+01
-5.631006616913208518e+01,2.334422436300030768e+01
-5.629293319615911173e+01,2.331240598462192537e+01
-5.627580022318613828e+01,2.328058760624355017e+01
-5.625866725021316483e+01,2.324876922786516786e+01
-5.624153427724019139e+01,2.321695084948679266e+01
-5.622440130426721794e+01,2.318513247110841036e+01
-5.620726833129424449e+01,2.315331409273003516e+01
-5.619013535832127104e+01,2.312149571435165285e+01
-5.617300238534829759e+01,2.308967733597327765e+01
-5.615586941237532415e+01,2.305785895759489534e+01
-5.613873643940235070e+01,2.302604057921652014e+01
-5.612160346642937725e+01,2.299422220083813784e+01
-5.610447049345640380e+01,2.296240382245976264e+01
-5.608733752048343035e+01,2.293058544408138033e+01
-5.607020454751045691e+01,2.289876706570300513e+01
-5.605307157453748346e+01,2.286694868732462282e+01
-5.603593860156451001e+01,2.283513030894624762e+01
-5.601880562859153656e+01,2.280331193056786532e+01
-5.600167265561856311e+01,2.277149355218949722e+01
-5.598453968264558966e+01,2.273967517381112202e+01
-5.596740670967261622e+01,2.270785679543273972e+01
-5.595027373669964277e+01,2.267603841705436452e+01
-5.593314076372667643e+01,2.264422003867598221e+01
-5.591600779075370298e+01,2.261240166029760701e+01
-5.589887481778072953e+01,2.258058328191922470e+01
-5.588174184480775608e+01,2.254876490354084950e+01
-5.586460887183478263e+01,2.251694652516246720e+01
-5.584747589886180918e+01,2.248512814678409200e+01
-5.583034292588883574e+01,2.245330976840570969e+01
-5.581320995291586939e+01,2.242149139002733449e+01
-5.579607697994289595e+01,2.238967301164895218e+01
-5.577894400696992250e+01,2.235785463327057698e+01
-5.576181103399694905e+01,2.232603625489219468e+01
-5.574467806102397560e+01,2.229421787651381948e+01
-5.572754508805100215e+01,2.226239949813543717e+01
-5.571041211507802871e+01,2.223058111975706197e+01
-5.569327914210505526e+01,2.219876274137868677e+01
-5.567614616913208181e+01,2.216694436300030446e+01
-5.565901319615910836e+01,2.213512598462192926e+01
-5.564188022318613491e+01,2.210330760624354696e+01
-5.562474725021316146e+01,2.207148922786517176e+01
-5.560761427724018802e+01,2.203967084948678945e+01
-5.559048130426721457e+01,2.200785247110841425e+01
-5.557334833129424112e+01,2.197603409273003194e+01
-5.555621535832126767e+01,2.194421571435165674e+01
-5.553908238534829422e+01,2.191239733597327444e+01
-5.552194941237532078e+01,2.188057895759489924e+01
-5.550481643940234733e+01,2.184876057921651693e+01
-5.548768346642937388e+01,2.181694220083814173e+01
-5.547055049345640043e+01,2.178512382245975942e+01
-5.545341752048342698e+01,2.175330544408138422e+01
-5.543628454751046064e+01,2.172148706570300192e+01
-5.541915157453748719e+01,2.168966868732462672e+01
-5.540201860156451374e+01,2.165785030894624441e+01
-5.538488562859154030e+01,2.162603193056786921e+01
-5.536775265561856685e+01,2.159421355218950112e+01
-5.535061968264559340e+01,2.156239517381111170e+01
-5.533348670967261995e+01,2.153057679543274361e+01
-5.531635373669964650e+01,2.149875841705436130e+01
-5.529922076372667306e+01,2.146694003867598610e+01
-5.528208779075370671e+01,2.143512166029760380e+01
-5.526495481778073326e+01,2.140330328191922860e+01
-5.524782184480775982e+01,2.137148490354084629e+01
-5.523068887183478637e+01,2.133966652516247109e+01
-5.521355589886181292e+01,2.130784814678408878e+01
-5.519642292588883947e+01,2.127602976840571358e+01
-5.517928995291586602e+01,2.124421139002733128e+01
-5.516215697994289258e+01,2.121239301164895608e+01
-5.514502400696991913e+01,2.118057463327057377e+01
-5.512789103399694568e+01,2.114875625489219857e+01
-5.511075806102397223e+01,2.111693787651381626e+01
-5.509362508805099878e+01,2.108511949813544106e+01
-5.507649211507802534e+01,2.105330111975705876e+01
-5.505935914210505189e+01,2.102148274137868356e+01
-5.504222616913207844e+01,2.098966436300030125e+01
-5.502509319615910499e+01,2.095784598462192605e+01
-5.500796022318613154e+01,2.092602760624355085e+01
-5.499082725021315809e+01,2.089420922786516854e+01
-5.497369427724018465e+01,2.086239084948679334e+01
-5.495656130426721120e+01,2.083057247110841104e+01
-5.493942833129423775e+01,2.079875409273003584e+01
-5.492229535832127141e+01,2.076693571435165353e+01
-5.490516238534829085e+01,2.073511733597327833e+01
-5.488802941237532451e+01,2.070329895759489602e+01
-5.487089643940235106e+01,2.067148057921652082e+01
-5.485376346642937762e+01,2.063966220083813852e+01
-5.483663049345640417e+01,2.060784382245976332e+01
-5.481949752048343072e+01,2.057602544408138101e+01
-5.480236454751046438e+01,2.054420706570300581e+01
-5.478523157453748382e+01,2.051238868732462350e+01
-5.476809860156451748e+01,2.048057030894625541e+01
-5.475096562859154403e+01,2.044875193056786600e+01
-5.473383265561857058e+01,2.041693355218949790e+01
-5.471669968264559714e+01,2.038511517381112270e+01
-5.469956670967262369e+01,2.035329679543274040e+01
-5.468243373669965024e+01,2.032147841705436520e+01
-5.466530076372667679e+01,2.028966003867598289e+01
-5.464816779075370334e+01,2.025784166029760769e+01
-5.463103481778072990e+01,2.022602328191922538e+01
-5.461390184480775645e+01,2.019420490354085018e+01
-5.459676887183478300e+01,2.016238652516246788e+01
-5.457963589886180955e+01,2.013056814678409268e+01
-5.456250292588883610e+01,2.009874976840571037e+01
-5.454536995291586265e+01,2.006693139002733517e+01
-5.452823697994288921e+01,2.003511301164895286e+01
-5.451110400696991576e+01,2.000329463327057766e+01
-5.449397103399694231e+01,1.997147625489219536e+01
-5.447683806102396886e+01,1.993965787651382016e+01
-5.445970508805099541e+01,1.990783949813543785e+01
-5.444257211507802197e+01,1.987602111975706265e+01
-5.442543914210504852e+01,1.984420274137868034e+01
-5.442543914210504852e+01,1.980797874137868320e+01
-5.442543914210504852e+01,1.977175474137868605e+01
-5.442543914210504852e+01,1.973553074137868180e+01
-5.442543914210504852e+01,1.969930674137868465e+01
-5.442543914210504852e+01,1.966308274137868040e+01
-5.442543914210504852e+01,1.962685874137868325e+01
-5.442543914210504852e+01,1.959063474137868610e+01
-5.442543914210504852e+01,1.955441074137868185e+01
-5.442543914210504852e+01,1.951818674137868470e+01
-5.442543914210504852e+01,1.948196274137868045e+01
-5.442543914210504852e+01,1.944573874137868330e+01
-5.442543914210504852e+01,1.940951474137868615e+01
-5.442543914210504852e+01,1.937329074137868190e+01
-5.442543914210504852e+01,1.933706674137868475e+01
-5.442543914210504852e+01,1.930084274137868050e+01
-5.442543914210504852e+01,1.926461874137868335e+01
-5.442543914210504852e+01,1.922839474137868621e+01
-5.442543914210504852e+01,1.919217074137868195e+01
-5.442543914210504852e+01,1.915594674137868481e+01
-5.442543914210504852e+01,1.911972274137868055e+01
-5.440926771353362312e+01,1.908737988423582266e+01
-5.439309628496219773e+01,1.905503702709297187e+01
-5.437692485639077233e+01,1.902269416995011397e+01
-5.436075342781933983e+01,1.899035131280725608e+01
-5.434458199924790733e+01,1.895800845566439108e+01
-5.432841057067648194e+01,1.892566559852154029e+01
-5.431223914210505654e+01,1.889332274137868239e+01
-5.429606771353362404e+01,1.886097988423582450e+01
-5.427989628496219865e+01,1.882863702709297371e+01
-5.426372485639076615e+01,1.879629416995011582e+01
-5.424755342781934075e+01,1.876395131280725082e+01
-5.423138199924790825e+01,1.873160845566439292e+01
-5.421521057067648286e+01,1.869926559852154213e+01
-5.419903914210505036e+01,1.866692274137868424e+01
-5.418286771353362496e+01,1.863457988423582634e+01
-5.416669628496219957e+01,1.860223702709297555e+01
-5.415052485639076707e+01,1.856989416995011055e+01
-5.413435342781933457e+01,1.853755131280725266e+01
-5.411818199924790918e+01,1.850520845566439476e+01
-5.410201057067648378e+01,1.847286559852154397e+01
-5.408583914210505839e+01,1.844052274137868608e+01
-5.406966771353361878e+01,1.840817988423582108e+01
-5.405349628496219339e+01,1.837583702709297029e+01
-5.403732485639076799e+01,1.834349416995011239e+01
-5.402115342781934260e+01,1.831115131280725450e+01
-5.400498199924791010e+01,1.827880845566439660e+01
-5.398881057067648470e+01,1.824646559852154581e+01
-5.397263914210505220e+01,1.821412274137868081e+01
-5.395646771353362681e+01,1.818177988423582292e+01
-5.394029628496220141e+01,1.814943702709297213e+01
-5.392412485639076891e+01,1.811709416995011424e+01
-5.390795342781933641e+01,1.808475131280725634e+01
-5.389178199924791102e+01,1.805240845566439134e+01
-5.387561057067648562e+01,1.802006559852154055e+01
-5.385943914210505312e+01,1.798772274137868266e+01
-5.384326771353362062e+01,1.795537988423582476e+01
-5.382709628496219523e+01,1.792303702709297397e+01
-5.381092485639076983e+01,1.789069416995011608e+01
-5.379475342781933733e+01,1.785835131280725108e+01
-5.377858199924790483e+01,1.782600845566439318e+01
-5.376241057067647944e+01,1.779366559852154239e+01
-5.374623914210505404e+01,1.776132274137868450e+01
-5.373006771353362865e+01,1.772897988423582660e+01
-5.371389628496220325e+01,1.769663702709297581e+01
-5.369772485639076365e+01,1.766429416995011081e+01
-5.368155342781933825e+01,1.763195131280725292e+01
-5.366538199924791286e+01,1.759960845566439502e+01
-5.364921057067648746e+01,1.756726559852154423e+01
-5.363303914210505496e+01,1.753492274137868634e+01
-5.361686771353362246e+01,1.750257988423582134e+01
-5.360069628496219707e+01,1.747023702709297055e+01
-5.358452485639077167e+01,1.743789416995011265e+01
-5.356835342781933917e+01,1.740555131280725476e+01
-5.355218199924790667e+01,1.737320845566438976e+01
-5.353601057067648128e+01,1.734086559852154608e+01
-5.351983914210505588e+01,1.730852274137868108e+01
-5.350366771353362338e+01,1.727617988423582318e+01
-5.348749628496219799e+01,1.724383702709297239e+01
-5.347132485639076549e+01,1.721149416995011450e+01
-5.345515342781934010e+01,1.717915131280725660e+01
-5.343898199924790759e+01,1.714680845566439160e+01
-5.342281057067648220e+01,1.711446559852154081e+01
-5.340663914210504970e+01,1.708212274137868292e+01
-5.339046771353362431e+01,1.704977988423582502e+01
-5.337429628496219891e+01,1.701743702709297423e+01
-5.335812485639077352e+01,1.698509416995011634e+01
-5.334195342781933391e+01,1.695275131280725134e+01
-5.332578199924790852e+01,1.692040845566439344e+01
-5.330961057067648312e+01,1.688806559852154265e+01
-5.329343914210505773e+01,1.685572274137868476e+01
-5.327726771353361812e+01,1.682337988423581976e+01
-5.326109628496219983e+01,1.679103702709297607e+01
-5.324492485639076733e+01,1.675869416995011107e+01
-5.322875342781934194e+01,1.672635131280725318e+01
-5.321258199924790944e+01,1.669400845566439529e+01
-5.319641057067648404e+01,1.666166559852154450e+01
-5.318023914210505154e+01,1.662932274137868660e+01
-5.316406771353362615e+01,1.659697988423582160e+01
-5.314789628496220075e+01,1.656463702709297081e+01
-5.313172485639076825e+01,1.653229416995011292e+01
-5.311555342781933575e+01,1.649995131280725502e+01
-5.309938199924791036e+01,1.646760845566439002e+01
-5.308321057067648496e+01,1.643526559852154634e+01
-5.306703914210505246e+01,1.640292274137868134e+01
-5.305086771353361996e+01,1.637057988423582344e+01
-5.303469628496219457e+01,1.633823702709297265e+01
-5.301852485639076917e+01,1.630589416995011476e+01
-5.300235342781933667e+01,1.627355131280724976e+01
-5.298618199924790417e+01,1.624120845566439186e+01
-5.297001057067647878e+01,1.620886559852154107e+01
-5.295383914210505338e+01,1.617652274137868318e+01
-5.293766771353362799e+01,1.614417988423582528e+01
-5.292149628496220259e+01,1.611183702709297449e+01
-5.290532485639077009e+01,1.607949416995011660e+01
-5.288915342781933759e+01,1.604715131280725160e+01
-5.287298199924791220e+01,1.601480845566439370e+01
-5.285681057067648680e+01,1.598246559852154292e+01
-5.284063914210505430e+01,1.595012274137868502e+01
-5.282446771353362180e+01,1.591777988423582002e+01
-5.280829628496219641e+01,1.588543702709297634e+01
-5.279212485639077101e+01,1.585309416995011134e+01
-5.277595342781933851e+01,1.582075131280725344e+01
-5.275978199924790601e+01,1.578840845566439555e+01
-5.274361057067648062e+01,1.575606559852154476e+01
-5.272743914210505523e+01,1.572372274137867976e+01
-5.271126771353362273e+01,1.569137988423582186e+01
-5.269509628496219733e+01,1.565903702709297107e+01
-5.267892485639077194e+01,1.562669416995011318e+01
-5.266275342781933944e+01,1.559435131280725528e+01
-5.264658199924790694e+01,1.556200845566439028e+01
-5.263041057067648154e+01,1.552966559852154660e+01
-5.261423914210505615e+01,1.549732274137868160e+01
-5.258925707313953524e+01,1.547234067241316779e+01
-5.256427500417401433e+01,1.544735860344764689e+01
-5.253929293520850052e+01,1.542237653448213308e+01
-5.251431086624297961e+01,1.539739446551661217e+01
-5.248932879727747292e+01,1.537241239655109837e+01
-5.246434672831195201e+01,1.534743032758557746e+01
-5.243936465934643110e+01,1.532244825862006365e+01
-5.241438259038091729e+01,1.529746618965454275e+01
-5.238940052141539638e+01,1.527248412068902894e+01
-5.236441845244988258e+01,1.524750205172351514e+01
-5.233943638348436167e+01,1.522251998275799423e+01
-5.231445431451884787e+01,1.519753791379248042e+01
-5.228947224555332696e+01,1.517255584482695951e+01
-5.226449017658781315e+01,1.514757377586144571e+01
-5.223950810762229935e+01,1.512259170689592480e+01
-5.221452603865677844e+01,1.509760963793041100e+01
-5.218954396969126464e+01,1.507262756896488298e+01
-5.216456190072574373e+01,1.504764549999937628e+01
-5.213957983176022282e+01,1.502266343103384827e+01
-5.211459776279470901e+01,1.499768136206834157e+01
-5.208961569382918810e+01,1.497269929310282777e+01
-5.206463362486367430e+01,1.494771722413729975e+01
-5.203965155589815339e+01,1.492273515517179305e+01
-5.201466948693263959e+01,1.489775308620626504e+01
-5.198968741796712578e+01,1.487277101724075123e+01
-5.196470534900160487e+01,1.484778894827523033e+01
-5.193972328003609107e+01,1.482280687930971652e+01
-5.191474121107057016e+01,1.479782481034419561e+01
-5.188975914210505636e+01,1.477284274137868181e+01
-5.187512318250909260e+01,1.473991183228777402e+01
-5.186048722291313595e+01,1.470698092319686623e+01
-5.184585126331717220e+01,1.467405001410595133e+01
-5.183121530372121555e+01,1.464111910501504354e+01
-5.181657934412525179e+01,1.460818819592413575e+01
-5.180194338452929514e+01,1.457525728683323507e+01
-5.178730742493333850e+01,1.454232637774232018e+01
-5.177267146533738185e+01,1.450939546865141239e+01
-5.175803550574141809e+01,1.447646455956050460e+01
-5.174339954614546144e+01,1.444353365046959681e+01
-5.172876358654949769e+01,1.441060274137868191e+01
-5.171412762695354104e+01,1.437767183228777412e+01
-5.169949166735757728e+01,1.434474092319686633e+01
-5.168485570776162064e+01,1.431181001410595144e+01
-5.167021974816565688e+01,1.427887910501504365e+01
-5.165558378856970023e+01,1.424594819592413586e+01
-5.164094782897373648e+01,1.421301728683323518e+01
-5.162631186937777983e+01,1.418008637774232028e+01
-5.161167590978182318e+01,1.414715546865141249e+01
-5.159703995018586653e+01,1.411422455956050470e+01
-5.158240399058990278e+01,1.408129365046958981e+01
-5.156776803099394613e+01,1.404836274137868202e+01
-5.155313207139798237e+01,1.401543183228777423e+01
-5.153849611180202572e+01,1.398250092319686644e+01
-5.152386015220606197e+01,1.394957001410595154e+01
-5.150922419261010532e+01,1.391663910501504375e+01
-5.149458823301414157e+01,1.388370819592413596e+01
-5.147995227341818492e+01,1.385077728683323528e+01
-5.146531631382222116e+01,1.381784637774232039e+01
-5.145068035422626451e+01,1.378491546865141260e+01
-5.143604439463030076e+01,1.375198455956050481e+01
-5.142140843503435121e+01,1.371905365046958991e+01
-5.140677247543838746e+01,1.368612274137868212e+01
-5.139213651584243081e+01,1.365319183228777433e+01
-5.137750055624646706e+01,1.362026092319686654e+01
-5.136286459665051041e+01,1.358733001410595165e+01
-5.134822863705454665e+01,1.355439910501504386e+01
-5.133359267745859000e+01,1.352146819592413607e+01
-5.131895671786262625e+01,1.348853728683323538e+01
-5.130432075826666960e+01,1.345560637774232049e+01
-5.128968479867070585e+01,1.342267546865141270e+01
-5.127504883907474920e+01,1.338974455956050491e+01
-5.126041287947878544e+01,1.335681365046959002e+01
-5.124577691988283590e+01,1.332388274137868223e+01
-5.123114096028687214e+01,1.329095183228777444e+01
-5.121650500069091549e+01,1.325802092319686665e+01
-5.120186904109495174e+01,1.322509001410595175e+01
-5.118723308149899509e+01,1.319215910501504396e+01
-5.117259712190303134e+01,1.315922819592413617e+01
-5.115796116230707469e+01,1.312629728683323549e+01
-5.114332520271111093e+01,1.309336637774232059e+01
-5.112868924311515428e+01,1.306043546865141280e+01
-5.111405328351919053e+01,1.302750455956050502e+01
-5.109941732392323388e+01,1.299457365046959012e+01
-5.108478136432727013e+01,1.296164274137868233e+01
-5.107014540473132058e+01,1.292871183228777454e+01
-5.105550944513535683e+01,1.289578092319685965e+01
-5.104087348553940018e+01,1.286285001410595186e+01
-5.102623752594343642e+01,1.282991910501504407e+01
-5.101160156634747977e+01,1.279698819592413628e+01
-5.099696560675151602e+01,1.276405728683323559e+01
-5.098232964715555937e+01,1.273112637774232070e+01
-5.096769368755959562e+01,1.269819546865141291e+01
-5.095305772796363897e+01,1.266526455956050512e+01
-5.093842176836767521e+01,1.263233365046959022e+01
-5.092378580877171856e+01,1.259940274137868244e+01
-5.090914984917575481e+01,1.256647183228777465e+01
-5.089451388957979816e+01,1.253354092319685975e+01
-5.087987792998384151e+01,1.250061001410595196e+01
-5.086524197038788486e+01,1.246767910501504417e+01
-5.085060601079192111e+01,1.243474819592413638e+01
-5.083597005119596446e+01,1.240181728683323570e+01
-5.082133409160000070e+01,1.236888637774232080e+01
-5.080669813200404406e+01,1.233595546865141301e+01
-5.079206217240808030e+01,1.230302455956050522e+01
-5.077742621281212365e+01,1.227009365046959033e+01
-5.076279025321615990e+01,1.223716274137868254e+01
-5.074815429362020325e+01,1.220423183228777475e+01
-5.073351833402424660e+01,1.217130092319685986e+01
-5.071888237442828284e+01,1.213837001410595207e+01
-5.070424641483232620e+01,1.210543910501504428e+01
-5.068961045523636955e+01,1.207250819592413649e+01
-5.067497449564040579e+01,1.203957728683323580e+01
-5.066033853604444914e+01,1.200664637774232091e+01
-5.064570257644848539e+01,1.197371546865141312e+01
-5.063106661685252874e+01,1.194078455956050533e+01
-5.061643065725656498e+01,1.190785365046959043e+01
-5.060179469766060834e+01,1.187492274137868264e+01
-5.058715873806465169e+01,1.184199183228777486e+01
-5.057252277846868793e+01,1.180906092319685996e+01
-5.055788681887273128e+01,1.177613001410595217e+01
-5.054325085927676753e+01,1.174319910501504438e+01
-5.052861489968081088e+01,1.171026819592413659e+01
-5.051397894008485423e+01,1.167733728683323591e+01
-5.049934298048889048e+01,1.164440637774232101e+01
-5.048470702089293383e+01,1.161147546865141322e+01
-5.047007106129697007e+01,1.157854455956050543e+01
-5.045543510170101342e+01,1.154561365046959054e+01
-5.044079914210505677e+01,1.151268274137868275e+01
-5.041581707313953586e+01,1.148770067241316895e+01
-5.039083500417401495e+01,1.146271860344764804e+01
-5.036585293520850115e+01,1.143773653448213423e+01
-5.034087086624298024e+01,1.141275446551661332e+01
-5.031588879727746644e+01,1.138777239655109952e+01
-5.029090672831195263e+01,1.136279032758557861e+01
-5.026592465934643172e+01,1.133780825862006481e+01
-5.024094259038091792e+01,1.131282618965454390e+01
-5.021596052141539701e+01,1.128784412068903009e+01
-5.019097845244988321e+01,1.126286205172351629e+01
-5.016599638348436230e+01,1.123787998275799538e+01
-5.014101431451884849e+01,1.121289791379248157e+01
-5.011603224555332758e+01,1.118791584482696067e+01
-5.009105017658780667e+01,1.116293377586144686e+01
-5.006606810762229998e+01,1.113795170689591885e+01
-5.004108603865677907e+01,1.111296963793041215e+01
-5.001610396969125816e+01,1.108798756896488413e+01
-4.999112190072574435e+01,1.106300549999937033e+01
-4.996613983176022344e+01,1.103802343103384942e+01
-4.994115776279470964e+01,1.101304136206833562e+01
-4.991617569382918873e+01,1.098805929310282892e+01
-4.989119362486367493e+01,1.096307722413730090e+01
-4.986621155589815402e+01,1.093809515517178710e+01
-4.984122948693264021e+01,1.091311308620626619e+01
-4.981624741796712641e+01,1.088813101724075239e+01
-4.979126534900160550e+01,1.086314894827523148e+01
-4.976628328003609170e+01,1.083816687930971767e+01
-4.974130121107057079e+01,1.081318481034419676e+01
-4.971631914210504988e+01,1.078820274137868296e+01
-4.970499914210505210e+01,1.075424274137868252e+01
-4.969367914210505432e+01,1.072028274137868209e+01
-4.968235914210505655e+01,1.068632274137868166e+01
-4.967103914210505167e+01,1.065236274137868122e+01
-4.965971914210505389e+01,1.061840274137868079e+01
-4.964839914210505611e+01,1.058444274137868035e+01
-4.963707914210505123e+01,1.055048274137867992e+01
-4.962575914210505346e+01,1.051652274137868659e+01
-4.961443914210505568e+01,1.048256274137868616e+01
-4.960311914210505080e+01,1.044860274137868572e+01
-4.959179914210505302e+01,1.041464274137868529e+01
-4.958047914210505525e+01,1.038068274137868485e+01
-4.956915914210505036e+01,1.034672274137868442e+01
-4.955783914210505259e+01,1.031276274137868398e+01
-4.954651914210505481e+01,1.027880274137868355e+01
-4.953519914210504993e+01,1.024484274137868312e+01
-4.952387914210505215e+01,1.021088274137868268e+01
-4.951255914210505438e+01,1.017692274137868225e+01
-4.950123914210505660e+01,1.014296274137868181e+01
-4.948991914210505172e+01,1.010900274137868138e+01
-4.947859914210505394e+01,1.007504274137868094e+01
-4.946727914210505617e+01,1.004108274137868051e+01
-4.945595914210505128e+01,1.000712274137868008e+01
-4.944463914210505351e+01,9.973162741378679641e+00
-4.943331914210505573e+01,9.939202741378686312e+00
-4.942199914210505085e+01,9.905242741378685878e+00
-4.941067914210505307e+01,9.871282741378685444e+00
-4.939935914210505530e+01,9.837322741378685009e+00
-4.938803914210505042e+01,9.803362741378684575e+00
-4.937671914210505264e+01,9.769402741378684141e+00
-4.936539914210505486e+01,9.735442741378683706e+00
-4.935407914210504998e+01,9.701482741378683272e+00
-4.933115255982657033e+01,9.673970842644507684e+00
-4.930822597754809067e+01,9.646458943910324990e+00
-4.928529939526961101e+01,9.618947045176149402e+00
-4.926237281299113135e+01,9.591435146441980919e+00
-4.923944623071264459e+01,9.563923247707798225e+00
-4.921651964843416494e+01,9.536411348973622637e+00
-4.919359306615568528e+01,9.508899450239439943e+00
-4.917066648387720562e+01,9.481387551505264355e+00
-4.914773990159872596e+01,9.453875652771088767e+00
-4.912481331932024631e+01,9.426363754036906073e+00
-4.910188673704175955e+01,9.398851855302737590e+00
-4.907896015476327989e+01,9.371339956568562002e+00
-4.905603357248480023e+01,9.343828057834379308e+00
-4.903310699020632057e+01,9.316316159100203720e+00
-4.901018040792783381e+01,9.288804260366021026e+00
-4.898725382564935416e+01,9.261292361631845438e+00
-4.896432724337087450e+01,9.233780462897669850e+00
-4.894140066109239484e+01,9.206268564163487156e+00
-4.891847407881391518e+01,9.178756665429318673e+00
-4.889554749653543553e+01,9.151244766695143085e+00
-4.887262091425695587e+01,9.123732867960960391e+00
-4.884969433197846911e+01,9.096220969226784803e+00
-4.882676774969998945e+01,9.068709070492602109e+00
-4.880384116742150979e+01,9.041197171758426521e+00
-4.878091458514302303e+01,9.013685273024250932e+00
-4.875798800286454338e+01,8.986173374290082450e+00
-4.873506142058606372e+01,8.958661475555899756e+00
-4.871213483830758406e+01,8.931149576821724168e+00
-4.868920825602910440e+01,8.903637678087541474e+00
-4.866628167375062475e+01,8.876125779353365886e+00
-4.864335509147214509e+01,8.848613880619183192e+00
-4.862042850919366543e+01,8.821101981885007604e+00
-4.859750192691517867e+01,8.793590083150839121e+00
-4.857457534463669901e+01,8.766078184416663532e+00
-4.855164876235821225e+01,8.738566285682480839e+00
-4.852872218007973260e+01,8.711054386948305250e+00
-4.850579559780125294e+01,8.683542488214122557e+00
-4.848286901552277328e+01,8.656030589479946968e+00
-4.845994243324429362e+01,8.628518690745764275e+00
-4.843701585096581397e+01,8.601006792011595792e+00
-4.841408926868733431e+01,8.573494893277420204e+00
-4.839116268640885465e+01,8.545982994543244615e+00
-4.836823610413037500e+01,8.518471095809061921e+00
-4.834530952185188823e+01,8.490959197074886333e+00
-4.832238293957340858e+01,8.463447298340703639e+00
-4.829945635729492182e+01,8.435935399606528051e+00
-4.827652977501644216e+01,8.408423500872359568e+00
-4.825360319273796250e+01,8.380911602138176875e+00
-4.823067661045948284e+01,8.353399703404001286e+00
-4.820775002818100319e+01,8.325887804669825698e+00
-4.818482344590252353e+01,8.298375905935643004e+00
-4.816189686362404387e+01,8.270864007201467416e+00
-4.813897028134556422e+01,8.243352108467284722e+00
-4.811604369906708456e+01,8.215840209733116239e+00
-4.809311711678859780e+01,8.188328310998940651e+00
-4.807019053451011814e+01,8.160816412264757957e+00
-4.804726395223163138e+01,8.133304513530582369e+00
-4.802433736995315172e+01,8.105792614796406781e+00
-4.800141078767467206e+01,8.078280716062224087e+00
-4.797848420539619241e+01,8.050768817328048499e+00
-4.795555762311771275e+01,8.023256918593880016e+00
-4.793263104083923309e+01,7.995745019859697322e+00
-4.790970445856075344e+01,7.968233121125521734e+00
-4.788677787628227378e+01,7.940721222391339040e+00
-4.786385129400378702e+01,7.913209323657163452e+00
-4.784092471172530736e+01,7.885697424922987864e+00
-4.781799812944682770e+01,7.858185526188805170e+00
-4.779507154716834094e+01,7.830673627454629582e+00
-4.777214496488986128e+01,7.803161728720461099e+00
-4.774921838261138163e+01,7.775649829986278405e+00
-4.772629180033290197e+01,7.748137931252102817e+00
-4.770336521805442231e+01,7.720626032517920123e+00
-4.768043863577594266e+01,7.693114133783744535e+00
-4.765751205349745590e+01,7.665602235049568947e+00
-4.763458547121897624e+01,7.638090336315386253e+00
-4.761165888894049658e+01,7.610578437581217770e+00
-4.758873230666201692e+01,7.583066538847042182e+00
-4.756580572438353727e+01,7.555554640112859488e+00
-4.754287914210505051e+01,7.528042741378683900e+00
-4.752677958654949464e+01,7.495843630267565061e+00
-4.751068003099393877e+01,7.463644519156460433e+00
-4.749458047543838290e+01,7.431445408045341594e+00
-4.747848091988283414e+01,7.399246296934236966e+00
-4.746238136432727117e+01,7.367047185823125233e+00
-4.744628180877172241e+01,7.334848074712020605e+00
-4.743018225321615944e+01,7.302648963600901766e+00
-4.741408269766061068e+01,7.270449852489797138e+00
-4.739798314210504770e+01,7.238250741378678299e+00
-4.738188358654949894e+01,7.206051630267573671e+00
-4.736578403099394308e+01,7.173852519156454832e+00
-4.734968447543838721e+01,7.141653408045350204e+00
-4.733358491988283134e+01,7.109454296934238471e+00
-4.731748536432727548e+01,7.077255185823126737e+00
-4.730138580877171961e+01,7.045056074712015004e+00
-4.728528625321616374e+01,7.012856963600910376e+00
-4.726918669766060788e+01,6.980657852489791537e+00
-4.725308714210505201e+01,6.948458741378686909e+00
-4.723698758654949614e+01,6.916259630267568070e+00
-4.722088803099394028e+01,6.884060519156463442e+00
-4.720478847543838441e+01,6.851861408045344604e+00
-4.718868891988283565e+01,6.819662296934239976e+00
-4.717258936432727268e+01,6.787463185823128242e+00
-4.715648980877172392e+01,6.755264074712016509e+00
-4.714039025321616094e+01,6.723064963600904775e+00
-4.712429069766061218e+01,6.690865852489800147e+00
-4.710819114210504921e+01,6.658666741378681309e+00
-4.709209158654950045e+01,6.626467630267576681e+00
-4.707599203099394458e+01,6.594268519156457842e+00
-4.705989247543838871e+01,6.562069408045353214e+00
-4.704379291988283285e+01,6.529870296934234375e+00
-4.702769336432727698e+01,6.497671185823129747e+00
-4.701159380877172111e+01,6.465472074712018014e+00
-4.699549425321616525e+01,6.433272963600906280e+00
-4.697939469766060938e+01,6.401073852489794547e+00
-4.696329514210505351e+01,6.368874741378689919e+00
-4.694719558654949765e+01,6.336675630267571080e+00
-4.693109603099394178e+01,6.304476519156466452e+00
-4.691499647543838591e+01,6.272277408045347613e+00
-4.689889691988283005e+01,6.240078296934242985e+00
-4.688279736432727418e+01,6.207879185823124146e+00
-4.686669780877172542e+01,6.175680074712019518e+00
-4.685059825321616245e+01,6.143480963600907785e+00
-4.683449869766061369e+01,6.111281852489796051e+00
-4.681839914210505071e+01,6.079082741378684318e+00
-4.679312658396551683e+01,6.053810183239143328e+00
-4.676785402582598294e+01,6.028537625099616548e+00
-4.674258146768644906e+01,6.003265066960075558e+00
-4.671730890954691517e+01,5.977992508820548778e+00
-4.669203635140737418e+01,5.952719950681007788e+00
-4.666676379326784030e+01,5.927447392541473903e+00
-4.664149123512830641e+01,5.902174834401940018e+00
-4.661621867698877253e+01,5.876902276262406133e+00
-4.659094611884923864e+01,5.851629718122872248e+00
-4.656567356070970476e+01,5.826357159983331258e+00
-4.654040100257017087e+01,5.801084601843797373e+00
-4.651512844443063699e+01,5.775812043704263488e+00
-4.648985588629109600e+01,5.750539485564729603e+00
-4.646458332815156211e+01,5.725266927425195718e+00
-4.643931077001202823e+01,5.699994369285661833e+00
-4.641403821187249434e+01,5.674721811146120842e+00
-4.638876565373296046e+01,5.649449253006594063e+00
-4.636349309559342657e+01,5.624176694867053072e+00
-4.633822053745389269e+01,5.598904136727519187e+00
-4.631294797931435880e+01,5.573631578587985302e+00
-4.628767542117482492e+01,5.548359020448444312e+00
-4.626240286303528393e+01,5.523086462308917532e+00
-4.623713030489575004e+01,5.497813904169376542e+00
-4.621185774675621616e+01,5.472541346029849763e+00
-4.618658518861668227e+01,5.447268787890308772e+00
-4.616131263047714839e+01,5.421996229750767782e+00
-4.613604007233761450e+01,5.396723671611241002e+00
-4.611076751419808062e+01,5.371451113471700012e+00
-4.608549495605854673e+01,5.346178555332173232e+00
-4.606022239791900574e+01,5.320905997192632242e+00
-4.603494983977947186e+01,5.295633439053105462e+00
-4.600967728163993797e+01,5.270360880913564472e+00
-4.598440472350040409e+01,5.245088322774037692e+00
-4.595913216536087020e+01,5.219815764634496702e+00
-4.593385960722132921e+01,5.194543206494955712e+00
-4.590858704908179533e+01,5.169270648355428932e+00
-4.588331449094226144e+01,5.143998090215887942e+00
-4.585804193280272756e+01,5.118725532076361162e+00
-4.583276937466319367e+01,5.093452973936820172e+00
-4.580749681652365268e+01,5.068180415797293392e+00
-4.578222425838411880e+01,5.042907857657752402e+00
-4.575695170024458491e+01,5.017635299518225622e+00
-4.573167914210505103e+01,4.992362741378684632e+00
-4.573167914210505103e+01,4.956138741378687484e+00
-4.573167914210505103e+01,4.919914741378690337e+00
-4.573167914210505103e+01,4.883690741378678979e+00
-4.573167914210505103e+01,4.847466741378681832e+00
-4.573167914210505103e+01,4.811242741378684684e+00
-4.573167914210505103e+01,4.775018741378687537e+00
-4.573167914210505103e+01,4.738794741378690389e+00
-4.573167914210505103e+01,4.702570741378679031e+00
-4.573167914210505103e+01,4.666346741378681884e+00
-4.573167914210505103e+01,4.630122741378684736e+00
-4.570669707313953722e+01,4.605140672413170932e+00
-4.568171500417401631e+01,4.580158603447650023e+00
-4.565673293520850251e+01,4.555176534482136219e+00
-4.563175086624298160e+01,4.530194465516615310e+00
-4.560676879727746780e+01,4.505212396551101506e+00
-4.558178672831195399e+01,4.480230327585573491e+00
-4.555680465934643308e+01,4.455248258620066792e+00
-4.553182259038091928e+01,4.430266189654538778e+00
-4.550684052141539837e+01,4.405284120689024974e+00
-4.548185845244987746e+01,4.380302051723518275e+00
-4.545687638348436366e+01,4.355319982757990260e+00
-4.543189431451884275e+01,4.330337913792483562e+00
-4.540691224555332894e+01,4.305355844826955547e+00
-4.538193017658780803e+01,4.280373775861441743e+00
-4.535694810762229423e+01,4.255391706895920834e+00
-4.533196603865678043e+01,4.230409637930407030e+00
-4.530698396969125952e+01,4.205427568964886120e+00
-4.528200190072574571e+01,4.180445499999372316e+00
-4.525701983176022480e+01,4.155463431033851407e+00
-4.523203776279471100e+01,4.130481362068337603e+00
-4.520705569382919009e+01,4.105499293102823799e+00
-4.518207362486366918e+01,4.080517224137302890e+00
-4.515709155589815538e+01,4.055535155171789086e+00
-4.513210948693263447e+01,4.030553086206268176e+00
-4.510712741796712777e+01,4.005571017240754372e+00
-4.508214534900160686e+01,3.980588948275233463e+00
-4.505716328003608595e+01,3.955606879309719659e+00
-4.503218121107057215e+01,3.930624810344198750e+00
-4.500719914210505124e+01,3.905642741378684946e+00
-4.499109958654949537e+01,3.873443630267566107e+00
-4.497500003099393950e+01,3.841244519156461479e+00
-4.495890047543838364e+01,3.809045408045342640e+00
-4.494280091988282777e+01,3.776846296934238012e+00
-4.492670136432727190e+01,3.744647185823126279e+00
-4.491060180877172314e+01,3.712448074712014545e+00
-4.489450225321616017e+01,3.680248963600902812e+00
-4.487840269766061141e+01,3.648049852489798184e+00
-4.486230314210504844e+01,3.615850741378679345e+00
-4.484620358654949968e+01,3.583651630267574717e+00
-4.483010403099393670e+01,3.551452519156455878e+00
-4.481400447543838794e+01,3.519253408045351250e+00
-4.479790491988283208e+01,3.487054296934232411e+00
-4.478180536432727621e+01,3.454855185823127783e+00
-4.476570580877172034e+01,3.422656074712016050e+00
-4.474960625321616448e+01,3.390456963600904317e+00
-4.473350669766060861e+01,3.358257852489792583e+00
-4.471740714210505274e+01,3.326058741378687955e+00
-4.470130758654949688e+01,3.293859630267569116e+00
-4.468520803099394101e+01,3.261660519156464488e+00
-4.466910847543838514e+01,3.229461408045345649e+00
-4.465300891988282928e+01,3.197262296934241022e+00
-4.463690936432727341e+01,3.165063185823122183e+00
-4.462080980877172465e+01,3.132864074712017555e+00
-4.460471025321616168e+01,3.100664963600905821e+00
-4.458861069766061291e+01,3.068465852489794088e+00
-4.457251114210504994e+01,3.036266741378682354e+00
-4.455641158654950118e+01,3.004067630267577726e+00
-4.454031203099393821e+01,2.971868519156458888e+00
-4.452421247543838945e+01,2.939669408045354260e+00
-4.450811291988283358e+01,2.907470296934235421e+00
-4.449201336432727771e+01,2.875271185823130793e+00
-4.447591380877172185e+01,2.843072074712011954e+00
-4.445981425321616598e+01,2.810872963600907326e+00
-4.444371469766061011e+01,2.778673852489795593e+00
-4.442761514210505425e+01,2.746474741378683859e+00
-4.441151558654949838e+01,2.714275630267572126e+00
-4.439541603099394251e+01,2.682076519156467498e+00
-4.437931647543838665e+01,2.649877408045348659e+00
-4.436321691988283078e+01,2.617678296934244031e+00
-4.434711736432727491e+01,2.585479185823125192e+00
-4.433101780877171905e+01,2.553280074712020564e+00
-4.431491825321616318e+01,2.521080963600901725e+00
-4.429881869766061442e+01,2.488881852489797097e+00
-4.428271914210505145e+01,2.456682741378685364e+00
-4.425744658396551756e+01,2.431410183239144374e+00
-4.423217402582598368e+01,2.406137625099617594e+00
-4.420690146768644979e+01,2.380865066960076604e+00
-4.418162890954691591e+01,2.355592508820542719e+00
-4.415635635140737492e+01,2.330319950681008834e+00
-4.413108379326784103e+01,2.305047392541474949e+00
-4.410581123512830715e+01,2.279774834401941064e+00
-4.408053867698877326e+01,2.254502276262407179e+00
-4.405526611884923938e+01,2.229229718122866188e+00
-4.402999356070970549e+01,2.203957159983332303e+00
-4.400472100257017161e+01,2.178684601843798418e+00
-4.397944844443063772e+01,2.153412043704264534e+00
-4.395417588629109673e+01,2.128139485564730649e+00
-4.392890332815156285e+01,2.102866927425189658e+00
-4.390363077001202896e+01,2.077594369285662879e+00
-4.387835821187249508e+01,2.052321811146121888e+00
-4.385308565373296119e+01,2.027049253006595109e+00
-4.382781309559342731e+01,2.001776694867054118e+00
-4.380254053745389342e+01,1.976504136727513128e+00
-4.377726797931435954e+01,1.951231578587986348e+00
-4.375199542117482565e+01,1.925959020448445358e+00
-4.372672286303528466e+01,1.900686462308918578e+00
-4.370145030489575078e+01,1.875413904169377588e+00
-4.367617774675621689e+01,1.850141346029850808e+00
-4.365090518861668301e+01,1.824868787890309818e+00
-4.362563263047714912e+01,1.799596229750768828e+00
-4.360036007233761524e+01,1.774323671611242048e+00
-4.357508751419807425e+01,1.749051113471701058e+00
-4.354981495605854036e+01,1.723778555332174278e+00
-4.352454239791900648e+01,1.698505997192633288e+00
-4.349926983977947259e+01,1.673233439053106508e+00
-4.347399728163993871e+01,1.647960880913565518e+00
-4.344872472350039772e+01,1.622688322774038738e+00
-4.342345216536086383e+01,1.597415764634497748e+00
-4.339817960722132995e+01,1.572143206494956758e+00
-4.337290704908179606e+01,1.546870648355429978e+00
-4.334763449094226218e+01,1.521598090215888988e+00
-4.332236193280272829e+01,1.496325532076362208e+00
-4.329708937466318730e+01,1.471052973936821218e+00
-4.327181681652365342e+01,1.445780415797294438e+00
-4.324654425838411953e+01,1.420507857657753448e+00
-4.322127170024458565e+01,1.395235299518219563e+00
-4.319599914210505176e+01,1.369962741378685678e+00
-4.317989958654949589e+01,1.337763630267566839e+00
-4.316380003099394003e+01,1.305564519156462211e+00
-4.314770047543838416e+01,1.273365408045343372e+00
-4.313160091988282829e+01,1.241166296934238744e+00
-4.311550136432727243e+01,1.208967185823119905e+00
-4.309940180877172367e+01,1.176768074712015277e+00
-4.308330225321616069e+01,1.144568963600903544e+00
-4.306720269766061193e+01,1.112369852489791811e+00
-4.305110314210504896e+01,1.080170741378680077e+00
-4.303500358654950020e+01,1.047971630267575449e+00
-4.301890403099393723e+01,1.015772519156456610e+00
-4.300280447543838847e+01,9.835734080453519823e-01
-4.298670491988283260e+01,9.513742969342331435e-01
-4.297060536432727673e+01,9.191751858231285155e-01
-4.295450580877172087e+01,8.869760747120096767e-01
-4.293840625321616500e+01,8.547769636009050487e-01
-4.292230669766060913e+01,8.225778524897933153e-01
-4.290620714210505326e+01,7.903787413786815819e-01
-4.289010758654949740e+01,7.581796302675698485e-01
-4.287400803099394153e+01,7.259805191564652205e-01
-4.285790847543838566e+01,6.937814080453463816e-01
-4.284180891988282980e+01,6.615822969342417537e-01
-4.282570936432727393e+01,6.293831858231229148e-01
-4.280960980877171806e+01,5.971840747120182868e-01
-4.279351025321616220e+01,5.649849636008994480e-01
-4.277741069766061344e+01,5.327858524897948200e-01
-4.276131114210505046e+01,5.005867413786830866e-01
-4.274521158654950170e+01,4.683876302675784586e-01
-4.272911203099393873e+01,4.361885191564596198e-01
-4.271301247543838997e+01,4.039894080453549918e-01
-4.269691291988282700e+01,3.717902969342361530e-01
-4.268081336432727824e+01,3.395911858231315250e-01
-4.266471380877172237e+01,3.073920747120126862e-01
-4.264861425321616650e+01,2.751929636009080582e-01
-4.263251469766061064e+01,2.429938524897963248e-01
-4.261641514210505477e+01,2.107947413786845914e-01
-4.260031558654949890e+01,1.785956302675728580e-01
-4.258421603099394304e+01,1.463965191564682300e-01
-4.256811647543838717e+01,1.141974080453493912e-01
-4.255201691988283130e+01,8.199829693424476318e-02
-4.253591736432727544e+01,4.979918582312592434e-02
-4.251981780877171957e+01,1.760007471202129636e-02
-4.250371825321616370e+01,-1.459903639909754247e-02
-4.248761869766060784e+01,-4.679814751020217045e-02
-4.247151914210505197e+01,-7.899725862131390386e-02
-4.244624658396551808e+01,-1.042698167608548943e-01
-4.242097402582598420e+01,-1.295423749003887792e-01
-4.239570146768645031e+01,-1.548149330399226642e-01
-4.237042890954691643e+01,-1.800874911794565492e-01
-4.234515635140737544e+01,-2.053600493189904341e-01
-4.231988379326784155e+01,-2.306326074585243191e-01
-4.229461123512830767e+01,-2.559051655980653095e-01
-4.226933867698877378e+01,-2.811777237375920890e-01
-4.224406611884923990e+01,-3.064502818771330794e-01
-4.221879356070970601e+01,-3.317228400166669644e-01
-4.219352100257017213e+01,-3.569953981562008494e-01
-4.216824844443063824e+01,-3.822679562957418398e-01
-4.214297588629109725e+01,-4.075405144352686193e-01
-4.211770332815156337e+01,-4.328130725748096097e-01
-4.209243077001202948e+01,-4.580856307143363892e-01
-4.206715821187249560e+01,-4.833581888538773796e-01
-4.204188565373296171e+01,-5.086307469934041592e-01
-4.201661309559342783e+01,-5.339033051329451496e-01
-4.199134053745389394e+01,-5.591758632724861400e-01
-4.196606797931436006e+01,-5.844484214120129195e-01
-4.194079542117482617e+01,-6.097209795515539099e-01
-4.191552286303528518e+01,-6.349935376910806895e-01
-4.189025030489575130e+01,-6.602660958306216799e-01
-4.186497774675621741e+01,-6.855386539701484594e-01
-4.183970518861668353e+01,-7.108112121096894498e-01
-4.181443263047714964e+01,-7.360837702492304402e-01
-4.178916007233760865e+01,-7.613563283887572197e-01
-4.176388751419807477e+01,-7.866288865282982101e-01
-4.173861495605854088e+01,-8.119014446678249897e-01
-4.171334239791900700e+01,-8.371740028073659801e-01
-4.168806983977947311e+01,-8.624465609468927596e-01
-4.166279728163993212e+01,-8.877191190864337500e-01
-4.163752472350039824e+01,-9.129916772259605295e-01
-4.161225216536086435e+01,-9.382642353655015199e-01
-4.158697960722133047e+01,-9.635367935050425103e-01
-4.156170704908179658e+01,-9.888093516445692899e-01
-4.153643449094226270e+01,-1.014081909784110280e+00
-4.151116193280272881e+01,-1.039354467923637060e+00
-4.148588937466318782e+01,-1.064627026063178050e+00
-4.146061681652365394e+01,-1.089899584202711935e+00
-4.143534425838412005e+01,-1.115172142342245820e+00
-4.141007170024458617e+01,-1.140444700481779705e+00
-4.138479914210505228e+01,-1.165717258621313590e+00
-4.136869958654949642e+01,-1.197916369732432429e+00
-4.135260003099394055e+01,-1.230115480843537057e+00
-4.133650047543838468e+01,-1.262314591954655896e+00
-4.132040091988282882e+01,-1.294513703065760524e+00
-4.130430136432727295e+01,-1.326712814176879363e+00
-4.128820180877171708e+01,-1.358911925287983991e+00
-4.127210225321616122e+01,-1.391111036399095724e+00
-4.125600269766061245e+01,-1.423310147510207457e+00
-4.123990314210504948e+01,-1.455509258621319191e+00
-4.122380358654950072e+01,-1.487708369732423819e+00
-4.120770403099393775e+01,-1.519907480843542658e+00
-4.119160447543838899e+01,-1.552106591954647286e+00
-4.117550491988282602e+01,-1.584305703065766124e+00
-4.115940536432727725e+01,-1.616504814176870752e+00
-4.114330580877172139e+01,-1.648703925287989591e+00
-4.112720625321616552e+01,-1.680903036399094219e+00
-4.111110669766060965e+01,-1.713102147510205953e+00
-4.109500714210505379e+01,-1.745301258621317686e+00
-4.107890758654949792e+01,-1.777500369732429419e+00
-4.106280803099394205e+01,-1.809699480843534047e+00
-4.104670847543838619e+01,-1.841898591954652886e+00
-4.103060891988283032e+01,-1.874097703065757514e+00
-4.101450936432727445e+01,-1.906296814176876353e+00
-4.099840980877171859e+01,-1.938495925287980981e+00
-4.098231025321616272e+01,-1.970695036399099820e+00
-4.096621069766060685e+01,-2.002894147510204448e+00
-4.095011114210505099e+01,-2.035093258621316181e+00
-4.093401158654950223e+01,-2.067292369732427915e+00
-4.091791203099393925e+01,-2.099491480843539648e+00
-4.090181247543839049e+01,-2.131690591954644276e+00
-4.088571291988282752e+01,-2.163889703065763115e+00
-4.086961336432727876e+01,-2.196088814176867743e+00
-4.085351380877171579e+01,-2.228287925287986582e+00
-4.083741425321616703e+01,-2.260487036399091210e+00
-4.082131469766061116e+01,-2.292686147510210048e+00
-4.080521514210505529e+01,-2.324885258621314676e+00
-4.078911558654949943e+01,-2.357084369732426410e+00
-4.077301603099394356e+01,-2.389283480843538143e+00
-4.075691647543838769e+01,-2.421482591954649877e+00
-4.074081691988283183e+01,-2.453681703065754505e+00
-4.072471736432727596e+01,-2.485880814176873344e+00
-4.070861780877172009e+01,-2.518079925287977971e+00
-4.069251825321616423e+01,-2.550279036399096810e+00
-4.067641869766060836e+01,-2.582478147510201438e+00
-4.066031914210505249e+01,-2.614677258621320277e+00
-4.063694881952440596e+01,-2.641942634965396053e+00
-4.061357849694376654e+01,-2.669208011309493145e+00
-4.059020817436312001e+01,-2.696473387653576026e+00
-4.056683785178247348e+01,-2.723738763997666013e+00
-4.054346752920182695e+01,-2.751004140341748894e+00
-4.052009720662118042e+01,-2.778269516685831775e+00
-4.049672688404053389e+01,-2.805534893029921761e+00
-4.047335656145989446e+01,-2.832800269374004642e+00
-4.044998623887924794e+01,-2.860065645718094629e+00
-4.042661591629860141e+01,-2.887331022062177510e+00
-4.040324559371796198e+01,-2.914596398406260391e+00
-4.037987527113730835e+01,-2.941861774750350378e+00
-4.035650494855666182e+01,-2.969127151094433259e+00
-4.033313462597602239e+01,-2.996392527438523246e+00
-4.030976430339537586e+01,-3.023657903782606127e+00
-4.028639398081472933e+01,-3.050923280126696113e+00
-4.026302365823408991e+01,-3.078188656470778994e+00
-4.023965333565344338e+01,-3.105454032814861876e+00
-4.021628301307279685e+01,-3.132719409158951862e+00
-4.019291269049215032e+01,-3.159984785503034743e+00
-4.016954236791150379e+01,-3.187250161847124730e+00
-4.014617204533085726e+01,-3.214515538191207611e+00
-4.012280172275021073e+01,-3.241780914535290492e+00
-4.009943140016957130e+01,-3.269046290879380479e+00
-4.007606107758892477e+01,-3.296311667223463360e+00
-4.005269075500827824e+01,-3.323577043567560452e+00
-4.002932043242763882e+01,-3.350842419911636227e+00
-4.000595010984698519e+01,-3.378107796255719109e+00
-3.998257978726633866e+01,-3.405373172599816201e+00
-3.995920946468569923e+01,-3.432638548943891976e+00
-3.993583914210505270e+01,-3.459903925287989068e+00
-3.991246881952440617e+01,-3.487169301632071949e+00
-3.988909849694376675e+01,-3.514434677976147725e+00
-3.986572817436312022e+01,-3.541700054320244817e+00
-3.984235785178247369e+01,-3.568965430664327698e+00
-3.981898752920182716e+01,-3.596230807008417685e+00
-3.979561720662118063e+01,-3.623496183352500566e+00
-3.977224688404053410e+01,-3.650761559696590552e+00
-3.974887656145989467e+01,-3.678026936040673434e+00
-3.972550623887924814e+01,-3.705292312384756315e+00
-3.970213591629860161e+01,-3.732557688728846301e+00
-3.967876559371795508e+01,-3.759823065072929182e+00
-3.965539527113730855e+01,-3.787088441417019169e+00
-3.963202494855666203e+01,-3.814353817761102050e+00
-3.960865462597602260e+01,-3.841619194105184931e+00
-3.958528430339537607e+01,-3.868884570449274918e+00
-3.956191398081472954e+01,-3.896149946793357799e+00
-3.953854365823408301e+01,-3.923415323137447785e+00
-3.951517333565344359e+01,-3.950680699481530667e+00
-3.949180301307279706e+01,-3.977946075825613548e+00
-3.946843269049215053e+01,-4.005211452169703534e+00
-3.944506236791150400e+01,-4.032476828513786415e+00
-3.942169204533085747e+01,-4.059742204857876402e+00
-3.939832172275021094e+01,-4.087007581201959283e+00
-3.937495140016957151e+01,-4.114272957546042164e+00
-3.935158107758892498e+01,-4.141538333890132151e+00
-3.932821075500827845e+01,-4.168803710234215032e+00
-3.930484043242763192e+01,-4.196069086578312124e+00
-3.928147010984698539e+01,-4.223334462922387900e+00
-3.925809978726633886e+01,-4.250599839266484992e+00
-3.923472946468569944e+01,-4.277865215610567873e+00
-3.921135914210505291e+01,-4.305130591954647201e+00
-3.918798881952440638e+01,-4.332395968298740740e+00
-3.916461849694376696e+01,-4.359661344642820069e+00
-3.914124817436312043e+01,-4.386926720986913608e+00
-3.911787785178247390e+01,-4.414192097330996489e+00
-3.909450752920182737e+01,-4.441457473675075818e+00
-3.907113720662118084e+01,-4.468722850019169357e+00
-3.904776688404053431e+01,-4.495988226363252238e+00
-3.902439656145989488e+01,-4.523253602707342225e+00
-3.900102623887924835e+01,-4.550518979051425106e+00
-3.897765591629860182e+01,-4.577784355395507987e+00
-3.895428559371795529e+01,-4.605049731739597974e+00
-3.893091527113730876e+01,-4.632315108083680855e+00
-3.890754494855666223e+01,-4.659580484427770841e+00
-3.888417462597602281e+01,-4.686845860771853722e+00
-3.886080430339537628e+01,-4.714111237115936603e+00
-3.883743398081472975e+01,-4.741376613460026590e+00
-3.881406365823408322e+01,-4.768641989804109471e+00
-3.879069333565344380e+01,-4.795907366148203010e+00
-3.876732301307279727e+01,-4.823172742492282339e+00
-3.874395269049215074e+01,-4.850438118836375878e+00
-3.872058236791150421e+01,-4.877703495180458759e+00
-3.869721204533085768e+01,-4.904968871524538088e+00
-3.867384172275021115e+01,-4.932234247868631627e+00
-3.865047140016957172e+01,-4.959499624212714508e+00
-3.862710107758892519e+01,-4.986765000556804495e+00
-3.860373075500827866e+01,-5.014030376900887376e+00
-3.858036043242763213e+01,-5.041295753244970257e+00
-3.855699010984698560e+01,-5.068561129589060243e+00
-3.853361978726633907e+01,-5.095826505933143125e+00
-3.851024946468569965e+01,-5.123091882277236664e+00
-3.848687914210505312e+01,-5.150357258621315992e+00
-3.847070771353362062e+01,-5.182700115764177440e+00
-3.845453628496219523e+01,-5.215042972907028229e+00
-3.843836485639076272e+01,-5.247385830049886124e+00
-3.842219342781934444e+01,-5.279728687192747572e+00
-3.840602199924791194e+01,-5.312071544335605466e+00
-3.838985057067648654e+01,-5.344414401478456256e+00
-3.837367914210505404e+01,-5.376757258621317703e+00
-3.835750771353362154e+01,-5.409100115764175598e+00
-3.834133628496219615e+01,-5.441442972907026387e+00
-3.832516485639076365e+01,-5.473785830049887835e+00
-3.830899342781934536e+01,-5.506128687192745730e+00
-3.829282199924791286e+01,-5.538471544335607177e+00
-3.827665057067648036e+01,-5.570814401478457967e+00
-3.826047914210505496e+01,-5.603157258621315862e+00
-3.824430771353362246e+01,-5.635500115764177309e+00
-3.822813628496218996e+01,-5.667842972907028098e+00
-3.821196485639076457e+01,-5.700185830049885993e+00
-3.819579342781934628e+01,-5.732528687192747441e+00
-3.817962199924791378e+01,-5.764871544335608888e+00
-3.816345057067648128e+01,-5.797214401478456125e+00
-3.814727914210505588e+01,-5.829557258621317573e+00
-3.813110771353362338e+01,-5.861900115764175467e+00
-3.811493628496219088e+01,-5.894242972907026257e+00
-3.809876485639076549e+01,-5.926585830049887704e+00
-3.808259342781934009e+01,-5.958928687192745599e+00
-3.806642199924791470e+01,-5.991271544335607047e+00
-3.805025057067648220e+01,-6.023614401478457836e+00
-3.803407914210504970e+01,-6.055957258621315731e+00
-3.801790771353362430e+01,-6.088300115764177178e+00
-3.800173628496219180e+01,-6.120642972907027968e+00
-3.798556485639076641e+01,-6.152985830049885863e+00
-3.796939342781934101e+01,-6.185328687192747310e+00
-3.795322199924791562e+01,-6.217671544335608758e+00
-3.793705057067648312e+01,-6.250014401478455994e+00
-3.792087914210505062e+01,-6.282357258621317442e+00
-3.790470771353362522e+01,-6.314700115764178889e+00
-3.788853628496219272e+01,-6.347042972907026126e+00
-3.787236485639076022e+01,-6.379385830049887574e+00
-3.785619342781934193e+01,-6.411728687192745468e+00
-3.784002199924791654e+01,-6.444071544335606916e+00
-3.782385057067648404e+01,-6.476414401478457705e+00
-3.780767914210505154e+01,-6.508757258621315600e+00
-3.779150771353362614e+01,-6.541100115764177048e+00
-3.777533628496219364e+01,-6.573442972907027837e+00
-3.775916485639076114e+01,-6.605785830049885732e+00
-3.774299342781934286e+01,-6.638128687192747179e+00
-3.772682199924791036e+01,-6.670471544335608627e+00
-3.771065057067648496e+01,-6.702814401478455864e+00
-3.769447914210505246e+01,-6.735157258621317311e+00
-3.767830771353361996e+01,-6.767500115764178759e+00
-3.766213628496219457e+01,-6.799842972907025995e+00
-3.764596485639076207e+01,-6.832185830049887443e+00
-3.762979342781934378e+01,-6.864528687192748890e+00
-3.761362199924791128e+01,-6.896871544335606785e+00
-3.759745057067648588e+01,-6.929214401478457575e+00
-3.758127914210505338e+01,-6.961557258621315469e+00
-3.756510771353362088e+01,-6.993900115764176917e+00
-3.754893628496219549e+01,-7.026242972907027706e+00
-3.753276485639076299e+01,-7.058585830049885601e+00
-3.751659342781934470e+01,-7.090928687192747049e+00
-3.750042199924791220e+01,-7.123271544335608496e+00
-3.748425057067647970e+01,-7.155614401478455733e+00
-3.746807914210505430e+01,-7.187957258621317180e+00
-3.745190771353362180e+01,-7.220300115764178628e+00
-3.743573628496219641e+01,-7.252642972907025865e+00
-3.741956485639076391e+01,-7.284985830049887312e+00
-3.740339342781934562e+01,-7.317328687192748760e+00
-3.738722199924791312e+01,-7.349671544335606654e+00
-3.737105057067648062e+01,-7.382014401478457444e+00
-3.735487914210505522e+01,-7.414357258621318891e+00
-3.733870771353362272e+01,-7.446700115764176786e+00
-3.732253628496219022e+01,-7.479042972907027576e+00
-3.730636485639076483e+01,-7.511385830049885470e+00
-3.729019342781934654e+01,-7.543728687192746918e+00
-3.727402199924791404e+01,-7.576071544335608365e+00
-3.725785057067648154e+01,-7.608414401478455602e+00
-3.724167914210505614e+01,-7.640757258621317050e+00
-3.722550771353362364e+01,-7.673100115764178497e+00
-3.720933628496219114e+01,-7.705442972907025734e+00
-3.719316485639076575e+01,-7.737785830049887181e+00
-3.717699342781934035e+01,-7.770128687192748629e+00
-3.716082199924791496e+01,-7.802471544335606524e+00
-3.714465057067648246e+01,-7.834814401478457313e+00
-3.712847914210504996e+01,-7.867157258621318761e+00
-3.711230771353362456e+01,-7.899500115764176655e+00
-3.709613628496219206e+01,-7.931842972907027445e+00
-3.707996485639075956e+01,-7.964185830049885340e+00
-3.706379342781934128e+01,-7.996528687192746787e+00
-3.704762199924791588e+01,-8.028871544335608235e+00
-3.703145057067648338e+01,-8.061214401478455471e+00
-3.701527914210505088e+01,-8.093557258621316919e+00
-3.699910771353362549e+01,-8.125900115764178366e+00
-3.698293628496219299e+01,-8.158242972907025603e+00
-3.696676485639076049e+01,-8.190585830049887051e+00
-3.695059342781934220e+01,-8.222928687192748498e+00
-3.693442199924790970e+01,-8.255271544335606393e+00
-3.691825057067648430e+01,-8.287614401478457182e+00
-3.690207914210505180e+01,-8.319957258621318630e+00
-3.688590771353362641e+01,-8.352300115764176525e+00
-3.686973628496219391e+01,-8.384642972907027314e+00
-3.685356485639076141e+01,-8.416985830049888762e+00
-3.683739342781934312e+01,-8.449328687192746656e+00
-3.682122199924791062e+01,-8.481671544335608104e+00
-3.680505057067648522e+01,-8.514014401478455341e+00
-3.678887914210505272e+01,-8.546357258621316788e+00
-3.677270771353362022e+01,-8.578700115764178236e+00
-3.675653628496219483e+01,-8.611042972907025472e+00
-3.674036485639076233e+01,-8.643385830049886920e+00
-3.672419342781934404e+01,-8.675728687192748367e+00
-3.670802199924791154e+01,-8.708071544335606262e+00
-3.669185057067648614e+01,-8.740414401478457052e+00
-3.667567914210505364e+01,-8.772757258621318499e+00
-3.664781452672043827e+01,-8.795048950929015064e+00
-3.661994991133582289e+01,-8.817340643236700970e+00
-3.659208529595120751e+01,-8.839632335544397534e+00
-3.656422068056658503e+01,-8.861924027852086994e+00
-3.653635606518197676e+01,-8.884215720159783558e+00
-3.650849144979736138e+01,-8.906507412467469464e+00
-3.648062683441273890e+01,-8.928799104775169582e+00
-3.645276221902813063e+01,-8.951090797082855488e+00
-3.642489760364352236e+01,-8.973382489390552053e+00
-3.639703298825889988e+01,-8.995674181698237959e+00
-3.636916837287428450e+01,-9.017965874005938076e+00
-3.634130375748966202e+01,-9.040257566313623983e+00
-3.631343914210505375e+01,-9.062549258621320547e+00
-3.628557452672043837e+01,-9.084840950929010006e+00
-3.625770991133582299e+01,-9.107132643236706571e+00
-3.622984529595120762e+01,-9.129424335544392477e+00
-3.620198068056658514e+01,-9.151716027852089042e+00
-3.617411606518197686e+01,-9.174007720159778501e+00
-3.614625144979736149e+01,-9.196299412467475065e+00
-3.611838683441273901e+01,-9.218591104775160971e+00
-3.609052221902813073e+01,-9.240882797082857536e+00
-3.606265760364352246e+01,-9.263174489390546995e+00
-3.603479298825889998e+01,-9.285466181698243560e+00
-3.600692837287428461e+01,-9.307757874005929466e+00
-3.597906375748966212e+01,-9.330049566313629583e+00
-3.595119914210505385e+01,-9.352341258621315490e+00
-3.592333452672043848e+01,-9.374632950929012054e+00
-3.589546991133582310e+01,-9.396924643236697960e+00
-3.586760529595120772e+01,-9.419216335544398078e+00
-3.583974068056658524e+01,-9.441508027852083984e+00
-3.581187606518197697e+01,-9.463799720159780549e+00
-3.578401144979736159e+01,-9.486091412467470008e+00
-3.575614683441273911e+01,-9.508383104775166572e+00
-3.572828221902813084e+01,-9.530674797082852479e+00
-3.570041760364352257e+01,-9.552966489390549043e+00
-3.567255298825890009e+01,-9.575258181698238502e+00
-3.564468837287428471e+01,-9.597549874005935067e+00
-3.561682375748966223e+01,-9.619841566313620973e+00
-3.558895914210505396e+01,-9.642133258621317538e+00
-3.556109452672043858e+01,-9.664424950929006997e+00
-3.553322991133582320e+01,-9.686716643236703561e+00
-3.550536529595120783e+01,-9.709008335544389467e+00
-3.547750068056658534e+01,-9.731300027852089585e+00
-3.544963606518197707e+01,-9.753591720159775491e+00
-3.542177144979736170e+01,-9.775883412467472056e+00
-3.539390683441273922e+01,-9.798175104775157962e+00
-3.536604221902813094e+01,-9.820466797082858079e+00
-3.533817760364352267e+01,-9.842758489390543986e+00
-3.531031298825890019e+01,-9.865050181698240550e+00
-3.528244837287428481e+01,-9.887341874005930009e+00
-3.525458375748966233e+01,-9.909633566313626574e+00
-3.522671914210505406e+01,-9.931925258621312480e+00
-3.519885452672043868e+01,-9.954216950929009045e+00
-3.517098991133582331e+01,-9.976508643236698504e+00
-3.514312529595120793e+01,-9.998800335544395068e+00
-3.511526068056658545e+01,-1.002109202785208097e+01
-3.508739606518197718e+01,-1.004338372015978109e+01
-3.505953144979736180e+01,-1.006567541246746700e+01
-3.503166683441273932e+01,-1.008796710477516356e+01
-3.500380221902813105e+01,-1.011025879708284947e+01
-3.497593760364352278e+01,-1.013255048939054959e+01
-3.494807298825890030e+01,-1.015484218169823549e+01
-3.492020837287428492e+01,-1.017713387400593206e+01
-3.489234375748966244e+01,-1.019942556631362152e+01
-3.486447914210505417e+01,-1.022171725862131808e+01
-3.482825514210505702e+01,-1.022171725862131808e+01
-3.479203114210505987e+01,-1.022171725862131808e+01
-3.475580714210504851e+01,-1.022171725862131808e+01
-3.471958314210505137e+01,-1.022171725862131808e+01
-3.468335914210505422e+01,-1.022171725862131808e+01
-3.464713514210505707e+01,-1.022171725862131808e+01
-3.461091114210505992e+01,-1.022171725862131808e+01
-3.457468714210504857e+01,-1.022171725862131808e+01
-3.453846314210505142e+01,-1.022171725862131808e+01
-3.450223914210505427e+01,-1.022171725862131808e+01
-3.446601514210505712e+01,-1.022171725862131808e+01
-3.442979114210505998e+01,-1.022171725862131808e+01
-3.439356714210504862e+01,-1.022171725862131808e+01
-3.435734314210505147e+01,-1.022171725862131808e+01
-3.432111914210505432e+01,-1.022171725862131808e+01
-3.428489514210505718e+01,-1.022171725862131808e+01
-3.424867114210506003e+01,-1.022171725862131808e+01
-3.421244714210504867e+01,-1.022171725862131808e+01
-3.417622314210505152e+01,-1.022171725862131808e+01
-3.413999914210505437e+01,-1.022171725862131808e+01
-3.410377514210505723e+01,-1.022171725862131808e+01
-3.406755114210506008e+01,-1.022171725862131808e+01
-3.403132714210504872e+01,-1.022171725862131808e+01
-3.399510314210505157e+01,-1.022171725862131808e+01
-3.395887914210505443e+01,-1.022171725862131808e+01
-3.392265514210505728e+01,-1.022171725862131808e+01
-3.388643114210506013e+01,-1.022171725862131808e+01
-3.385020714210504877e+01,-1.022171725862131808e+01
-3.381398314210505163e+01,-1.022171725862131808e+01
-3.377775914210505448e+01,-1.022171725862131808e+01
-3.374153514210505733e+01,-1.022171725862131808e+01
-3.370531114210506018e+01,-1.022171725862131808e+01
-3.366908714210504883e+01,-1.022171725862131808e+01
-3.363286314210505168e+01,-1.022171725862131808e+01
-3.359663914210505453e+01,-1.022171725862131808e+01
-3.356041514210505738e+01,-1.022171725862131808e+01
-3.352419114210506024e+01,-1.022171725862131808e+01
-3.348796714210504888e+01,-1.022171725862131808e+01
-3.345174314210505173e+01,-1.022171725862131808e+01
-3.341551914210505458e+01,-1.022171725862131808e+01
-3.339136980877172078e+01,-1.019756792528798428e+01
-3.336722047543838698e+01,-1.017341859195465403e+01
-3.334307114210506029e+01,-1.014926925862132023e+01
-3.331892180877171228e+01,-1.012511992528797933e+01
-3.329477247543838558e+01,-1.010097059195464553e+01
-3.327062314210505178e+01,-1.007682125862131528e+01
-3.324647380877171798e+01,-1.005267192528798148e+01
-3.322232447543838418e+01,-1.002852259195465123e+01
-3.319817514210505749e+01,-1.000437325862132099e+01
-3.317402580877172369e+01,-9.980223925287987186e+00
-3.314987647543838989e+01,-9.956074591954656938e+00
-3.312572714210504898e+01,-9.931925258621312480e+00
-3.310157780877171518e+01,-9.907775925287982233e+00
-3.307742847543838849e+01,-9.883626591954648433e+00
-3.305327914210505469e+01,-9.859477258621318185e+00
-3.301764897817062661e+01,-9.853538897965577803e+00
-3.298201881423619852e+01,-9.847600537309837421e+00
-3.294638865030177044e+01,-9.841662176654107697e+00
-3.291075848636734236e+01,-9.835723815998370867e+00
-3.287512832243291427e+01,-9.829785455342630485e+00
-3.283949815849849330e+01,-9.823847094686890102e+00
-3.280386799456407232e+01,-9.817908734031149720e+00
-3.276823783062964424e+01,-9.811970373375409338e+00
-3.273260766669521615e+01,-9.806032012719683166e+00
-3.269697750276079518e+01,-9.800093652063942784e+00
-3.266134733882636709e+01,-9.794155291408202402e+00
-3.262571717489193901e+01,-9.788216930752462019e+00
-3.259008701095751093e+01,-9.782278570096725190e+00
-3.255445684702308284e+01,-9.776340209440995466e+00
-3.251882668308865476e+01,-9.770401848785255083e+00
-3.248319651915422668e+01,-9.764463488129514701e+00
-3.244756635521980570e+01,-9.758525127473774319e+00
-3.241193619128537762e+01,-9.752586766818037489e+00
-3.237630602735095664e+01,-9.746648406162297107e+00
-3.234067586341653566e+01,-9.740710045506567383e+00
-3.230504569948210758e+01,-9.734771684850827000e+00
-3.226941553554767950e+01,-9.728833324195086618e+00
-3.223378537161325141e+01,-9.722894963539349789e+00
-3.219815520767882333e+01,-9.716956602883609406e+00
-3.216252504374439525e+01,-9.711018242227879682e+00
-3.212689487980996716e+01,-9.705079881572139300e+00
-3.209126471587553908e+01,-9.699141520916398918e+00
-3.205563455194111810e+01,-9.693203160260662088e+00
-3.202000438800669002e+01,-9.687264799604921706e+00
-3.198437422407226194e+01,-9.681326438949181323e+00
-3.194874406013784807e+01,-9.675388078293451599e+00
-3.191311389620341998e+01,-9.669449717637711217e+00
-3.187748373226899190e+01,-9.663511356981974387e+00
-3.184185356833456382e+01,-9.657572996326234005e+00
-3.180622340440013573e+01,-9.651634635670493623e+00
-3.177059324046570765e+01,-9.645696275014753240e+00
-3.173496307653127957e+01,-9.639757914359027069e+00
-3.169933291259685859e+01,-9.633819553703286687e+00
-3.166370274866243051e+01,-9.627881193047546304e+00
-3.162807258472800243e+01,-9.621942832391805922e+00
-3.159244242079357434e+01,-9.616004471736065540e+00
-3.155681225685914626e+01,-9.610066111080339368e+00
-3.152118209292473239e+01,-9.604127750424598986e+00
-3.148555192899030430e+01,-9.598189389768858604e+00
-3.144992176505587622e+01,-9.592251029113118221e+00
-3.141429160112144814e+01,-9.586312668457381392e+00
-3.137866143718702006e+01,-9.580374307801641010e+00
-3.134303127325259197e+01,-9.574435947145911285e+00
-3.130740110931817100e+01,-9.568497586490170903e+00
-3.127177094538374291e+01,-9.562559225834430521e+00
-3.123614078144931483e+01,-9.556620865178693691e+00
-3.120051061751488675e+01,-9.550682504522953309e+00
-3.116488045358045866e+01,-9.544744143867223585e+00
-3.112925028964603058e+01,-9.538805783211483202e+00
-3.109362012571161671e+01,-9.532867422555742820e+00
-3.105798996177718863e+01,-9.526929061900005991e+00
-3.102235979784276054e+01,-9.520990701244265608e+00
-3.098672963390833246e+01,-9.515052340588525226e+00
-3.095109946997390438e+01,-9.509113979932795502e+00
-3.091546930603948340e+01,-9.503175619277055119e+00
-3.087983914210505532e+01,-9.497237258621318290e+00
-3.085568980877172152e+01,-9.473087925287984490e+00
-3.083154047543838772e+01,-9.448938591954654242e+00
-3.080739114210505392e+01,-9.424789258621320442e+00
-3.078324180877171301e+01,-9.400639925287979537e+00
-3.075909247543838632e+01,-9.376490591954645737e+00
-3.073494314210505252e+01,-9.352341258621315490e+00
-3.071079380877171872e+01,-9.328191925287981690e+00
-3.068664447543838492e+01,-9.304042591954651442e+00
-3.066249514210505822e+01,-9.279893258621317642e+00
-3.063834580877172442e+01,-9.255743925287987395e+00
-3.061419647543839062e+01,-9.231594591954653595e+00
-3.059004714210504972e+01,-9.207445258621312689e+00
-3.056589780877171592e+01,-9.183295925287982442e+00
-3.054174847543838212e+01,-9.159146591954648642e+00
-3.051759914210505542e+01,-9.134997258621318394e+00
-3.048137514210505827e+01,-9.134997258621318394e+00
-3.044515114210505402e+01,-9.134997258621318394e+00
-3.040892714210504977e+01,-9.134997258621318394e+00
-3.037270314210505262e+01,-9.134997258621318394e+00
-3.033647914210505547e+01,-9.134997258621318394e+00
-3.030025514210505833e+01,-9.134997258621318394e+00
-3.026403114210505407e+01,-9.134997258621318394e+00
-3.022780714210504982e+01,-9.134997258621318394e+00
-3.019158314210505267e+01,-9.134997258621318394e+00
-3.015535914210505553e+01,-9.134997258621318394e+00
-3.011913514210505838e+01,-9.134997258621318394e+00
-3.008291114210505413e+01,-9.134997258621318394e+00
-3.004668714210504987e+01,-9.134997258621318394e+00
-3.001046314210505273e+01,-9.134997258621318394e+00
-2.997423914210505558e+01,-9.134997258621318394e+00
-2.993801514210505843e+01,-9.134997258621318394e+00
-2.990179114210505418e+01,-9.134997258621318394e+00
-2.986556714210504992e+01,-9.134997258621318394e+00
-2.982934314210505278e+01,-9.134997258621318394e+00
-2.979311914210505563e+01,-9.134997258621318394e+00
-2.975689514210505848e+01,-9.134997258621318394e+00
-2.972067114210505423e+01,-9.134997258621318394e+00
-2.968444714210504998e+01,-9.134997258621318394e+00
-2.964822314210505283e+01,-9.134997258621318394e+00
-2.961199914210505568e+01,-9.134997258621318394e+00
-2.957577514210505853e+01,-9.134997258621318394e+00
-2.953955114210505428e+01,-9.134997258621318394e+00
-2.950332714210505003e+01,-9.134997258621318394e+00
-2.946710314210505288e+01,-9.134997258621318394e+00
-2.943087914210505573e+01,-9.134997258621318394e+00
-2.939868003099393690e+01,-9.118897703065758975e+00
-2.936648091988283227e+01,-9.102798147510199556e+00
-2.933428180877171343e+01,-9.086698591954654347e+00
-2.930208269766060880e+01,-9.070599036399094928e+00
-2.926988358654948996e+01,-9.054499480843535508e+00
-2.923768447543838533e+01,-9.038399925287979642e+00
-2.920548536432727360e+01,-9.022300369732430880e+00
-2.917328625321616187e+01,-9.006200814176871461e+00
-2.914108714210505013e+01,-8.990101258621315594e+00
-2.910888803099394551e+01,-8.974001703065756175e+00
-2.907668891988282667e+01,-8.957902147510210966e+00
-2.904448980877172204e+01,-8.941802591954651547e+00
-2.901229069766060320e+01,-8.925703036399092127e+00
-2.898009158654949857e+01,-8.909603480843536261e+00
-2.894789247543837973e+01,-8.893503925287987499e+00
-2.891569336432727511e+01,-8.877404369732428080e+00
-2.888349425321616337e+01,-8.861304814176872213e+00
-2.885129514210505164e+01,-8.845205258621312794e+00
-2.881909603099393991e+01,-8.829105703065764033e+00
-2.878689691988283528e+01,-8.813006147510208166e+00
-2.875469780877171644e+01,-8.796906591954648746e+00
-2.872249869766061181e+01,-8.780807036399089327e+00
-2.869029958654949297e+01,-8.764707480843544118e+00
-2.865810047543838834e+01,-8.748607925287984699e+00
-2.862590136432726950e+01,-8.732508369732428832e+00
-2.859370225321616488e+01,-8.716408814176869413e+00
-2.856150314210505314e+01,-8.700309258621320652e+00
-2.852930403099394852e+01,-8.684209703065764785e+00
-2.849710491988282968e+01,-8.668110147510205366e+00
-2.846490580877172505e+01,-8.652010591954645946e+00
-2.843270669766060621e+01,-8.635911036399100738e+00
-2.840050758654950158e+01,-8.619811480843541318e+00
-2.836830847543838274e+01,-8.603711925287981899e+00
-2.833610936432727812e+01,-8.587612369732426032e+00
-2.830391025321616638e+01,-8.571512814176877271e+00
-2.827171114210505465e+01,-8.555413258621317851e+00
-2.823951203099394291e+01,-8.539313703065761985e+00
-2.820731291988283829e+01,-8.523214147510202565e+00
-2.817511380877171945e+01,-8.507114591954653804e+00
-2.814291469766061482e+01,-8.491015036399097937e+00
-2.811071558654949598e+01,-8.474915480843538518e+00
-2.807851647543839135e+01,-8.458815925287982651e+00
-2.804631736432727251e+01,-8.442716369732433890e+00
-2.801411825321616789e+01,-8.426616814176874470e+00
-2.798191914210505615e+01,-8.410517258621318604e+00
-2.794569514210505190e+01,-8.410517258621318604e+00
-2.790947114210505475e+01,-8.410517258621318604e+00
-2.787324714210505050e+01,-8.410517258621318604e+00
-2.783702314210505335e+01,-8.410517258621318604e+00
-2.780079914210505621e+01,-8.410517258621318604e+00
-2.776457514210505195e+01,-8.410517258621318604e+00
-2.772835114210505481e+01,-8.410517258621318604e+00
-2.769212714210505055e+01,-8.410517258621318604e+00
-2.765590314210505340e+01,-8.410517258621318604e+00
-2.761967914210505626e+01,-8.410517258621318604e+00
-2.758345514210505200e+01,-8.410517258621318604e+00
-2.754723114210505486e+01,-8.410517258621318604e+00
-2.751100714210505060e+01,-8.410517258621318604e+00
-2.747478314210505346e+01,-8.410517258621318604e+00
-2.743855914210505631e+01,-8.410517258621318604e+00
-2.740233514210505206e+01,-8.410517258621318604e+00
-2.736611114210505491e+01,-8.410517258621318604e+00
-2.732988714210505066e+01,-8.410517258621318604e+00
-2.729366314210505351e+01,-8.410517258621318604e+00
-2.725743914210505636e+01,-8.410517258621318604e+00
-2.722121514210505211e+01,-8.410517258621318604e+00
-2.718499114210505496e+01,-8.410517258621318604e+00
-2.714876714210505071e+01,-8.410517258621318604e+00
-2.711254314210505356e+01,-8.410517258621318604e+00
-2.707631914210505641e+01,-8.410517258621318604e+00
-2.704009514210505216e+01,-8.410517258621318604e+00
-2.700387114210505501e+01,-8.410517258621318604e+00
-2.696764714210505076e+01,-8.410517258621318604e+00
-2.693142314210505361e+01,-8.410517258621318604e+00
-2.689519914210505647e+01,-8.410517258621318604e+00
-2.687104980877172267e+01,-8.386367925287984804e+00
-2.684690047543838887e+01,-8.362218591954654556e+00
-2.682275114210505507e+01,-8.338069258621320756e+00
-2.679860180877171416e+01,-8.313919925287979851e+00
-2.677445247543838036e+01,-8.289770591954646051e+00
-2.675030314210505367e+01,-8.265621258621315803e+00
-2.672615380877171987e+01,-8.241471925287982003e+00
-2.670200447543838607e+01,-8.217322591954651756e+00
-2.667785514210505227e+01,-8.193173258621317956e+00
-2.665370580877172557e+01,-8.169023925287987709e+00
-2.662955647543839177e+01,-8.144874591954653908e+00
-2.660540714210505087e+01,-8.120725258621313003e+00
-2.658125780877171707e+01,-8.096575925287982756e+00
-2.655710847543838327e+01,-8.072426591954648956e+00
-2.653295914210504947e+01,-8.048277258621318708e+00
-2.649724533928814907e+01,-8.043175286790336997e+00
-2.646153153647124867e+01,-8.038073314959344629e+00
-2.642581773365434827e+01,-8.032971343128362918e+00
-2.639010393083744788e+01,-8.027869371297370549e+00
-2.635439012802054037e+01,-8.022767399466388838e+00
-2.631867632520363998e+01,-8.017665427635396469e+00
-2.628296252238673958e+01,-8.012563455804414758e+00
-2.624724871956983918e+01,-8.007461483973433047e+00
-2.621153491675293878e+01,-8.002359512142440678e+00
-2.617582111393603128e+01,-7.997257540311458968e+00
-2.614010731111913088e+01,-7.992155568480470151e+00
-2.610439350830223759e+01,-7.987053596649488441e+00
-2.606867970548533719e+01,-7.981951624818506730e+00
-2.603296590266843680e+01,-7.976849652987514361e+00
-2.599725209985153640e+01,-7.971747681156532650e+00
-2.596153829703463600e+01,-7.966645709325540281e+00
-2.592582449421772850e+01,-7.961543737494558570e+00
-2.589011069140082810e+01,-7.956441765663566201e+00
-2.585439688858392770e+01,-7.951339793832584490e+00
-2.581868308576702731e+01,-7.946237822001602780e+00
-2.578296928295012691e+01,-7.941135850170610411e+00
-2.574725548013321941e+01,-7.936033878339628700e+00
-2.571154167731631901e+01,-7.930931906508639884e+00
-2.567582787449941861e+01,-7.925829934677658173e+00
-2.564011407168251822e+01,-7.920727962846665804e+00
-2.560440026886561782e+01,-7.915625991015684093e+00
-2.556868646604871032e+01,-7.910524019184702382e+00
-2.553297266323180992e+01,-7.905422047353710013e+00
-2.549725886041490952e+01,-7.900320075522728303e+00
-2.546154505759800912e+01,-7.895218103691735934e+00
-2.542583125478110873e+01,-7.890116131860754223e+00
-2.539011745196420122e+01,-7.885014160029761854e+00
-2.535440364914730083e+01,-7.879912188198780143e+00
-2.531868984633040043e+01,-7.874810216367798432e+00
-2.528297604351350003e+01,-7.869708244536809616e+00
-2.524726224069660674e+01,-7.864606272705827905e+00
-2.521154843787970634e+01,-7.859504300874835536e+00
-2.517583463506280594e+01,-7.854402329043853825e+00
-2.514012083224589844e+01,-7.849300357212872115e+00
-2.510440702942899804e+01,-7.844198385381879746e+00
-2.506869322661209765e+01,-7.839096413550898035e+00
-2.503297942379519725e+01,-7.833994441719905666e+00
-2.499726562097829685e+01,-7.828892469888923955e+00
-2.496155181816138935e+01,-7.823790498057931586e+00
-2.492583801534448895e+01,-7.818688526226949875e+00
-2.489012421252758855e+01,-7.813586554395968164e+00
-2.485441040971068816e+01,-7.808484582564979348e+00
-2.481869660689378776e+01,-7.803382610733997637e+00
-2.478298280407688026e+01,-7.798280638903005269e+00
-2.474726900125997986e+01,-7.793178667072023558e+00
-2.471155519844307946e+01,-7.788076695241031189e+00
-2.467584139562617906e+01,-7.782974723410049478e+00
-2.464012759280927867e+01,-7.777872751579067767e+00
-2.460441378999237116e+01,-7.772770779748075398e+00
-2.456869998717547077e+01,-7.767668807917093687e+00
-2.453298618435857037e+01,-7.762566836086101318e+00
-2.449727238154166997e+01,-7.757464864255119608e+00
-2.446155857872476957e+01,-7.752362892424127239e+00
-2.442584477590787628e+01,-7.747260920593149081e+00
-2.439013097309097589e+01,-7.742158948762167370e+00
-2.435441717027406838e+01,-7.737056976931175001e+00
-2.431870336745716799e+01,-7.731955005100193290e+00
-2.428298956464026759e+01,-7.726853033269200921e+00
-2.424727576182336719e+01,-7.721751061438219210e+00
-2.421156195900646679e+01,-7.716649089607237499e+00
-2.417584815618955929e+01,-7.711547117776245130e+00
-2.414013435337265889e+01,-7.706445145945263420e+00
-2.410442055055575850e+01,-7.701343174114271051e+00
-2.406870674773885810e+01,-7.696241202283289340e+00
-2.403299294492195770e+01,-7.691139230452296971e+00
-2.399727914210505020e+01,-7.686037258621318813e+00
-2.397312980877172350e+01,-7.661887925287985013e+00
-2.394898047543838970e+01,-7.637738591954654765e+00
-2.392483114210505590e+01,-7.613589258621320965e+00
-2.390068180877171500e+01,-7.589439925287980060e+00
-2.387653247543838120e+01,-7.565290591954646260e+00
-2.385238314210504740e+01,-7.541141258621316013e+00
-2.382823380877172070e+01,-7.516991925287982212e+00
-2.380408447543838690e+01,-7.492842591954651965e+00
-2.377993514210505310e+01,-7.468693258621318165e+00
-2.375578580877172641e+01,-7.444543925287987918e+00
-2.373163647543839261e+01,-7.420394591954654118e+00
-2.370748714210505170e+01,-7.396245258621313212e+00
-2.368333780877171790e+01,-7.372095925287979412e+00
-2.365918847543838410e+01,-7.347946591954649165e+00
-2.363503914210505030e+01,-7.323797258621318917e+00
-2.359940897817062933e+01,-7.317858897965578535e+00
-2.356377881423620124e+01,-7.311920537309838153e+00
-2.352814865030177316e+01,-7.305982176654108429e+00
-2.349251848636734508e+01,-7.300043815998368046e+00
-2.345688832243291699e+01,-7.294105455342631217e+00
-2.342125815849848891e+01,-7.288167094686890835e+00
-2.338562799456407504e+01,-7.282228734031150452e+00
-2.334999783062964696e+01,-7.276290373375410070e+00
-2.331436766669521887e+01,-7.270352012719680346e+00
-2.327873750276079079e+01,-7.264413652063943516e+00
-2.324310733882636271e+01,-7.258475291408203134e+00
-2.320747717489194173e+01,-7.252536930752462752e+00
-2.317184701095751365e+01,-7.246598570096722369e+00
-2.313621684702308556e+01,-7.240660209440992645e+00
-2.310058668308865748e+01,-7.234721848785255816e+00
-2.306495651915422940e+01,-7.228783488129515433e+00
-2.302932635521980131e+01,-7.222845127473775051e+00
-2.299369619128537323e+01,-7.216906766818034669e+00
-2.295806602735095936e+01,-7.210968406162297839e+00
-2.292243586341653128e+01,-7.205030045506568115e+00
-2.288680569948210319e+01,-7.199091684850827733e+00
-2.285117553554767511e+01,-7.193153324195087350e+00
-2.281554537161325413e+01,-7.187214963539346968e+00
-2.277991520767882605e+01,-7.181276602883610138e+00
-2.274428504374439797e+01,-7.175338242227880414e+00
-2.270865487980996988e+01,-7.169399881572140032e+00
-2.267302471587554180e+01,-7.163461520916399650e+00
-2.263739455194111372e+01,-7.157523160260659267e+00
-2.260176438800668564e+01,-7.151584799604922438e+00
-2.256613422407226466e+01,-7.145646438949182055e+00
-2.253050406013784368e+01,-7.139708078293452331e+00
-2.249487389620341560e+01,-7.133769717637711949e+00
-2.245924373226898751e+01,-7.127831356981975119e+00
-2.242361356833456654e+01,-7.121892996326234737e+00
-2.238798340440013845e+01,-7.115954635670494355e+00
-2.235235324046571037e+01,-7.110016275014753973e+00
-2.231672307653128229e+01,-7.104077914359024248e+00
-2.228109291259685421e+01,-7.098139553703287419e+00
-2.224546274866242612e+01,-7.092201193047547036e+00
-2.220983258472799804e+01,-7.086262832391806654e+00
-2.217420242079357706e+01,-7.080324471736066272e+00
-2.213857225685914898e+01,-7.074386111080336548e+00
-2.210294209292472800e+01,-7.068447750424599718e+00
-2.206731192899029992e+01,-7.062509389768859336e+00
-2.203168176505587894e+01,-7.056571029113118954e+00
-2.199605160112145086e+01,-7.050632668457378571e+00
-2.196042143718702278e+01,-7.044694307801641742e+00
-2.192479127325259469e+01,-7.038755947145912018e+00
-2.188916110931816661e+01,-7.032817586490171635e+00
-2.185353094538373853e+01,-7.026879225834431253e+00
-2.181790078144931044e+01,-7.020940865178690871e+00
-2.178227061751488947e+01,-7.015002504522954041e+00
-2.174664045358046138e+01,-7.009064143867224317e+00
-2.171101028964603330e+01,-7.003125783211483935e+00
-2.167538012571161232e+01,-6.997187422555743552e+00
-2.163974996177719134e+01,-6.991249061900003170e+00
-2.160411979784276326e+01,-6.985310701244266340e+00
-2.156848963390833518e+01,-6.979372340588525958e+00
-2.153285946997390710e+01,-6.973433979932796234e+00
-2.149722930603947901e+01,-6.967495619277055852e+00
-2.146159914210505093e+01,-6.961557258621315469e+00
-2.143744980877172424e+01,-6.937407925287985222e+00
-2.141330047543839044e+01,-6.913258591954654975e+00
-2.138915114210505664e+01,-6.889109258621321175e+00
-2.136500180877171573e+01,-6.864959925287980269e+00
-2.134085247543838193e+01,-6.840810591954646469e+00
-2.131670314210504813e+01,-6.816661258621316222e+00
-2.129255380877172144e+01,-6.792511925287982422e+00
-2.126840447543838764e+01,-6.768362591954652174e+00
-2.124425514210505384e+01,-6.744213258621318374e+00
-2.122010580877172004e+01,-6.720063925287988127e+00
-2.119595647543839334e+01,-6.695914591954654327e+00
-2.117180714210504533e+01,-6.671765258621313421e+00
-2.114765780877171863e+01,-6.647615925287979621e+00
-2.112350847543838483e+01,-6.623466591954649374e+00
-2.109935914210505103e+01,-6.599317258621315574e+00
-2.106313514210505389e+01,-6.599317258621315574e+00
-2.102691114210505674e+01,-6.599317258621315574e+00
-2.099068714210504538e+01,-6.599317258621315574e+00
-2.095446314210504823e+01,-6.599317258621315574e+00
-2.091823914210505109e+01,-6.599317258621315574e+00
-2.088201514210505394e+01,-6.599317258621315574e+00
-2.084579114210505679e+01,-6.599317258621315574e+00
-2.080956714210505254e+01,-6.599317258621315574e+00
-2.077334314210504829e+01,-6.599317258621315574e+00
-2.073711914210505824e+01,-6.599317258621315574e+00
-2.070089514210505399e+01,-6.599317258621315574e+00
-2.066467114210506395e+01,-6.599317258621315574e+00
-2.062844714210504549e+01,-6.599317258621315574e+00
-2.059222314210505544e+01,-6.599317258621315574e+00
-2.055599914210505119e+01,-6.599317258621315574e+00
-2.051977514210506115e+01,-6.599317258621315574e+00
-2.048355114210505690e+01,-6.599317258621315574e+00
-2.044732714210505264e+01,-6.599317258621315574e+00
-2.041110314210504839e+01,-6.599317258621315574e+00
-2.037487914210505835e+01,-6.599317258621315574e+00
-2.033865514210505410e+01,-6.599317258621315574e+00
-2.030243114210504984e+01,-6.599317258621315574e+00
-2.026620714210504559e+01,-6.599317258621315574e+00
-2.022998314210505555e+01,-6.599317258621315574e+00
-2.019375914210505130e+01,-6.599317258621315574e+00
-2.015753514210506125e+01,-6.599317258621315574e+00
-2.012131114210505700e+01,-6.599317258621315574e+00
-2.008508714210505275e+01,-6.599317258621315574e+00
-2.004886314210504850e+01,-6.599317258621315574e+00
-2.001263914210505845e+01,-6.599317258621315574e+00
-1.998044003099393251e+01,-6.583217703065759707e+00
-1.994824091988283499e+01,-6.567118147510200288e+00
-1.991604180877170904e+01,-6.551018591954651527e+00
-1.988384269766061152e+01,-6.534919036399095660e+00
-1.985164358654948558e+01,-6.518819480843536240e+00
-1.981944447543838805e+01,-6.502719925287980374e+00
-1.978724536432727632e+01,-6.486620369732431612e+00
-1.975504625321616459e+01,-6.470520814176872193e+00
-1.972284714210505285e+01,-6.454421258621316326e+00
-1.969064803099394112e+01,-6.438321703065756907e+00
-1.965844891988282939e+01,-6.422222147510208146e+00
-1.962624980877171765e+01,-6.406122591954652279e+00
-1.959405069766060592e+01,-6.390023036399092859e+00
-1.956185158654949419e+01,-6.373923480843533440e+00
-1.952965247543838245e+01,-6.357823925287988232e+00
-1.949745336432727072e+01,-6.341724369732428812e+00
-1.946525425321615899e+01,-6.325624814176869393e+00
-1.943305514210506146e+01,-6.309525258621313526e+00
-1.940085603099393552e+01,-6.293425703065764765e+00
-1.936865691988283800e+01,-6.277326147510208898e+00
-1.933645780877171205e+01,-6.261226591954649479e+00
-1.930425869766061453e+01,-6.245127036399090059e+00
-1.927205958654948859e+01,-6.229027480843544851e+00
-1.923986047543839106e+01,-6.212927925287985431e+00
-1.920766136432727933e+01,-6.196828369732426012e+00
-1.917546225321616760e+01,-6.180728814176870145e+00
-1.914326314210505586e+01,-6.164629258621321384e+00
-1.911106403099394413e+01,-6.148529703065761964e+00
-1.907886491988283240e+01,-6.132430147510206098e+00
-1.904666580877172066e+01,-6.116330591954646678e+00
-1.901446669766060893e+01,-6.100231036399097917e+00
-1.898226758654949720e+01,-6.084131480843542050e+00
-1.895006847543838546e+01,-6.068031925287982631e+00
-1.891786936432727373e+01,-6.051932369732426764e+00
-1.888567025321616200e+01,-6.035832814176878003e+00
-1.885347114210505026e+01,-6.019733258621318583e+00
-1.882127203099393853e+01,-6.003633703065762717e+00
-1.878907291988284101e+01,-5.987534147510203297e+00
-1.875687380877171506e+01,-5.971434591954654536e+00
-1.872467469766061754e+01,-5.955335036399098669e+00
-1.869247558654949160e+01,-5.939235480843539250e+00
-1.866027647543839407e+01,-5.923135925287979831e+00
-1.862807736432726813e+01,-5.907036369732434622e+00
-1.859587825321617061e+01,-5.890936814176875203e+00
-1.856367914210505887e+01,-5.874837258621315783e+00
-1.852745514210505462e+01,-5.874837258621315783e+00
-1.849123114210505037e+01,-5.874837258621315783e+00
-1.845500714210504611e+01,-5.874837258621315783e+00
-1.841878314210505607e+01,-5.874837258621315783e+00
-1.838255914210505182e+01,-5.874837258621315783e+00
-1.834633514210506178e+01,-5.874837258621315783e+00
-1.831011114210505752e+01,-5.874837258621315783e+00
-1.827388714210505327e+01,-5.874837258621315783e+00
-1.823766314210504902e+01,-5.874837258621315783e+00
-1.820143914210505898e+01,-5.874837258621315783e+00
-1.816521514210505472e+01,-5.874837258621315783e+00
-1.812899114210505047e+01,-5.874837258621315783e+00
-1.809276714210504622e+01,-5.874837258621315783e+00
-1.805654314210505618e+01,-5.874837258621315783e+00
-1.802031914210505192e+01,-5.874837258621315783e+00
-1.798409514210506188e+01,-5.874837258621315783e+00
-1.794787114210505763e+01,-5.874837258621315783e+00
-1.791164714210505338e+01,-5.874837258621315783e+00
-1.787542314210504912e+01,-5.874837258621315783e+00
-1.783919914210505908e+01,-5.874837258621315783e+00
-1.780297514210505483e+01,-5.874837258621315783e+00
-1.776675114210505058e+01,-5.874837258621315783e+00
-1.773052714210504632e+01,-5.874837258621315783e+00
-1.769430314210505628e+01,-5.874837258621315783e+00
-1.765807914210505203e+01,-5.874837258621315783e+00
-1.762185514210504778e+01,-5.874837258621315783e+00
-1.758563114210505773e+01,-5.874837258621315783e+00
-1.754940714210505348e+01,-5.874837258621315783e+00
-1.751318314210504923e+01,-5.874837258621315783e+00
-1.747695914210505919e+01,-5.874837258621315783e+00
-1.745280980877171828e+01,-5.850687925287985536e+00
-1.742866047543839159e+01,-5.826538591954651736e+00
-1.740451114210505068e+01,-5.802389258621321488e+00
-1.738036180877170978e+01,-5.778239925287980583e+00
-1.735621247543838308e+01,-5.754090591954646783e+00
-1.733206314210505639e+01,-5.729941258621316535e+00
-1.730791380877171548e+01,-5.705791925287982735e+00
-1.728376447543838879e+01,-5.681642591954652488e+00
-1.725961514210504788e+01,-5.657493258621318688e+00
-1.723546580877172119e+01,-5.633343925287988441e+00
-1.721131647543839449e+01,-5.609194591954654641e+00
-1.718716714210505359e+01,-5.585045258621313735e+00
-1.716301780877171268e+01,-5.560895925287979935e+00
-1.713886847543838599e+01,-5.536746591954649688e+00
-1.711471914210505929e+01,-5.512597258621315888e+00
-1.707900533928814468e+01,-5.507495286790334177e+00
-1.704329153647124429e+01,-5.502393314959345361e+00
-1.700757773365434389e+01,-5.497291343128363650e+00
-1.697186393083744349e+01,-5.492189371297371281e+00
-1.693615012802054309e+01,-5.487087399466389570e+00
-1.690043632520364270e+01,-5.481985427635397201e+00
-1.686472252238674230e+01,-5.476883455804415490e+00
-1.682900871956984190e+01,-5.471781483973433780e+00
-1.679329491675294150e+01,-5.466679512142441411e+00
-1.675758111393604111e+01,-5.461577540311459700e+00
-1.672186731111912650e+01,-5.456475568480467331e+00
-1.668615350830224031e+01,-5.451373596649485620e+00
-1.665043970548533991e+01,-5.446271624818503909e+00
-1.661472590266843952e+01,-5.441169652987515093e+00
-1.657901209985153912e+01,-5.436067681156533382e+00
-1.654329829703463872e+01,-5.430965709325541013e+00
-1.650758449421773832e+01,-5.425863737494559302e+00
-1.647187069140082372e+01,-5.420761765663566933e+00
-1.643615688858392332e+01,-5.415659793832585223e+00
-1.640044308576702292e+01,-5.410557822001603512e+00
-1.636472928295012252e+01,-5.405455850170611143e+00
-1.632901548013322213e+01,-5.400353878339629432e+00
-1.629330167731632173e+01,-5.395251906508637063e+00
-1.625758787449942133e+01,-5.390149934677655352e+00
-1.622187407168252093e+01,-5.385047962846662983e+00
-1.618616026886562054e+01,-5.379945991015684825e+00
-1.615044646604872014e+01,-5.374844019184703114e+00
-1.611473266323180553e+01,-5.369742047353710745e+00
-1.607901886041490513e+01,-5.364640075522729035e+00
-1.604330505759800474e+01,-5.359538103691736666e+00
-1.600759125478110434e+01,-5.354436131860754955e+00
-1.597187745196420394e+01,-5.349334160029762586e+00
-1.593616364914730354e+01,-5.344232188198780875e+00
-1.590044984633040315e+01,-5.339130216367799164e+00
-1.586473604351350275e+01,-5.334028244536806795e+00
-1.582902224069660235e+01,-5.328926272705825085e+00
-1.579330843787970196e+01,-5.323824300874832716e+00
-1.575759463506280156e+01,-5.318722329043854558e+00
-1.572188083224590116e+01,-5.313620357212872847e+00
-1.568616702942900076e+01,-5.308518385381880478e+00
-1.565045322661210037e+01,-5.303416413550898767e+00
-1.561473942379519997e+01,-5.298314441719906398e+00
-1.557902562097829957e+01,-5.293212469888924687e+00
-1.554331181816139917e+01,-5.288110498057932318e+00
-1.550759801534448457e+01,-5.283008526226950607e+00
-1.547188421252758417e+01,-5.277906554395968897e+00
-1.543617040971068377e+01,-5.272804582564976528e+00
-1.540045660689378337e+01,-5.267702610733994817e+00
-1.536474280407688298e+01,-5.262600638903002448e+00
-1.532902900125998258e+01,-5.257498667072024290e+00
-1.529331519844308218e+01,-5.252396695241031921e+00
-1.525760139562618178e+01,-5.247294723410050210e+00
-1.522188759280928139e+01,-5.242192751579068499e+00
-1.518617378999236678e+01,-5.237090779748076130e+00
-1.515045998717546638e+01,-5.231988807917094420e+00
-1.511474618435856598e+01,-5.226886836086102051e+00
-1.507903238154166559e+01,-5.221784864255120340e+00
-1.504331857872476519e+01,-5.216682892424127971e+00
-1.500760477590787900e+01,-5.211580920593146260e+00
-1.497189097309097860e+01,-5.206478948762164549e+00
-1.493617717027407821e+01,-5.201376976931172180e+00
-1.490046336745716360e+01,-5.196275005100194022e+00
-1.486474956464026320e+01,-5.191173033269201653e+00
-1.482903576182336280e+01,-5.186071061438219942e+00
-1.479332195900646241e+01,-5.180969089607238232e+00
-1.475760815618956201e+01,-5.175867117776245863e+00
-1.472189435337266161e+01,-5.170765145945264152e+00
-1.468618055055576122e+01,-5.165663174114271783e+00
-1.465046674773886082e+01,-5.160561202283290072e+00
-1.461475294492196042e+01,-5.155459230452297703e+00
-1.457903914210504581e+01,-5.150357258621315992e+00
-1.455488980877171912e+01,-5.126207925287985745e+00
-1.453074047543839242e+01,-5.102058591954651945e+00
-1.450659114210505152e+01,-5.077909258621321698e+00
-1.448244180877171061e+01,-5.053759925287977239e+00
-1.445829247543838392e+01,-5.029610591954646992e+00
-1.443414314210505722e+01,-5.005461258621316745e+00
-1.440999380877171632e+01,-4.981311925287982945e+00
-1.438584447543838962e+01,-4.957162591954652697e+00
-1.436169514210504872e+01,-4.933013258621318897e+00
-1.433754580877172202e+01,-4.908863925287988650e+00
-1.431339647543839533e+01,-4.884714591954654850e+00
-1.428924714210505442e+01,-4.860565258621313944e+00
-1.426509780877171352e+01,-4.836415925287980144e+00
-1.424094847543838682e+01,-4.812266591954649897e+00
-1.421679914210504592e+01,-4.788117258621316097e+00
-1.418116897817063204e+01,-4.782178897965579267e+00
-1.414553881423620396e+01,-4.776240537309838885e+00
-1.410990865030177588e+01,-4.770302176654109161e+00
-1.407427848636734780e+01,-4.764363815998368779e+00
-1.403864832243291971e+01,-4.758425455342628396e+00
-1.400301815849849163e+01,-4.752487094686891567e+00
-1.396738799456407776e+01,-4.746548734031151184e+00
-1.393175783062964967e+01,-4.740610373375410802e+00
-1.389612766669522159e+01,-4.734672012719681078e+00
-1.386049750276079351e+01,-4.728733652063940696e+00
-1.382486733882636543e+01,-4.722795291408203866e+00
-1.378923717489193734e+01,-4.716856930752463484e+00
-1.375360701095750926e+01,-4.710918570096723101e+00
-1.371797684702308118e+01,-4.704980209440993377e+00
-1.368234668308865309e+01,-4.699041848785252995e+00
-1.364671651915422501e+01,-4.693103488129516165e+00
-1.361108635521979693e+01,-4.687165127473775783e+00
-1.357545619128536885e+01,-4.681226766818035401e+00
-1.353982602735095497e+01,-4.675288406162295018e+00
-1.350419586341652689e+01,-4.669350045506565294e+00
-1.346856569948209881e+01,-4.663411684850828465e+00
-1.343293553554767072e+01,-4.657473324195088082e+00
-1.339730537161325685e+01,-4.651534963539347700e+00
-1.336167520767882877e+01,-4.645596602883607318e+00
-1.332604504374440069e+01,-4.639658242227881146e+00
-1.329041487980997260e+01,-4.633719881572140764e+00
-1.325478471587554452e+01,-4.627781520916400382e+00
-1.321915455194111644e+01,-4.621843160260659999e+00
-1.318352438800668835e+01,-4.615904799604919617e+00
-1.314789422407226027e+01,-4.609966438949182788e+00
-1.311226406013784640e+01,-4.604028078293453063e+00
-1.307663389620341832e+01,-4.598089717637712681e+00
-1.304100373226899023e+01,-4.592151356981972299e+00
-1.300537356833456215e+01,-4.586212996326235469e+00
-1.296974340440013407e+01,-4.580274635670495087e+00
-1.293411324046570599e+01,-4.574336275014754705e+00
-1.289848307653127790e+01,-4.568397914359024981e+00
-1.286285291259684982e+01,-4.562459553703284598e+00
-1.282722274866242174e+01,-4.556521193047547769e+00
-1.279159258472799365e+01,-4.550582832391807386e+00
-1.275596242079357978e+01,-4.544644471736067004e+00
-1.272033225685915170e+01,-4.538706111080337280e+00
-1.268470209292472362e+01,-4.532767750424596898e+00
-1.264907192899029553e+01,-4.526829389768860068e+00
-1.261344176505588166e+01,-4.520891029113119686e+00
-1.257781160112145358e+01,-4.514952668457379303e+00
-1.254218143718702549e+01,-4.509014307801638921e+00
-1.250655127325259741e+01,-4.503075947145909197e+00
-1.247092110931816933e+01,-4.497137586490172367e+00
-1.243529094538374125e+01,-4.491199225834431985e+00
-1.239966078144931316e+01,-4.485260865178691603e+00
-1.236403061751488508e+01,-4.479322504522951220e+00
-1.232840045358045700e+01,-4.473384143867225049e+00
-1.229277028964602891e+01,-4.467445783211484667e+00
-1.225714012571161504e+01,-4.461507422555744284e+00
-1.222150996177718696e+01,-4.455569061900003902e+00
-1.218587979784275888e+01,-4.449630701244263520e+00
-1.215024963390833079e+01,-4.443692340588526690e+00
-1.211461946997390271e+01,-4.437753979932796966e+00
-1.207898930603947463e+01,-4.431815619277056584e+00
-1.204335914210504654e+01,-4.425877258621316201e+00
-1.201920980877171985e+01,-4.401727925287985954e+00
-1.199506047543839315e+01,-4.377578591954652154e+00
-1.197091114210505225e+01,-4.353429258621321907e+00
-1.194676180877171134e+01,-4.329279925287977449e+00
-1.192261247543838465e+01,-4.305130591954647201e+00
-1.189846314210504374e+01,-4.280981258621316954e+00
-1.187431380877171705e+01,-4.256831925287983154e+00
-1.185016447543839035e+01,-4.232682591954649354e+00
-1.182601514210504945e+01,-4.208533258621322659e+00
-1.180186580877172275e+01,-4.184383925287988859e+00
-1.177771647543839606e+01,-4.160234591954655059e+00
-1.175356714210505515e+01,-4.136085258621314154e+00
-1.172941780877171425e+01,-4.111935925287980353e+00
-1.170526847543838755e+01,-4.087786591954646553e+00
-1.168111914210504665e+01,-4.063637258621319859e+00
-1.164489514210505661e+01,-4.063637258621319859e+00
-1.160867114210505235e+01,-4.063637258621319859e+00
-1.157244714210504810e+01,-4.063637258621319859e+00
-1.153622314210504385e+01,-4.063637258621319859e+00
-1.149999914210505381e+01,-4.063637258621319859e+00
-1.146377514210504955e+01,-4.063637258621319859e+00
-1.142755114210505951e+01,-4.063637258621319859e+00
-1.139132714210505526e+01,-4.063637258621319859e+00
-1.135510314210505101e+01,-4.063637258621319859e+00
-1.131887914210504675e+01,-4.063637258621319859e+00
-1.128265514210505671e+01,-4.063637258621319859e+00
-1.124643114210505246e+01,-4.063637258621319859e+00
-1.121020714210504821e+01,-4.063637258621319859e+00
-1.117398314210504395e+01,-4.063637258621319859e+00
-1.113775914210505391e+01,-4.063637258621319859e+00
-1.110153514210504966e+01,-4.063637258621319859e+00
-1.106531114210505962e+01,-4.063637258621319859e+00
-1.102908714210505536e+01,-4.063637258621319859e+00
-1.099286314210505111e+01,-4.063637258621319859e+00
-1.095663914210504686e+01,-4.063637258621319859e+00
-1.092041514210505682e+01,-4.063637258621319859e+00
-1.088419114210505256e+01,-4.063637258621319859e+00
-1.084796714210504831e+01,-4.063637258621319859e+00
-1.081174314210504406e+01,-4.063637258621319859e+00
-1.077551914210505402e+01,-4.063637258621319859e+00
-1.073929514210504976e+01,-4.063637258621319859e+00
-1.070307114210505972e+01,-4.063637258621319859e+00
-1.066684714210505547e+01,-4.063637258621319859e+00
-1.063062314210505122e+01,-4.063637258621319859e+00
-1.059439914210504696e+01,-4.063637258621319859e+00
-1.056220003099393523e+01,-4.047537703065756887e+00
-1.053000091988283771e+01,-4.031438147510201020e+00
-1.049780180877171176e+01,-4.015338591954652259e+00
-1.046560269766061424e+01,-3.999239036399096392e+00
-1.043340358654948830e+01,-3.983139480843540525e+00
-1.040120447543839077e+01,-3.967039925287977553e+00
-1.036900536432726483e+01,-3.950940369732428792e+00
-1.033680625321616731e+01,-3.934840814176872925e+00
-1.030460714210505557e+01,-3.918741258621317058e+00
-1.027240803099394384e+01,-3.902641703065754086e+00
-1.024020891988283211e+01,-3.886542147510212430e+00
-1.020800980877172037e+01,-3.870442591954649458e+00
-1.017581069766060864e+01,-3.854343036399093592e+00
-1.014361158654949691e+01,-3.838243480843537725e+00
-1.011141247543838517e+01,-3.822143925287988964e+00
-1.007921336432727344e+01,-3.806044369732425992e+00
-1.004701425321616171e+01,-3.789944814176870125e+00
-1.001481514210504997e+01,-3.773845258621314258e+00
-9.982616030993938239e+00,-3.757745703065765497e+00
-9.950416919882826505e+00,-3.741646147510209630e+00
-9.918217808771714772e+00,-3.725546591954646658e+00
-9.886018697660617249e+00,-3.709447036399090791e+00
-9.853819586549491305e+00,-3.693347480843542030e+00
-9.821620475438393782e+00,-3.677247925287986163e+00
-9.789421364327267838e+00,-3.661148369732430297e+00
-9.757222253216170316e+00,-3.645048814176867324e+00
-9.725023142105044371e+00,-3.628949258621318563e+00
-9.692824030993946849e+00,-3.612849703065762696e+00
-9.660624919882835115e+00,-3.596750147510206830e+00
-9.628425808771723382e+00,-3.580650591954643858e+00
-9.596226697660611649e+00,-3.564551036399102202e+00
-9.564027586549499915e+00,-3.548451480843539230e+00
-9.531828475438388182e+00,-3.532351925287983363e+00
-9.499629364327276448e+00,-3.516252369732427496e+00
-9.467430253216164715e+00,-3.500152814176878735e+00
-9.435231142105052982e+00,-3.484053258621315763e+00
-9.403032030993941248e+00,-3.467953703065759896e+00
-9.370832919882829515e+00,-3.451854147510204029e+00
-9.338633808771717781e+00,-3.435754591954655268e+00
-9.306434697660606048e+00,-3.419655036399099401e+00
-9.274235586549494315e+00,-3.403555480843536429e+00
-9.242036475438396792e+00,-3.387455925287980563e+00
-9.209837364327270848e+00,-3.371356369732431801e+00
-9.177638253216173325e+00,-3.355256814176875935e+00
-9.145439142105047381e+00,-3.339157258621320068e+00
-9.109215142105057339e+00,-3.339157258621320068e+00
-9.072991142105053086e+00,-3.339157258621320068e+00
-9.036767142105048833e+00,-3.339157258621320068e+00
-9.000543142105044581e+00,-3.339157258621320068e+00
-8.964319142105054539e+00,-3.339157258621320068e+00
-8.928095142105050286e+00,-3.339157258621320068e+00
-8.891871142105060244e+00,-3.339157258621320068e+00
-8.855647142105041780e+00,-3.339157258621320068e+00
-8.819423142105051738e+00,-3.339157258621320068e+00
-8.783199142105047486e+00,-3.339157258621320068e+00
-8.746975142105057444e+00,-3.339157258621320068e+00
-8.710751142105053191e+00,-3.339157258621320068e+00
-8.674527142105048938e+00,-3.339157258621320068e+00
-8.638303142105044685e+00,-3.339157258621320068e+00
-8.602079142105054643e+00,-3.339157258621320068e+00
-8.565855142105050390e+00,-3.339157258621320068e+00
-8.529631142105060349e+00,-3.339157258621320068e+00
-8.493407142105041885e+00,-3.339157258621320068e+00
-8.457183142105051843e+00,-3.339157258621320068e+00
-8.420959142105047590e+00,-3.339157258621320068e+00
-8.384735142105057548e+00,-3.339157258621320068e+00
-8.348511142105053295e+00,-3.339157258621320068e+00
-8.312287142105049043e+00,-3.339157258621320068e+00
-8.276063142105044790e+00,-3.339157258621320068e+00
-8.239839142105054748e+00,-3.339157258621320068e+00
-8.203615142105050495e+00,-3.339157258621320068e+00
-8.167391142105060453e+00,-3.339157258621320068e+00
-8.131167142105041989e+00,-3.339157258621320068e+00
-8.094943142105051948e+00,-3.339157258621320068e+00
-8.058719142105047695e+00,-3.339157258621320068e+00
-8.034569808771721000e+00,-3.315007925287986268e+00
-8.010420475438394305e+00,-3.290858591954652468e+00
-7.986271142105053400e+00,-3.266709258621318668e+00
-7.962121808771712494e+00,-3.242559925287977762e+00
-7.937972475438385800e+00,-3.218410591954643962e+00
-7.913823142105044894e+00,-3.194261258621317268e+00
-7.889673808771718200e+00,-3.170111925287983468e+00
-7.865524475438391505e+00,-3.145962591954649668e+00
-7.841375142105050600e+00,-3.121813258621315867e+00
-7.817225808771723905e+00,-3.097663925287989173e+00
-7.793076475438397210e+00,-3.073514591954655373e+00
-7.768927142105042094e+00,-3.049365258621314467e+00
-7.744777808771715399e+00,-3.025215925287980667e+00
-7.720628475438388705e+00,-3.001066591954646867e+00
-7.696479142105047799e+00,-2.976917258621320173e+00
-7.660765339288147402e+00,-2.971815286790338462e+00
-7.625051536471247005e+00,-2.966713314959342540e+00
-7.589337733654346607e+00,-2.961611343128360829e+00
-7.553623930837446210e+00,-2.956509371297372013e+00
-7.517910128020545812e+00,-2.951407399466390302e+00
-7.482196325203645415e+00,-2.946305427635394381e+00
-7.446482522386745018e+00,-2.941203455804412670e+00
-7.410768719569844620e+00,-2.936101483973430959e+00
-7.375054916752930012e+00,-2.930999512142442143e+00
-7.339341113936029615e+00,-2.925897540311460432e+00
-7.303627311119129217e+00,-2.920795568480471616e+00
-7.267913508302243031e+00,-2.915693596649489905e+00
-7.232199705485342633e+00,-2.910591624818508194e+00
-7.196485902668442236e+00,-2.905489652987512272e+00
-7.160772099851541839e+00,-2.900387681156530562e+00
-7.125058297034627230e+00,-2.895285709325541745e+00
-7.089344494217726833e+00,-2.890183737494560035e+00
-7.053630691400826436e+00,-2.885081765663564113e+00
-7.017916888583926038e+00,-2.879979793832582402e+00
-6.982203085767025641e+00,-2.874877822001600691e+00
-6.946489282950125244e+00,-2.869775850170611875e+00
-6.910775480133224846e+00,-2.864673878339630164e+00
-6.875061677316324449e+00,-2.859571906508641348e+00
-6.839347874499424051e+00,-2.854469934677659637e+00
-6.803634071682523654e+00,-2.849367962846663715e+00
-6.767920268865609046e+00,-2.844265991015682005e+00
-6.732206466048708648e+00,-2.839164019184700294e+00
-6.696492663231808251e+00,-2.834062047353711478e+00
-6.660778860414907854e+00,-2.828960075522729767e+00
-6.625065057598007456e+00,-2.823858103691733845e+00
-6.589351254781107059e+00,-2.818756131860752134e+00
-6.553637451964206662e+00,-2.813654160029763318e+00
-6.517923649147306264e+00,-2.808552188198781607e+00
-6.482209846330405867e+00,-2.803450216367799896e+00
-6.446496043513491259e+00,-2.798348244536811080e+00
-6.410782240696605072e+00,-2.793246272705829369e+00
-6.375068437879704675e+00,-2.788144300874833448e+00
-6.339354635062804277e+00,-2.783042329043851737e+00
-6.303640832245903880e+00,-2.777940357212870026e+00
-6.267927029429003483e+00,-2.772838385381881210e+00
-6.232213226612103085e+00,-2.767736413550899499e+00
-6.196499423795202688e+00,-2.762634441719903577e+00
-6.160785620978288080e+00,-2.757532469888921867e+00
-6.125071818161387682e+00,-2.752430498057933050e+00
-6.089358015344487285e+00,-2.747328526226951340e+00
-6.053644212527586888e+00,-2.742226554395969629e+00
-6.017930409710686490e+00,-2.737124582564980813e+00
-5.982216606893786093e+00,-2.732022610733999102e+00
-5.946502804076885695e+00,-2.726920638903003180e+00
-5.910789001259985298e+00,-2.721818667072021469e+00
-5.875075198443084901e+00,-2.716716695241032653e+00
-5.839361395626170292e+00,-2.711614723410050942e+00
-5.803647592809269895e+00,-2.706512751579069231e+00
-5.767933789992369498e+00,-2.701410779748073310e+00
-5.732219987175469100e+00,-2.696308807917091599e+00
-5.696506184358568703e+00,-2.691206836086102783e+00
-5.660792381541668306e+00,-2.686104864255121072e+00
-5.625078578724767908e+00,-2.681002892424132256e+00
-5.589364775907881722e+00,-2.675900920593150545e+00
-5.553650973090967113e+00,-2.670798948762168834e+00
-5.517937170274066716e+00,-2.665696976931172912e+00
-5.482223367457166319e+00,-2.660595005100191202e+00
-5.446509564640265921e+00,-2.655493033269202385e+00
-5.410795761823365524e+00,-2.650391061438220675e+00
-5.375081959006465127e+00,-2.645289089607238964e+00
-5.339368156189564729e+00,-2.640187117776243042e+00
-5.303654353372664332e+00,-2.635085145945261331e+00
-5.267940550555763934e+00,-2.629983174114272515e+00
-5.232226747738849326e+00,-2.624881202283290804e+00
-5.196512944921948929e+00,-2.619779230452301988e+00
-5.160799142105048531e+00,-2.614677258621320277e+00
-5.136649808771721837e+00,-2.590527925287986477e+00
-5.112500475438395142e+00,-2.566378591954652677e+00
-5.088351142105054237e+00,-2.542229258621318877e+00
-5.064201808771713331e+00,-2.518079925287977971e+00
-5.040052475438386637e+00,-2.493930591954644171e+00
-5.015903142105045731e+00,-2.469781258621317477e+00
-4.991753808771719036e+00,-2.445631925287983677e+00
-4.967604475438392342e+00,-2.421482591954649877e+00
-4.943455142105051436e+00,-2.397333258621316077e+00
-4.919305808771724742e+00,-2.373183925287989382e+00
-4.895156475438383836e+00,-2.349034591954655582e+00
-4.871007142105042931e+00,-2.324885258621314676e+00
-4.846857808771716236e+00,-2.300735925287980876e+00
-4.822708475438389542e+00,-2.276586591954647076e+00
-4.798559142105048636e+00,-2.252437258621320382e+00
-4.762928978170620553e+00,-2.246498897965579999e+00
-4.727298814236192470e+00,-2.240560537309839617e+00
-4.691668650301764387e+00,-2.234622176654106340e+00
-4.656038486367350515e+00,-2.228683815998365958e+00
-4.620408322432922432e+00,-2.222745455342632681e+00
-4.584778158498494349e+00,-2.216807094686892299e+00
-4.549147994564066266e+00,-2.210868734031151916e+00
-4.513517830629652394e+00,-2.204930373375411534e+00
-4.477887666695224311e+00,-2.198992012719678257e+00
-4.442257502760796228e+00,-2.193053652063944980e+00
-4.406627338826368145e+00,-2.187115291408204598e+00
-4.370997174891940062e+00,-2.181176930752464216e+00
-4.335367010957511980e+00,-2.175238570096723834e+00
-4.299736847023083897e+00,-2.169300209440990557e+00
-4.264106683088655814e+00,-2.163361848785257280e+00
-4.228476519154227731e+00,-2.157423488129516898e+00
-4.192846355219799648e+00,-2.151485127473776515e+00
-4.157216191285371565e+00,-2.145546766818036133e+00
-4.121586027350957693e+00,-2.139608406162295751e+00
-4.085955863416529610e+00,-2.133670045506569579e+00
-4.050325699482101527e+00,-2.127731684850829197e+00
-4.014695535547673444e+00,-2.121793324195088815e+00
-3.979065371613245361e+00,-2.115854963539348432e+00
-3.943435207678817278e+00,-2.109916602883608050e+00
-3.907805043744389195e+00,-2.103978242227881879e+00
-3.872174879809975323e+00,-2.098039881572141496e+00
-3.836544715875547240e+00,-2.092101520916401114e+00
-3.800914551941119157e+00,-2.086163160260660732e+00
-3.765284388006691074e+00,-2.080224799604920349e+00
-3.729654224072262991e+00,-2.074286438949179967e+00
-3.694024060137849119e+00,-2.068348078293453796e+00
-3.658393896203421036e+00,-2.062409717637713413e+00
-3.622763732268992953e+00,-2.056471356981973031e+00
-3.587133568334564870e+00,-2.050532996326232649e+00
-3.551503404400136787e+00,-2.044594635670492266e+00
-3.515873240465708705e+00,-2.038656275014751884e+00
-3.480243076531280622e+00,-2.032717914359025713e+00
-3.444612912596852539e+00,-2.026779553703285330e+00
-3.408982748662424456e+00,-2.020841193047544948e+00
-3.373352584727996373e+00,-2.014902832391804566e+00
-3.337722420793568290e+00,-2.008964471736064183e+00
-3.302092256859140207e+00,-2.003026111080338012e+00
-3.266462092924726335e+00,-1.997087750424597630e+00
-3.230831928990298252e+00,-1.991149389768857247e+00
-3.195201765055870169e+00,-1.985211029113116865e+00
-3.159571601121442086e+00,-1.979272668457376483e+00
-3.123941437187028214e+00,-1.973334307801643206e+00
-3.088311273252600131e+00,-1.967395947145909929e+00
-3.052681109318172048e+00,-1.961457586490169547e+00
-3.017050945383743965e+00,-1.955519225834429164e+00
-2.981420781449315882e+00,-1.949580865178688782e+00
-2.945790617514887799e+00,-1.943642504522955505e+00
-2.910160453580459716e+00,-1.937704143867222228e+00
-2.874530289646031633e+00,-1.931765783211481846e+00
-2.838900125711617761e+00,-1.925827422555741464e+00
-2.803269961777189678e+00,-1.919889061900001082e+00
-2.767639797842761595e+00,-1.913950701244267805e+00
-2.732009633908333512e+00,-1.908012340588527422e+00
-2.696379469973905429e+00,-1.902073979932794145e+00
-2.660749306039477347e+00,-1.896135619277053763e+00
-2.625119142105049264e+00,-1.890197258621320486e+00
-2.600969808771722569e+00,-1.866047925287986686e+00
-2.576820475438381663e+00,-1.841898591954652886e+00
-2.552671142105054969e+00,-1.817749258621319086e+00
-2.528521808771714063e+00,-1.793599925287978181e+00
-2.504372475438387369e+00,-1.769450591954644381e+00
-2.480223142105046463e+00,-1.745301258621317686e+00
-2.456073808771719769e+00,-1.721151925287983886e+00
-2.431924475438393074e+00,-1.697002591954650086e+00
-2.407775142105052169e+00,-1.672853258621316286e+00
-2.383625808771725474e+00,-1.648703925287989591e+00
-2.359476475438384568e+00,-1.624554591954655791e+00
-2.335327142105043663e+00,-1.600405258621314886e+00
-2.311177808771716968e+00,-1.576255925287981086e+00
-2.287028475438390274e+00,-1.552106591954647286e+00
-2.262879142105049368e+00,-1.527957258621313485e+00
-2.226655142105059326e+00,-1.527957258621313485e+00
-2.190431142105055073e+00,-1.527957258621313485e+00
-2.154207142105050821e+00,-1.527957258621313485e+00
-2.117983142105046568e+00,-1.527957258621313485e+00
-2.081759142105056526e+00,-1.527957258621313485e+00
-2.045535142105052273e+00,-1.527957258621313485e+00
-2.009311142105062231e+00,-1.527957258621313485e+00
-1.973087142105043768e+00,-1.527957258621313485e+00
-1.936863142105053726e+00,-1.527957258621313485e+00
-1.900639142105049473e+00,-1.527957258621313485e+00
-1.864415142105059431e+00,-1.527957258621313485e+00
-1.828191142105055178e+00,-1.527957258621313485e+00
-1.791967142105050925e+00,-1.527957258621313485e+00
-1.755743142105046672e+00,-1.527957258621313485e+00
-1.719519142105056630e+00,-1.527957258621313485e+00
-1.683295142105052378e+00,-1.527957258621313485e+00
-1.647071142105062336e+00,-1.527957258621313485e+00
-1.610847142105043872e+00,-1.527957258621313485e+00
-1.574623142105053830e+00,-1.527957258621313485e+00
-1.538399142105049577e+00,-1.527957258621313485e+00
-1.502175142105059535e+00,-1.527957258621313485e+00
-1.465951142105055283e+00,-1.527957258621313485e+00
-1.429727142105051030e+00,-1.527957258621313485e+00
-1.393503142105046777e+00,-1.527957258621313485e+00
-1.357279142105056735e+00,-1.527957258621313485e+00
-1.321055142105052482e+00,-1.527957258621313485e+00
-1.284831142105062440e+00,-1.527957258621313485e+00
-1.248607142105043977e+00,-1.527957258621313485e+00
-1.212383142105053935e+00,-1.527957258621313485e+00
-1.176159142105049682e+00,-1.527957258621313485e+00
-1.143960030993937949e+00,-1.511857703065757619e+00
-1.111760919882826215e+00,-1.495758147510201752e+00
-1.079561808771714482e+00,-1.479658591954652991e+00
-1.047362697660602748e+00,-1.463559036399097124e+00
-1.015163586549491015e+00,-1.447459480843534152e+00
-9.829644754383934924e-01,-1.431359925287978285e+00
-9.507653643272675481e-01,-1.415260369732429524e+00
-9.185662532161700256e-01,-1.399160814176873657e+00
-8.863671421050440813e-01,-1.383061258621317791e+00
-8.541680309939465587e-01,-1.366961703065754818e+00
-8.219689198828206145e-01,-1.350862147510206057e+00
-7.897698087717230919e-01,-1.334762591954650190e+00
-7.575706976606113585e-01,-1.318663036399094324e+00
-7.253715865494996251e-01,-1.302563480843538457e+00
-6.931724754383878917e-01,-1.286463925287989696e+00
-6.609733643272761583e-01,-1.270364369732426724e+00
-6.287742532161644249e-01,-1.254264814176870857e+00
-5.965751421050526915e-01,-1.238165258621314990e+00
-5.643760309939409581e-01,-1.222065703065766229e+00
-5.321769198828292247e-01,-1.205966147510210362e+00
-4.999778087717174913e-01,-1.189866591954647390e+00
-4.677786976606057578e-01,-1.173767036399091523e+00
-4.355795865494940244e-01,-1.157667480843542762e+00
-4.033804754383822910e-01,-1.141567925287986895e+00
-3.711813643272705576e-01,-1.125468369732423923e+00
-3.389822532161730351e-01,-1.109368814176868057e+00
-3.067831421050470908e-01,-1.093269258621319295e+00
-2.745840309939495683e-01,-1.077169703065763429e+00
-2.423849198828236240e-01,-1.061070147510207562e+00
-2.101858087717261014e-01,-1.044970591954644590e+00
-1.779866976606001572e-01,-1.028871036399095829e+00
-1.457875865495026346e-01,-1.012771480843539962e+00
-1.135884754383909012e-01,-9.966719252879840951e-01
-8.138936432727916781e-02,-9.805723697324282284e-01
-4.919025321616743440e-02,-9.644728141768794671e-01
-1.699114210505570099e-02,-9.483732586213164950e-01
1.520796900605603241e-02,-9.322737030657606283e-01
4.740708011716776582e-02,-9.161741475102047616e-01
7.960619122827949923e-02,-9.000745919546560003e-01
1.118053023393912326e-01,-8.839750363991001336e-01
1.440044134505029660e-01,-8.678754808435371615e-01
1.762035245616146995e-01,-8.517759252879812948e-01
2.084026356727264329e-01,-8.356763697324325335e-01
2.406017467838381663e-01,-8.195768141768766668e-01
2.728008578949498997e-01,-8.034772586213136947e-01
3.090248578949399416e-01,-8.034772586213136947e-01
3.452488578949441944e-01,-8.034772586213136947e-01
3.814728578949484472e-01,-8.034772586213136947e-01
4.176968578949527000e-01,-8.034772586213136947e-01
4.539208578949427420e-01,-8.034772586213136947e-01
4.901448578949469947e-01,-8.034772586213136947e-01
5.263688578949370367e-01,-8.034772586213136947e-01
5.625928578949555003e-01,-8.034772586213136947e-01
5.988168578949455423e-01,-8.034772586213136947e-01
6.350408578949497951e-01,-8.034772586213136947e-01
6.712648578949398370e-01,-8.034772586213136947e-01
7.074888578949440898e-01,-8.034772586213136947e-01
7.437128578949483426e-01,-8.034772586213136947e-01
7.799368578949525954e-01,-8.034772586213136947e-01
8.161608578949426374e-01,-8.034772586213136947e-01
8.523848578949468902e-01,-8.034772586213136947e-01
8.886088578949369321e-01,-8.034772586213136947e-01
9.248328578949553958e-01,-8.034772586213136947e-01
9.610568578949454377e-01,-8.034772586213136947e-01
9.972808578949496905e-01,-8.034772586213136947e-01
1.033504857894939732e+00,-8.034772586213136947e-01
1.069728857894943985e+00,-8.034772586213136947e-01
1.105952857894948238e+00,-8.034772586213136947e-01
1.142176857894952491e+00,-8.034772586213136947e-01
1.178400857894942533e+00,-8.034772586213136947e-01
1.214624857894946786e+00,-8.034772586213136947e-01
1.250848857894936828e+00,-8.034772586213136947e-01
1.287072857894955291e+00,-8.034772586213136947e-01
1.323296857894945333e+00,-8.034772586213136947e-01
1.359520857894949586e+00,-8.034772586213136947e-01
1.383670191228276281e+00,-7.793279252879870000e-01
1.407819524561617186e+00,-7.551785919546532000e-01
1.431968857894943881e+00,-7.310292586213193999e-01
1.456118191228284786e+00,-7.068799252879784945e-01
1.480267524561611481e+00,-6.827305919546446944e-01
1.504416857894952386e+00,-6.585812586213179998e-01
1.528566191228279081e+00,-6.344319252879841997e-01
1.552715524561619986e+00,-6.102825919546503997e-01
1.576864857894946681e+00,-5.861332586213165996e-01
1.601014191228273376e+00,-5.619839252879899050e-01
1.625163524561614281e+00,-5.378345919546561049e-01
1.649312857894955187e+00,-5.136852586213151994e-01
1.673462191228281881e+00,-4.895359252879813994e-01
1.697611524561608576e+00,-4.653865919546475993e-01
1.721760857894949481e+00,-4.412372586213137993e-01
1.757474660711849879e+00,-4.361352867903320885e-01
1.793188463528750276e+00,-4.310333149593432722e-01
1.828902266345650673e+00,-4.259313431283615614e-01
1.864616069162551071e+00,-4.208293712973727452e-01
1.900329871979451468e+00,-4.157273994663910344e-01
1.936043674796351866e+00,-4.106254276353951127e-01
1.971757477613266474e+00,-4.055234558044134019e-01
2.007471280430166871e+00,-4.004214839734316911e-01
2.043185083247067269e+00,-3.953195121424428748e-01
2.078898886063967666e+00,-3.902175403114611640e-01
2.114612688880868063e+00,-3.851155684804652424e-01
2.150326491697754250e+00,-3.800135966494835316e-01
2.186040294514654647e+00,-3.749116248185018208e-01
2.221754097331569255e+00,-3.698096529875130045e-01
2.257467900148469653e+00,-3.647076811565312937e-01
2.293181702965370050e+00,-3.596057093255424775e-01
2.328895505782270448e+00,-3.545037374945607667e-01
2.364609308599170845e+00,-3.494017656635648450e-01
2.400323111416071242e+00,-3.442997938325831342e-01
2.436036914232971640e+00,-3.391978220016014234e-01
2.471750717049872037e+00,-3.340958501706126071e-01
2.507464519866772434e+00,-3.289938783396308963e-01
2.543178322683672832e+00,-3.238919065086349747e-01
2.578892125500587440e+00,-3.187899346776532639e-01
2.614605928317487837e+00,-3.136879628466644476e-01
2.650319731134388235e+00,-3.085859910156827368e-01
2.686033533951288632e+00,-3.034840191847010260e-01
2.721747336768189029e+00,-2.983820473537122098e-01
2.757461139585089427e+00,-2.932800755227304990e-01
2.793174942401989824e+00,-2.881781036917345773e-01
2.828888745218890222e+00,-2.830761318607528665e-01
2.864602548035790619e+00,-2.779741600297640503e-01
2.900316350852705227e+00,-2.728721881987823394e-01
2.936030153669605625e+00,-2.677702163678006286e-01
2.971743956486506022e+00,-2.626682445368047070e-01
3.007457759303392208e+00,-2.575662727058229962e-01
3.043171562120292606e+00,-2.524643008748341799e-01
3.078885364937193003e+00,-2.473623290438524691e-01
3.114599167754093401e+00,-2.422603572128707583e-01
3.150312970570993798e+00,-2.371583853818819421e-01
3.186026773387908406e+00,-2.320564135509002313e-01
3.221740576204808804e+00,-2.269544417199043096e-01
3.257454379021709201e+00,-2.218524698889225988e-01
3.293168181838609598e+00,-2.167504980579337825e-01
3.328881984655509996e+00,-2.116485262269520717e-01
3.364595787472410393e+00,-2.065465543959703609e-01
3.400309590289310790e+00,-2.014445825649744393e-01
3.436023393106211188e+00,-1.963426107339927285e-01
3.471737195923111585e+00,-1.912406389030039122e-01
3.507450998740026193e+00,-1.861386670720222014e-01
3.543164801556926591e+00,-1.810366952410333852e-01
3.578878604373826988e+00,-1.759347234100516744e-01
3.614592407190727386e+00,-1.708327515790699636e-01
3.650306210007627783e+00,-1.657307797480740419e-01
3.686020012824528180e+00,-1.606288079170923311e-01
3.721733815641428578e+00,-1.555268360861035148e-01
3.757447618458328975e+00,-1.504248642551218040e-01
3.793161421275229372e+00,-1.453228924241258824e-01
3.828875224092129770e+00,-1.402209205931441716e-01
3.864589026909030167e+00,-1.351189487621624608e-01
3.900302829725930565e+00,-1.300169769311736445e-01
3.936016632542830962e+00,-1.249150051001919337e-01
3.971730435359731359e+00,-1.198130332692031175e-01
4.007444238176631757e+00,-1.147110614382214067e-01
4.043158040993532154e+00,-1.096090896072396959e-01
4.078871843810432551e+00,-1.045071177762437742e-01
4.114585646627347160e+00,-9.940514594526206338e-02
4.150299449444247557e+00,-9.430317411427324714e-02
4.186013252261147954e+00,-8.920120228329153633e-02
4.221727055078048352e+00,-8.409923045229561467e-02
4.257440857894948749e+00,-7.899725862131390386e-02
4.289639969006060483e+00,-6.289770306575803716e-02
4.321839080117172216e+00,-4.679814751020217045e-02
4.354038191228283949e+00,-3.069859195465340918e-02
4.386237302339395683e+00,-1.459903639909754247e-02
4.418436413450507416e+00,1.500519156465429660e-03
4.450635524561619150e+00,1.760007471202129636e-02
4.482834635672730883e+00,3.369963026757005764e-02
4.515033746783842616e+00,4.979918582312592434e-02
4.547232857894954350e+00,6.589874137868179105e-02
4.579431969006051872e+00,8.199829693424476318e-02
4.611631080117177817e+00,9.809785248979352446e-02
4.643830191228275339e+00,1.141974080453493912e-01
4.676029302339401283e+00,1.302969636009052579e-01
4.708228413450498806e+00,1.463965191564682300e-01
4.740427524561624750e+00,1.624960747120098858e-01
4.772626635672722273e+00,1.785956302675728580e-01
4.804825746783834006e+00,1.946951858231287247e-01
4.837024857894945740e+00,2.107947413786845914e-01
4.869223969006057473e+00,2.268942969342333527e-01
4.901423080117169206e+00,2.429938524897963248e-01
4.933622191228280940e+00,2.590934080453521915e-01
4.965821302339392673e+00,2.751929636009080582e-01
4.998020413450504407e+00,2.912925191564568195e-01
5.030219524561616140e+00,3.073920747120126862e-01
5.062418635672727873e+00,3.234916302675756583e-01
5.094617746783839607e+00,3.395911858231315250e-01
5.126816857894951340e+00,3.556907413786802863e-01
5.159015969006048863e+00,3.717902969342361530e-01
5.191215080117174807e+00,3.878898524897920197e-01
5.223414191228272330e+00,4.039894080453549918e-01
5.255613302339398274e+00,4.200889636009037531e-01
5.287812413450495796e+00,4.361885191564596198e-01
5.320011524561621741e+00,4.522880747120154865e-01
5.352210635672719263e+00,4.683876302675784586e-01
5.384409746783830997e+00,4.844871858231201145e-01
5.416608857894942730e+00,5.005867413786830866e-01
5.448807969006054464e+00,5.166862969342389533e-01
5.481007080117166197e+00,5.327858524897948200e-01
5.513206191228277930e+00,5.488854080453435813e-01
5.545405302339389664e+00,5.649849636008994480e-01
5.577604413450501397e+00,5.810845191564624201e-01
5.609803524561613131e+00,5.971840747120182868e-01
5.642002635672724864e+00,6.132836302675670481e-01
5.674201746783836597e+00,6.293831858231229148e-01
5.706400857894948331e+00,6.454827413786858870e-01
5.742114660711848728e+00,6.505847132096675978e-01
5.777828463528749126e+00,6.556866850406564140e-01
5.813542266345649523e+00,6.607886568716381248e-01
5.849256069162549920e+00,6.658906287026269410e-01
5.884969871979450318e+00,6.709926005336086519e-01
5.920683674796364926e+00,6.760945723646045735e-01
5.956397477613265323e+00,6.811965441955862843e-01
5.992111280430165721e+00,6.862985160265679951e-01
6.027825083247066118e+00,6.914004878575568114e-01
6.063538886063966515e+00,6.965024596885385222e-01
6.099252688880866913e+00,7.016044315195344439e-01
6.134966491697753099e+00,7.067064033505161547e-01
6.170680294514667708e+00,7.118083751814978655e-01
6.206394097331568105e+00,7.169103470124866817e-01
6.242107900148468502e+00,7.220123188434683925e-01
6.277821702965368900e+00,7.271142906744572088e-01
6.313535505782269297e+00,7.322162625054389196e-01
6.349249308599169694e+00,7.373182343364348412e-01
6.384963111416070092e+00,7.424202061674165520e-01
6.420676914232970489e+00,7.475221779983982628e-01
6.456390717049870887e+00,7.526241498293870791e-01
6.492104519866771284e+00,7.577261216603687899e-01
6.527818322683685892e+00,7.628280934913647116e-01
6.563532125500586289e+00,7.679300653223464224e-01
6.599245928317486687e+00,7.730320371533352386e-01
6.634959731134387084e+00,7.781340089843169494e-01
6.670673533951287482e+00,7.832359808152986602e-01
6.706387336768187879e+00,7.883379526462874765e-01
6.742101139585088276e+00,7.934399244772691873e-01
6.777814942401988674e+00,7.985418963082651089e-01
6.813528745218889071e+00,8.036438681392468197e-01
6.849242548035789468e+00,8.087458399702356360e-01
6.884956350852704077e+00,8.138478118012173468e-01
6.920670153669604474e+00,8.189497836321990576e-01
6.956383956486504871e+00,8.240517554631949793e-01
6.992097759303391058e+00,8.291537272941766901e-01
7.027811562120291455e+00,8.342556991251655063e-01
7.063525364937191853e+00,8.393576709561472171e-01
7.099239167754092250e+00,8.444596427871289279e-01
7.134952970571006858e+00,8.495616146181177442e-01
7.170666773387907256e+00,8.546635864490994550e-01
7.206380576204807653e+00,8.597655582800953766e-01
7.242094379021708050e+00,8.648675301110770874e-01
7.277808181838608448e+00,8.699695019420659037e-01
7.313521984655508845e+00,8.750714737730476145e-01
7.349235787472409243e+00,8.801734456040293253e-01
7.384949590289309640e+00,8.852754174350252470e-01
7.420663393106210037e+00,8.903773892660069578e-01
7.456377195923110435e+00,8.954793610969957740e-01
7.492090998740025043e+00,9.005813329279774848e-01
7.527804801556925440e+00,9.056833047589663011e-01
7.563518604373825838e+00,9.107852765899480119e-01
7.599232407190726235e+00,9.158872484209297227e-01
7.634946210007626632e+00,9.209892202519256443e-01
7.670660012824527030e+00,9.260911920829073551e-01
7.706373815641427427e+00,9.311931639138961714e-01
7.742087618458327825e+00,9.362951357448778822e-01
7.777801421275228222e+00,9.413971075758738039e-01
7.813515224092128619e+00,9.464990794068555147e-01
7.849229026909029017e+00,9.516010512378372255e-01
7.884942829725929414e+00,9.567030230688260417e-01
7.920656632542844022e+00,9.618049948998077525e-01
7.956370435359730209e+00,9.669069667307965688e-01
7.992084238176644817e+00,9.720089385617782796e-01
8.027798040993531004e+00,9.771109103927599904e-01
8.063511843810445612e+00,9.822128822237559120e-01
8.099225646627346009e+00,9.873148540547376228e-01
8.134939449444246407e+00,9.924168258857264391e-01
8.170653252261146804e+00,9.975187977167081499e-01
8.206367055078061412e+00,1.002620769547704072e+00
8.242080857894947599e+00,1.007722741378685782e+00
8.274279969006059332e+00,1.023822296934241649e+00
8.306479080117185276e+00,1.039921852489797516e+00
8.338678191228268588e+00,1.056021408045346277e+00
8.370877302339394532e+00,1.072120963600902144e+00
8.403076413450506266e+00,1.088220519156465116e+00
8.435275524561617999e+00,1.104320074712020983e+00
8.467474635672715522e+00,1.120419630267569744e+00
8.499673746783841466e+00,1.136519185823125611e+00
8.531872857894953199e+00,1.152618741378688583e+00
8.564071969006064933e+00,1.168718296934244449e+00
8.596271080117162455e+00,1.184817852489793211e+00
8.628470191228274189e+00,1.200917408045349077e+00
8.660669302339400133e+00,1.217016963600904944e+00
8.692868413450511866e+00,1.233116519156467916e+00
8.725067524561609389e+00,1.249216074712009572e+00
8.757266635672721122e+00,1.265315630267572544e+00
8.789465746783832856e+00,1.281415185823128411e+00
8.821664857894958800e+00,1.297514741378684278e+00
8.853863969006056323e+00,1.313614296934233039e+00
8.886063080117168056e+00,1.329713852489796011e+00
8.918262191228279789e+00,1.345813408045351878e+00
8.950461302339405734e+00,1.361912963600907744e+00
8.982660413450489045e+00,1.378012519156456506e+00
9.014859524561614990e+00,1.394112074712012372e+00
9.047058635672726723e+00,1.410211630267575345e+00
9.079257746783838456e+00,1.426311185823131211e+00
9.111456857894935979e+00,1.442410741378679973e+00
9.143655969006061923e+00,1.458510296934235839e+00
9.175855080117173657e+00,1.474609852489791706e+00
9.208054191228285390e+00,1.490709408045354678e+00
9.240253302339382913e+00,1.506808963600903439e+00
9.272452413450494646e+00,1.522908519156459306e+00
9.304651524561620590e+00,1.539008074712015173e+00
9.336850635672732324e+00,1.555107630267578145e+00
9.369049746783829846e+00,1.571207185823119801e+00
9.401248857894941580e+00,1.587306741378682773e+00
9.433447969006053313e+00,1.603406296934238640e+00
9.465647080117179257e+00,1.619505852489794506e+00
9.497846191228276780e+00,1.635605408045343268e+00
9.530045302339388513e+00,1.651704963600906240e+00
9.562244413450500247e+00,1.667804519156462106e+00
9.594443524561626191e+00,1.683904074712017973e+00
9.626642635672709503e+00,1.700003630267566734e+00
9.658841746783835447e+00,1.716103185823122601e+00
9.691040857894947180e+00,1.732202741378685573e+00
9.727264857894951433e+00,1.732202741378685573e+00
9.763488857894941475e+00,1.732202741378685573e+00
9.799712857894945728e+00,1.732202741378685573e+00
9.835936857894935770e+00,1.732202741378685573e+00
9.872160857894954233e+00,1.732202741378685573e+00
9.908384857894958486e+00,1.732202741378685573e+00
9.944608857894948528e+00,1.732202741378685573e+00
9.980832857894952781e+00,1.732202741378685573e+00
1.001705685789494282e+01,1.732202741378685573e+00
1.005328085789494708e+01,1.732202741378685573e+00
1.008950485789495133e+01,1.732202741378685573e+00
1.012572885789494137e+01,1.732202741378685573e+00
1.016195285789494562e+01,1.732202741378685573e+00
1.019817685789493567e+01,1.732202741378685573e+00
1.023440085789495413e+01,1.732202741378685573e+00
1.027062485789495838e+01,1.732202741378685573e+00
1.030684885789494842e+01,1.732202741378685573e+00
1.034307285789495268e+01,1.732202741378685573e+00
1.037929685789494272e+01,1.732202741378685573e+00
1.041552085789494697e+01,1.732202741378685573e+00
1.045174485789495122e+01,1.732202741378685573e+00
1.048796885789494127e+01,1.732202741378685573e+00
1.052419285789494552e+01,1.732202741378685573e+00
1.056041685789493556e+01,1.732202741378685573e+00
1.059664085789495402e+01,1.732202741378685573e+00
1.063286485789495828e+01,1.732202741378685573e+00
1.066908885789494832e+01,1.732202741378685573e+00
1.070531285789495257e+01,1.732202741378685573e+00
1.074153685789494261e+01,1.732202741378685573e+00
1.077776085789494687e+01,1.732202741378685573e+00
1.080191019122827356e+01,1.756352074712012268e+00
1.082605952456161447e+01,1.780501408045346068e+00
1.085020885789494116e+01,1.804650741378679868e+00
1.087435819122828207e+01,1.828800074712020773e+00
1.089850752456160876e+01,1.852949408045354573e+00
1.092265685789493546e+01,1.877098741378688374e+00
1.094680619122827636e+01,1.901248074712015068e+00
1.097095552456161727e+01,1.925397408045348868e+00
1.099510485789495817e+01,1.949546741378682668e+00
1.101925419122828487e+01,1.973696074712016468e+00
1.104340352456162577e+01,1.997845408045343163e+00
1.106755285789495247e+01,2.021994741378684068e+00
1.109170219122827916e+01,2.046144074712017868e+00
1.111585152456162007e+01,2.070293408045351669e+00
1.114000085789494676e+01,2.094442741378685469e+00
1.117571466071183295e+01,2.099544713209667179e+00
1.121142846352874756e+01,2.104646685040655996e+00
1.124714226634564795e+01,2.109748656871637706e+00
1.128285606916254835e+01,2.114850628702626523e+00
1.131856987197944875e+01,2.119952600533608233e+00
1.135428367479636336e+01,2.125054572364604155e+00
1.138999747761324954e+01,2.130156544195585866e+00
1.142571128043016415e+01,2.135258516026567577e+00
1.146142508324705034e+01,2.140360487857556393e+00
1.149713888606396495e+01,2.145462459688538104e+00
1.153285268888085113e+01,2.150564431519534025e+00
1.156856649169776574e+01,2.155666403350515736e+00
1.160428029451466614e+01,2.160768375181497447e+00
1.163999409733156654e+01,2.165870347012486263e+00
1.167570790014846693e+01,2.170972318843467974e+00
1.171142170296538154e+01,2.176074290674456790e+00
1.174713550578226773e+01,2.181176262505438501e+00
1.178284930859918234e+01,2.186278234336434423e+00
1.181856311141606852e+01,2.191380206167416134e+00
1.185427691423298313e+01,2.196482177998397844e+00
1.188999071704986932e+01,2.201584149829386661e+00
1.192570451986678393e+01,2.206686121660368372e+00
1.196141832268368432e+01,2.211788093491364293e+00
1.199713212550057051e+01,2.216890065322346004e+00
1.203284592831748512e+01,2.221992037153334820e+00
1.206855973113437130e+01,2.227094008984316531e+00
1.210427353395128591e+01,2.232195980815298242e+00
1.213998733676817210e+01,2.237297952646287058e+00
1.217570113958508671e+01,2.242399924477268769e+00
1.221141494240198710e+01,2.247501896308264691e+00
1.224712874521890171e+01,2.252603868139246401e+00
1.228284254803578790e+01,2.257705839970235218e+00
1.231855635085270251e+01,2.262807811801216928e+00
1.235427015366958869e+01,2.267909783632198639e+00
1.238998395648650330e+01,2.273011755463194561e+00
1.242569775930338949e+01,2.278113727294176272e+00
1.246141156212030410e+01,2.283215699125165088e+00
1.249712536493719028e+01,2.288317670956146799e+00
1.253283916775410489e+01,2.293419642787128510e+00
1.256855297057100529e+01,2.298521614618117326e+00
1.260426677338791990e+01,2.303623586449099037e+00
1.263998057620480608e+01,2.308725558280094958e+00
1.267569437902172069e+01,2.313827530111076669e+00
1.271140818183860688e+01,2.318929501942065485e+00
1.274712198465552149e+01,2.324031473773047196e+00
1.278283578747240767e+01,2.329133445604028907e+00
1.281854959028930807e+01,2.334235417435024829e+00
1.285426339310622268e+01,2.339337389266006539e+00
1.288997719592310887e+01,2.344439361096995356e+00
1.292569099874002347e+01,2.349541332927977066e+00
1.296140480155690966e+01,2.354643304758965883e+00
1.299711860437382427e+01,2.359745276589947593e+00
1.303283240719071046e+01,2.364847248420929304e+00
1.306854621000762506e+01,2.369949220251925226e+00
1.310426001282451125e+01,2.375051192082906937e+00
1.313997381564142586e+01,2.380153163913895753e+00
1.317568761845832626e+01,2.385255135744877464e+00
1.321140142127524086e+01,2.390357107575873385e+00
1.324711522409212705e+01,2.395459079406855096e+00
1.328282902690904166e+01,2.400561051237836807e+00
1.331854282972592785e+01,2.405663023068825623e+00
1.335425663254284245e+01,2.410764994899807334e+00
1.338997043535972864e+01,2.415866966730796150e+00
1.342568423817664325e+01,2.420968938561777861e+00
1.346139804099354365e+01,2.426070910392759572e+00
1.349711184381044404e+01,2.431172882223755494e+00
1.353282564662734444e+01,2.436274854054737204e+00
1.356853944944425905e+01,2.441376825885726021e+00
1.360425325226114524e+01,2.446478797716707732e+00
1.363996705507805984e+01,2.451580769547703653e+00
1.367568085789494603e+01,2.456682741378685364e+00
1.370787996900605776e+01,2.472782296934241231e+00
1.374007908011718371e+01,2.488881852489797097e+00
1.377227819122828123e+01,2.504981408045345859e+00
1.380447730233939296e+01,2.521080963600901725e+00
1.383667641345050470e+01,2.537180519156464698e+00
1.386887552456163064e+01,2.553280074712020564e+00
1.390107463567271395e+01,2.569379630267569325e+00
1.393327374678383990e+01,2.585479185823125192e+00
1.396547285789495163e+01,2.601578741378688164e+00
1.399767196900606336e+01,2.617678296934244031e+00
1.402987108011716089e+01,2.633777852489792792e+00
1.406207019122828683e+01,2.649877408045348659e+00
1.409426930233939856e+01,2.665976963600904526e+00
1.412646841345051030e+01,2.682076519156467498e+00
1.415866752456160782e+01,2.698176074712016259e+00
1.419086663567271955e+01,2.714275630267572126e+00
1.422306574678384550e+01,2.730375185823127993e+00
1.425526485789495723e+01,2.746474741378683859e+00
1.428746396900605475e+01,2.762574296934232621e+00
1.431966308011716649e+01,2.778673852489795593e+00
1.435186219122827822e+01,2.794773408045351459e+00
1.438406130233940416e+01,2.810872963600907326e+00
1.441626041345050169e+01,2.826972519156456087e+00
1.444845952456161342e+01,2.843072074712011954e+00
1.448065863567272515e+01,2.859171630267574926e+00
1.451285774678385110e+01,2.875271185823130793e+00
1.454505685789493441e+01,2.891370741378679554e+00
1.457725596900606035e+01,2.907470296934235421e+00
1.460945508011717209e+01,2.923569852489798393e+00
1.464165419122828382e+01,2.939669408045354260e+00
1.467385330233938134e+01,2.955768963600903021e+00
1.470605241345049308e+01,2.971868519156458888e+00
1.473825152456161902e+01,2.987968074712014754e+00
1.477045063567273075e+01,3.004067630267577726e+00
1.480264974678382828e+01,3.020167185823119382e+00
1.483484885789494001e+01,3.036266741378682354e+00
1.486704796900606595e+01,3.052366296934238221e+00
1.489924708011717769e+01,3.068465852489794088e+00
1.493144619122827521e+01,3.084565408045342849e+00
1.496364530233938694e+01,3.100664963600905821e+00
1.499584441345049868e+01,3.116764519156461688e+00
1.502804352456162462e+01,3.132864074712017555e+00
1.506024263567272214e+01,3.148963630267566316e+00
1.509244174678383388e+01,3.165063185823122183e+00
1.512464085789494561e+01,3.181162741378685155e+00
1.516086485789494986e+01,3.181162741378685155e+00
1.519708885789493991e+01,3.181162741378685155e+00
1.523331285789495837e+01,3.181162741378685155e+00
1.526953685789493420e+01,3.181162741378685155e+00
1.530576085789495266e+01,3.181162741378685155e+00
1.534198485789495692e+01,3.181162741378685155e+00
1.537820885789494696e+01,3.181162741378685155e+00
1.541443285789495121e+01,3.181162741378685155e+00
1.545065685789494125e+01,3.181162741378685155e+00
1.548688085789494551e+01,3.181162741378685155e+00
1.552310485789494976e+01,3.181162741378685155e+00
1.555932885789493980e+01,3.181162741378685155e+00
1.559555285789495827e+01,3.181162741378685155e+00
1.563177685789493410e+01,3.181162741378685155e+00
1.566800085789495256e+01,3.181162741378685155e+00
1.570422485789495681e+01,3.181162741378685155e+00
1.574044885789494685e+01,3.181162741378685155e+00
1.577667285789495111e+01,3.181162741378685155e+00
1.581289685789494115e+01,3.181162741378685155e+00
1.584912085789494540e+01,3.181162741378685155e+00
1.588534485789494966e+01,3.181162741378685155e+00
1.592156885789493970e+01,3.181162741378685155e+00
1.595779285789495816e+01,3.181162741378685155e+00
1.599401685789493399e+01,3.181162741378685155e+00
1.603024085789495246e+01,3.181162741378685155e+00
1.606646485789495671e+01,3.181162741378685155e+00
1.610268885789494675e+01,3.181162741378685155e+00
1.613891285789495100e+01,3.181162741378685155e+00
1.617513685789494104e+01,3.181162741378685155e+00
1.621136085789494530e+01,3.181162741378685155e+00
1.624355996900605703e+01,3.197262296934241022e+00
1.627575908011718298e+01,3.213361852489796888e+00
1.630795819122828050e+01,3.229461408045345649e+00
1.634015730233939223e+01,3.245560963600901516e+00
1.637235641345050396e+01,3.261660519156464488e+00
1.640455552456162991e+01,3.277760074712020355e+00
1.643675463567271322e+01,3.293859630267569116e+00
1.646895374678383916e+01,3.309959185823124983e+00
1.650115285789495090e+01,3.326058741378687955e+00
1.653335196900606263e+01,3.342158296934243822e+00
1.656555108011716015e+01,3.358257852489792583e+00
1.659775019122828610e+01,3.374357408045348450e+00
1.662994930233939783e+01,3.390456963600904317e+00
1.666214841345050957e+01,3.406556519156467289e+00
1.669434752456160709e+01,3.422656074712016050e+00
1.672654663567271882e+01,3.438755630267571917e+00
1.675874574678384477e+01,3.454855185823127783e+00
1.679094485789495650e+01,3.470954741378683650e+00
1.682314396900605402e+01,3.487054296934232411e+00
1.685534308011716575e+01,3.503153852489795383e+00
1.688754219122827749e+01,3.519253408045351250e+00
1.691974130233940343e+01,3.535352963600907117e+00
1.695194041345050096e+01,3.551452519156455878e+00
1.698413952456161269e+01,3.567552074712011745e+00
1.701633863567272442e+01,3.583651630267574717e+00
1.704853774678385037e+01,3.599751185823130584e+00
1.708073685789493368e+01,3.615850741378679345e+00
1.711293596900605962e+01,3.631950296934235212e+00
1.714513508011717136e+01,3.648049852489798184e+00
1.717733419122828309e+01,3.664149408045354051e+00
1.720953330233938061e+01,3.680248963600902812e+00
1.724173241345050656e+01,3.696348519156458678e+00
1.727393152456161829e+01,3.712448074712014545e+00
1.730613063567273002e+01,3.728547630267577517e+00
1.733832974678382755e+01,3.744647185823126279e+00
1.737052885789493928e+01,3.760746741378682145e+00
1.740272796900606522e+01,3.776846296934238012e+00
1.743492708011717696e+01,3.792945852489793879e+00
1.746712619122827448e+01,3.809045408045342640e+00
1.749932530233938621e+01,3.825144963600905612e+00
1.753152441345049795e+01,3.841244519156461479e+00
1.756372352456162389e+01,3.857344074712017346e+00
1.759592263567272141e+01,3.873443630267566107e+00
1.762812174678383315e+01,3.889543185823121973e+00
1.766032085789494488e+01,3.905642741378684946e+00
1.769251996900607082e+01,3.921742296934240812e+00
1.772471908011718256e+01,3.937841852489796679e+00
1.775691819122828008e+01,3.953941408045345440e+00
1.778911730233939181e+01,3.970040963600908412e+00
1.782131641345050355e+01,3.986140519156464279e+00
1.785351552456162949e+01,4.002240074712020146e+00
1.788571463567271280e+01,4.018339630267568907e+00
1.791791374678383875e+01,4.034439185823124774e+00
1.795011285789495048e+01,4.050538741378687746e+00
1.798231196900606221e+01,4.066638296934243613e+00
1.801451108011715974e+01,4.082737852489792374e+00
1.804671019122828568e+01,4.098837408045348241e+00
1.807890930233939741e+01,4.114936963600904107e+00
1.811110841345050915e+01,4.131036519156467079e+00
1.814330752456160667e+01,4.147136074712015841e+00
1.817550663567271840e+01,4.163235630267571707e+00
1.820770574678384435e+01,4.179335185823127574e+00
1.823990485789495608e+01,4.195434741378690546e+00
1.827210396900605360e+01,4.211534296934232202e+00
1.830430308011716534e+01,4.227633852489795174e+00
1.833650219122827707e+01,4.243733408045351041e+00
1.836870130233940301e+01,4.259832963600906908e+00
1.840090041345050054e+01,4.275932519156455669e+00
1.843309952456161227e+01,4.292032074712011536e+00
1.846529863567272400e+01,4.308131630267574508e+00
1.849749774678384995e+01,4.324231185823130375e+00
1.852969685789493326e+01,4.340330741378679136e+00
1.856189596900605920e+01,4.356430296934235002e+00
1.859409508011717094e+01,4.372529852489797975e+00
1.862629419122828267e+01,4.388629408045353841e+00
1.865849330233938019e+01,4.404728963600902603e+00
1.869069241345050614e+01,4.420828519156458469e+00
1.872289152456161787e+01,4.436928074712014336e+00
1.875509063567272960e+01,4.453027630267577308e+00
1.878728974678382713e+01,4.469127185823126069e+00
1.881948885789493886e+01,4.485226741378681936e+00
1.885168796900606480e+01,4.501326296934237803e+00
1.888388708011717654e+01,4.517425852489793670e+00
1.891608619122827406e+01,4.533525408045342431e+00
1.894828530233938579e+01,4.549624963600905403e+00
1.898048441345049753e+01,4.565724519156461270e+00
1.901268352456162347e+01,4.581824074712017136e+00
1.904488263567272099e+01,4.597923630267565898e+00
1.907708174678383273e+01,4.614023185823121764e+00
1.910928085789494446e+01,4.630122741378684736e+00
1.914147996900607041e+01,4.646222296934240603e+00
1.917367908011718214e+01,4.662321852489796470e+00
1.920587819122827966e+01,4.678421408045345231e+00
1.923807730233939139e+01,4.694520963600908203e+00
1.927027641345050313e+01,4.710620519156464070e+00
1.930247552456162907e+01,4.726720074712019937e+00
1.933467463567272659e+01,4.742819630267568698e+00
1.936687374678383833e+01,4.758919185823124565e+00
1.939907285789495006e+01,4.775018741378687537e+00
1.943127196900606179e+01,4.791118296934243403e+00
1.946347108011715932e+01,4.807217852489792165e+00
1.949567019122828526e+01,4.823317408045348031e+00
1.952786930233939700e+01,4.839416963600903898e+00
1.956006841345050873e+01,4.855516519156466870e+00
1.959226752456160625e+01,4.871616074712015632e+00
1.962446663567271798e+01,4.887715630267571498e+00
1.965666574678384393e+01,4.903815185823127365e+00
1.968886485789495566e+01,4.919914741378690337e+00
1.972106396900605318e+01,4.936014296934231993e+00
1.975326308011716492e+01,4.952113852489794965e+00
1.978546219122829086e+01,4.968213408045350832e+00
1.981766130233940260e+01,4.984312963600906699e+00
1.984986041345050012e+01,5.000412519156455460e+00
1.988205952456161185e+01,5.016512074712018432e+00
1.991425863567272359e+01,5.032611630267574299e+00
1.994645774678384953e+01,5.048711185823130165e+00
1.997865685789493284e+01,5.064810741378678927e+00
2.001085596900605879e+01,5.080910296934234793e+00
2.004305508011717052e+01,5.097009852489797765e+00
2.007525419122828225e+01,5.113109408045353632e+00
2.010745330233937977e+01,5.129208963600902393e+00
2.013965241345050572e+01,5.145308519156458260e+00
2.017185152456161745e+01,5.161408074712014127e+00
2.020405063567272919e+01,5.177507630267577099e+00
2.023624974678382671e+01,5.193607185823125860e+00
2.026844885789493844e+01,5.209706741378681727e+00
2.030064796900606439e+01,5.225806296934237594e+00
2.033284708011717612e+01,5.241905852489800566e+00
2.036504619122827364e+01,5.258005408045342222e+00
2.039724530233938538e+01,5.274104963600905194e+00
2.042944441345049711e+01,5.290204519156461060e+00
2.046164352456162305e+01,5.306304074712016927e+00
2.049384263567272058e+01,5.322403630267565688e+00
2.052604174678383231e+01,5.338503185823121555e+00
2.055824085789494404e+01,5.354602741378684527e+00
2.058322292686047206e+01,5.379584810344198331e+00
2.060820499582597165e+01,5.404566879309719241e+00
2.063318706479149967e+01,5.429548948275233045e+00
2.065816913375701347e+01,5.454531017240753954e+00
2.068315120272254148e+01,5.479513086206267758e+00
2.070813327168804108e+01,5.504495155171788667e+00
2.073311534065356909e+01,5.529477224137302471e+00
2.075809740961909711e+01,5.554459293102823381e+00
2.078307947858461091e+01,5.579441362068337185e+00
2.080806154755011050e+01,5.604423431033850989e+00
2.083304361651563852e+01,5.629405499999371898e+00
2.085802568548116653e+01,5.654387568964885702e+00
2.088300775444666613e+01,5.679369637930406611e+00
2.090798982341217993e+01,5.704351706895920415e+00
2.093297189237770795e+01,5.729333775861441325e+00
2.095795396134323596e+01,5.754315844826955129e+00
2.098293603030873555e+01,5.779297913792483143e+00
2.100791809927426357e+01,5.804279982757989842e+00
2.103290016823977737e+01,5.829262051723517857e+00
2.105788223720527697e+01,5.854244120689031661e+00
2.108286430617080498e+01,5.879226189654538359e+00
2.110784637513633299e+01,5.904208258620066374e+00
2.113282844410184680e+01,5.929190327585573073e+00
2.115781051306736060e+01,5.954172396551101087e+00
2.118279258203287441e+01,5.979154465516614891e+00
2.120777465099840242e+01,6.004136534482135801e+00
2.123275671996391623e+01,6.029118603447649605e+00
2.125773878892943003e+01,6.054100672413170514e+00
2.128272085789494383e+01,6.079082741378684318e+00
2.131491996900606978e+01,6.095182296934240185e+00
2.134711908011718151e+01,6.111281852489796051e+00
2.137931819122827903e+01,6.127381408045344813e+00
2.141151730233939077e+01,6.143480963600907785e+00
2.144371641345050250e+01,6.159580519156463652e+00
2.147591552456162844e+01,6.175680074712019518e+00
2.150811463567272597e+01,6.191779630267568280e+00
2.154031374678383770e+01,6.207879185823124146e+00
2.157251285789494943e+01,6.223978741378687118e+00
2.160471196900606117e+01,6.240078296934242985e+00
2.163691108011715869e+01,6.256177852489791746e+00
2.166911019122828463e+01,6.272277408045347613e+00
2.170130930233939637e+01,6.288376963600910585e+00
2.173350841345050810e+01,6.304476519156466452e+00
2.176570752456160562e+01,6.320576074712015213e+00
2.179790663567271736e+01,6.336675630267571080e+00
2.183010574678384330e+01,6.352775185823126947e+00
2.186230485789495503e+01,6.368874741378689919e+00
2.189450396900605256e+01,6.384974296934231575e+00
2.192670308011716429e+01,6.401073852489794547e+00
2.195890219122829023e+01,6.417173408045350413e+00
2.199110130233940197e+01,6.433272963600906280e+00
2.202330041345049949e+01,6.449372519156455041e+00
2.205549952456161122e+01,6.465472074712018014e+00
2.208769863567272296e+01,6.481571630267573880e+00
2.211989774678384890e+01,6.497671185823129747e+00
2.215209685789494642e+01,6.513770741378678508e+00
2.218429596900605816e+01,6.529870296934234375e+00
2.221649508011716989e+01,6.545969852489797347e+00
2.224869419122828162e+01,6.562069408045353214e+00
2.228089330233937915e+01,6.578168963600901975e+00
2.231309241345050509e+01,6.594268519156457842e+00
2.234529152456161682e+01,6.610368074712013708e+00
2.237749063567272856e+01,6.626467630267576681e+00
2.240968974678382608e+01,6.642567185823125442e+00
2.244188885789493781e+01,6.658666741378681309e+00
2.247408796900606376e+01,6.674766296934237175e+00
2.250628708011717549e+01,6.690865852489800147e+00
2.253848619122827301e+01,6.706965408045341803e+00
2.257068530233938475e+01,6.723064963600904775e+00
2.260288441345051069e+01,6.739164519156460642e+00
2.263508352456162243e+01,6.755264074712016509e+00
2.266728263567271995e+01,6.771363630267565270e+00
2.269948174678383168e+01,6.787463185823128242e+00
2.273168085789494341e+01,6.803562741378684109e+00
2.275719071704988039e+01,6.829072600533613979e+00
2.278270057620480316e+01,6.854582459688536744e+00
2.280821043535974013e+01,6.880092318843466614e+00
2.283372029451466290e+01,6.905602177998396485e+00
2.285923015366958566e+01,6.931112037153333461e+00
2.288474001282452264e+01,6.956621896308263331e+00
2.291024987197944540e+01,6.982131755463193201e+00
2.293575973113438238e+01,7.007641614618123072e+00
2.296126959028931935e+01,7.033151473773045836e+00
2.298677944944425633e+01,7.058661332927975707e+00
2.301228930859917909e+01,7.084171192082905577e+00
2.303779916775411607e+01,7.109681051237835447e+00
2.306330902690903883e+01,7.135190910392765318e+00
2.308881888606396160e+01,7.160700769547702293e+00
2.311432874521889858e+01,7.186210628702632164e+00
2.313983860437382134e+01,7.211720487857554929e+00
2.316534846352875832e+01,7.237230347012484799e+00
2.319085832268368108e+01,7.262740206167414669e+00
2.321636818183860385e+01,7.288250065322344540e+00
2.324187804099354082e+01,7.313759924477274410e+00
2.326738790014846359e+01,7.339269783632197175e+00
2.329289775930340056e+01,7.364779642787127045e+00
2.331840761845832333e+01,7.390289501942071126e+00
2.334391747761324609e+01,7.415799361096993891e+00
2.336942733676818307e+01,7.441309220251923762e+00
2.339493719592310583e+01,7.466819079406853632e+00
2.342044705507805702e+01,7.492328938561783502e+00
2.344595691423297978e+01,7.517838797716706267e+00
2.347146677338791676e+01,7.543348656871636138e+00
2.349697663254283952e+01,7.568858516026566008e+00
2.352248649169777650e+01,7.594368375181495878e+00
2.354799635085269927e+01,7.619878234336432854e+00
2.357350621000762203e+01,7.645388093491362724e+00
2.359901606916255901e+01,7.670897952646292595e+00
2.362452592831748177e+01,7.696407811801222465e+00
2.365003578747241875e+01,7.721917670956145230e+00
2.367554564662734151e+01,7.747427530111075100e+00
2.370105550578226428e+01,7.772937389266004971e+00
2.372656536493720125e+01,7.798447248420934841e+00
2.375207522409212402e+01,7.823957107575871817e+00
2.377758508324706099e+01,7.849466966730801687e+00
2.380309494240198376e+01,7.874976825885731557e+00
2.382860480155690652e+01,7.900486685040654322e+00
2.385411466071184350e+01,7.925996544195584192e+00
2.387962451986679469e+01,7.951506403350514063e+00
2.390513437902171745e+01,7.977016262505443933e+00
2.393064423817664021e+01,8.002526121660366698e+00
2.395615409733157719e+01,8.028035980815296568e+00
2.398166395648649996e+01,8.053545839970240650e+00
2.400717381564143693e+01,8.079055699125163414e+00
2.403268367479635970e+01,8.104565558280093285e+00
2.405819353395128246e+01,8.130075417435023155e+00
2.408370339310621944e+01,8.155585276589953025e+00
2.410921325226114220e+01,8.181095135744882896e+00
2.413472311141607918e+01,8.206604994899805661e+00
2.416023297057100194e+01,8.232114854054735531e+00
2.418574282972592471e+01,8.257624713209665401e+00
2.421125268888086168e+01,8.283134572364602377e+00
2.423676254803578445e+01,8.308644431519532247e+00
2.426227240719072142e+01,8.334154290674462118e+00
2.428778226634564419e+01,8.359664149829391988e+00
2.431329212550056695e+01,8.385174008984314753e+00
2.433880198465551814e+01,8.410683868139244623e+00
2.436431184381045512e+01,8.436193727294174494e+00
2.438982170296537788e+01,8.461703586449104364e+00
2.441533156212030065e+01,8.487213445604034234e+00
2.444084142127523762e+01,8.512723304758971210e+00
2.446635128043016039e+01,8.538233163913901080e+00
2.449186113958509736e+01,8.563743023068823845e+00
2.451737099874002013e+01,8.589252882223753716e+00
2.454288085789494289e+01,8.614762741378683586e+00
2.455863042311233357e+01,8.646261871813464950e+00
2.457437998832972426e+01,8.677761002248246314e+00
2.459012955354711494e+01,8.709260132683034783e+00
2.460587911876450562e+01,8.740759263117816147e+00
2.462162868398189630e+01,8.772258393552597511e+00
2.463737824919928698e+01,8.803757523987378875e+00
2.465312781441667767e+01,8.835256654422160238e+00
2.466887737963406835e+01,8.866755784856941602e+00
2.468462694485145903e+01,8.898254915291730072e+00
2.470037651006884971e+01,8.929754045726511436e+00
2.471612607528624039e+01,8.961253176161292799e+00
2.473187564050365950e+01,8.992752306596074163e+00
2.474762520572105018e+01,9.024251437030855527e+00
2.476337477093844086e+01,9.055750567465636891e+00
2.477912433615583154e+01,9.087249697900425360e+00
2.479487390137322222e+01,9.118748828335206724e+00
2.481062346659059870e+01,9.150247958769988088e+00
2.482637303180798938e+01,9.181747089204769452e+00
2.484212259702538006e+01,9.213246219639550816e+00
2.485787216224277074e+01,9.244745350074332180e+00
2.487362172746016142e+01,9.276244480509120649e+00
2.488937129267755211e+01,9.307743610943902013e+00
2.490512085789494279e+01,9.339242741378683377e+00
2.490512085789494279e+01,9.375466741378680524e+00
2.490512085789494279e+01,9.411690741378677671e+00
2.490512085789494279e+01,9.447914741378689030e+00
2.490512085789494279e+01,9.484138741378686177e+00
2.490512085789494279e+01,9.520362741378683324e+00
2.490512085789494279e+01,9.556586741378680472e+00
2.490512085789494279e+01,9.592810741378677619e+00
2.490512085789494279e+01,9.629034741378688977e+00
2.490512085789494279e+01,9.665258741378686125e+00
2.490512085789494279e+01,9.701482741378683272e+00
2.490512085789494279e+01,9.737706741378680420e+00
2.490512085789494279e+01,9.773930741378677567e+00
2.490512085789494279e+01,9.810154741378688925e+00
2.490512085789494279e+01,9.846378741378686072e+00
2.490512085789494279e+01,9.882602741378683220e+00
2.490512085789494279e+01,9.918826741378680367e+00
2.490512085789494279e+01,9.955050741378677515e+00
2.490512085789494279e+01,9.991274741378688873e+00
2.490512085789494279e+01,1.002749874137868602e+01
2.490512085789494279e+01,1.006372274137868317e+01
2.490512085789494279e+01,1.009994674137868031e+01
2.490512085789494279e+01,1.013617074137867746e+01
2.490512085789494279e+01,1.017239474137868882e+01
2.490512085789494279e+01,1.020861874137868597e+01
2.490512085789494279e+01,1.024484274137868312e+01
2.490512085789494279e+01,1.028106674137868026e+01
2.490512085789494279e+01,1.031729074137867741e+01
2.490512085789494279e+01,1.035351474137868877e+01
2.490512085789494279e+01,1.038973874137868592e+01
2.490512085789494279e+01,1.042596274137868306e+01
2.490512085789494279e+01,1.046218674137868021e+01
2.490512085789494279e+01,1.049841074137867736e+01
2.490512085789494279e+01,1.053463474137868872e+01
2.490512085789494279e+01,1.057085874137868586e+01
2.490512085789494279e+01,1.060708274137868301e+01
2.490512085789494279e+01,1.064330674137868016e+01
2.490512085789494279e+01,1.067953074137867731e+01
2.490512085789494279e+01,1.071575474137868866e+01
2.490512085789494279e+01,1.075197874137868581e+01
2.490512085789494279e+01,1.078820274137868296e+01
2.490512085789494279e+01,1.082442674137868011e+01
2.490512085789494279e+01,1.086065074137867725e+01
2.490512085789494279e+01,1.089687474137868861e+01
2.490512085789494279e+01,1.093309874137868576e+01
2.490512085789494279e+01,1.096932274137868291e+01
2.490512085789494279e+01,1.100554674137868005e+01
2.490512085789494279e+01,1.104177074137867720e+01
2.490512085789494279e+01,1.107799474137868856e+01
2.490512085789494279e+01,1.111421874137868571e+01
2.490512085789494279e+01,1.115044274137868285e+01
2.488097152456161609e+01,1.117459207471201665e+01
2.485682219122828940e+01,1.119874140804535045e+01
2.483267285789494849e+01,1.122289074137867715e+01
2.480852352456162180e+01,1.124704007471201805e+01
2.478437419122829510e+01,1.127118940804535185e+01
2.476022485789495420e+01,1.129533874137868565e+01
2.473607552456162750e+01,1.131948807471201945e+01
2.471192619122827239e+01,1.134363740804534615e+01
2.468777685789494569e+01,1.136778674137867995e+01
2.466362752456160479e+01,1.139193607471201375e+01
2.463947819122827809e+01,1.141608540804534755e+01
2.461532885789493719e+01,1.144023474137868845e+01
2.459117952456161049e+01,1.146438407471202225e+01
2.456703019122828380e+01,1.148853340804534895e+01
2.454288085789494289e+01,1.151268274137868275e+01
2.454288085789494289e+01,1.154890674137867990e+01
2.454288085789494289e+01,1.158513074137867704e+01
2.454288085789494289e+01,1.162135474137868840e+01
2.454288085789494289e+01,1.165757874137868555e+01
2.454288085789494289e+01,1.169380274137868270e+01
2.454288085789494289e+01,1.173002674137867984e+01
2.454288085789494289e+01,1.176625074137867699e+01
2.454288085789494289e+01,1.180247474137868835e+01
2.454288085789494289e+01,1.183869874137868550e+01
2.454288085789494289e+01,1.187492274137868264e+01
2.454288085789494289e+01,1.191114674137867979e+01
2.454288085789494289e+01,1.194737074137867694e+01
2.454288085789494289e+01,1.198359474137868830e+01
2.454288085789494289e+01,1.201981874137868544e+01
2.454288085789494289e+01,1.205604274137868259e+01
2.454288085789494289e+01,1.209226674137867974e+01
2.454288085789494289e+01,1.212849074137867689e+01
2.454288085789494289e+01,1.216471474137868825e+01
2.454288085789494289e+01,1.220093874137868539e+01
2.454288085789494289e+01,1.223716274137868254e+01
2.452678130233940124e+01,1.226936185248980138e+01
2.451068174678383116e+01,1.230156096360090601e+01
2.449458219122828950e+01,1.233376007471202485e+01
2.447848263567271943e+01,1.236595918582312947e+01
2.446238308011716356e+01,1.239815829693424121e+01
2.444628352456162190e+01,1.243035740804534584e+01
2.443018396900605183e+01,1.246255651915646467e+01
2.441408441345051017e+01,1.249475563026756930e+01
2.439798485789495430e+01,1.252695474137868814e+01
2.438188530233938422e+01,1.255915385248979277e+01
2.436578574678384257e+01,1.259135296360091161e+01
2.434968619122827249e+01,1.262355207471201624e+01
2.433358663567273084e+01,1.265575118582312797e+01
2.431748708011717497e+01,1.268795029693423970e+01
2.430138752456160489e+01,1.272014940804535144e+01
2.428528796900606324e+01,1.275234851915645606e+01
2.426918841345050737e+01,1.278454763026757490e+01
2.425308885789493729e+01,1.281674674137867953e+01
2.423698930233939564e+01,1.284894585248979837e+01
2.422088974678382556e+01,1.288114496360090300e+01
2.420479019122828390e+01,1.291334407471202184e+01
2.418869063567272804e+01,1.294554318582312646e+01
2.417259108011715796e+01,1.297774229693423820e+01
2.415649152456161630e+01,1.300994140804534993e+01
2.414039196900607465e+01,1.304214051915646166e+01
2.412429241345050457e+01,1.307433963026756629e+01
2.410819285789494870e+01,1.310653874137868513e+01
2.409209330233937862e+01,1.313873785248978976e+01
2.407599374678383697e+01,1.317093696360090860e+01
2.405989419122828110e+01,1.320313607471201323e+01
2.404379463567272524e+01,1.323533518582313206e+01
2.402769508011716937e+01,1.326753429693423669e+01
2.401159552456162771e+01,1.329973340804534843e+01
2.399549596900605763e+01,1.333193251915646016e+01
2.397939641345050177e+01,1.336413163026757189e+01
2.396329685789494590e+01,1.339633074137867652e+01
2.394719730233939003e+01,1.342852985248979536e+01
2.393109774678384838e+01,1.346072896360089999e+01
2.391499819122827830e+01,1.349292807471201883e+01
2.389889863567272243e+01,1.352512718582312345e+01
2.388279908011718078e+01,1.355732629693424229e+01
2.386669952456161070e+01,1.358952540804534692e+01
2.385059996900606905e+01,1.362172451915645865e+01
2.383450041345049897e+01,1.365392363026757039e+01
2.381840085789494310e+01,1.368612274137868212e+01
2.381840085789494310e+01,1.372234674137867927e+01
2.381840085789494310e+01,1.375857074137867642e+01
2.381840085789494310e+01,1.379479474137868777e+01
2.381840085789494310e+01,1.383101874137868492e+01
2.381840085789494310e+01,1.386724274137868207e+01
2.381840085789494310e+01,1.390346674137867922e+01
2.381840085789494310e+01,1.393969074137867636e+01
2.381840085789494310e+01,1.397591474137868772e+01
2.381840085789494310e+01,1.401213874137868487e+01
2.381840085789494310e+01,1.404836274137868202e+01
2.381840085789494310e+01,1.408458674137867916e+01
2.381840085789494310e+01,1.412081074137867631e+01
2.381840085789494310e+01,1.415703474137868767e+01
2.381840085789494310e+01,1.419325874137868482e+01
2.381840085789494310e+01,1.422948274137868196e+01
2.381840085789494310e+01,1.426570674137867911e+01
2.381840085789494310e+01,1.430193074137867626e+01
2.381840085789494310e+01,1.433815474137868762e+01
2.381840085789494310e+01,1.437437874137868477e+01
2.381840085789494310e+01,1.441060274137868191e+01
2.381840085789494310e+01,1.444682674137867906e+01
2.381840085789494310e+01,1.448305074137867621e+01
2.381840085789494310e+01,1.451927474137868757e+01
2.381840085789494310e+01,1.455549874137868471e+01
2.381840085789494310e+01,1.459172274137868186e+01
2.381840085789494310e+01,1.462794674137867901e+01
2.381840085789494310e+01,1.466417074137867615e+01
2.381840085789494310e+01,1.470039474137868751e+01
2.381840085789494310e+01,1.473661874137868466e+01
2.381840085789494310e+01,1.477284274137868181e+01
2.380230130233940145e+01,1.480504185248980065e+01
2.378620174678383137e+01,1.483724096360090527e+01
2.377010219122828971e+01,1.486944007471202411e+01
2.375400263567271963e+01,1.490163918582312874e+01
2.373790308011716377e+01,1.493383829693424047e+01
2.372180352456162211e+01,1.496603740804535221e+01
2.370570396900605203e+01,1.499823651915646394e+01
2.368960441345051038e+01,1.503043563026756857e+01
2.367350485789495451e+01,1.506263474137868741e+01
2.365740530233938443e+01,1.509483385248979204e+01
2.364130574678384278e+01,1.512703296360091088e+01
2.362520619122827270e+01,1.515923207471201550e+01
2.360910663567271683e+01,1.519143118582313434e+01
2.359300708011717518e+01,1.522363029693423897e+01
2.357690752456160510e+01,1.525582940804535070e+01
2.356080796900606344e+01,1.528802851915646244e+01
2.354470841345050758e+01,1.532022763026757417e+01
2.352860885789493750e+01,1.535242674137867880e+01
2.351250930233939584e+01,1.538462585248979764e+01
2.349640974678382577e+01,1.541682496360090227e+01
2.348031019122828411e+01,1.544902407471202110e+01
2.346421063567272824e+01,1.548122318582312573e+01
2.344811108011715817e+01,1.551342229693424457e+01
2.343201152456161651e+01,1.554562140804534920e+01
2.341591196900607486e+01,1.557782051915646093e+01
2.339981241345050478e+01,1.561001963026757267e+01
2.338371285789494891e+01,1.564221874137868440e+01
2.336761330233937883e+01,1.567441785248978903e+01
2.335151374678383718e+01,1.570661696360090787e+01
2.333541419122828131e+01,1.573881607471201249e+01
2.331931463567272544e+01,1.577101518582313133e+01
2.330321508011716958e+01,1.580321429693423596e+01
2.328711552456162792e+01,1.583541340804535480e+01
2.327101596900605784e+01,1.586761251915645943e+01
2.325491641345050198e+01,1.589981163026757116e+01
2.323881685789494611e+01,1.593201074137867579e+01
2.322271730233939024e+01,1.596420985248979463e+01
2.320661774678384859e+01,1.599640896360089926e+01
2.319051819122827851e+01,1.602860807471201809e+01
2.317441863567272264e+01,1.606080718582312272e+01
2.315831908011718099e+01,1.609300629693424156e+01
2.314221952456161091e+01,1.612520540804534619e+01
2.312611996900606925e+01,1.615740451915645792e+01
2.311002041345049918e+01,1.618960363026756966e+01
2.309392085789494331e+01,1.622180274137868139e+01
2.309392085789494331e+01,1.625802674137867854e+01
2.309392085789494331e+01,1.629425074137867568e+01
2.309392085789494331e+01,1.633047474137868704e+01
2.309392085789494331e+01,1.636669874137868419e+01
2.309392085789494331e+01,1.640292274137868134e+01
2.309392085789494331e+01,1.643914674137867848e+01
2.309392085789494331e+01,1.647537074137867563e+01
2.309392085789494331e+01,1.651159474137868699e+01
2.309392085789494331e+01,1.654781874137868414e+01
2.309392085789494331e+01,1.658404274137868128e+01
2.309392085789494331e+01,1.662026674137867843e+01
2.309392085789494331e+01,1.665649074137868269e+01
2.309392085789494331e+01,1.669271474137868694e+01
2.309392085789494331e+01,1.672893874137868409e+01
2.309392085789494331e+01,1.676516274137868123e+01
2.309392085789494331e+01,1.680138674137867838e+01
2.309392085789494331e+01,1.683761074137868263e+01
2.309392085789494331e+01,1.687383474137868689e+01
2.309392085789494331e+01,1.691005874137868403e+01
2.309392085789494331e+01,1.694628274137868118e+01
2.309392085789494331e+01,1.698250674137867833e+01
2.309392085789494331e+01,1.701873074137868258e+01
2.309392085789494331e+01,1.705495474137868683e+01
2.309392085789494331e+01,1.709117874137868398e+01
2.309392085789494331e+01,1.712740274137868113e+01
2.309392085789494331e+01,1.716362674137867828e+01
2.309392085789494331e+01,1.719985074137868253e+01
2.309392085789494331e+01,1.723607474137868678e+01
2.309392085789494331e+01,1.727229874137868393e+01
2.309392085789494331e+01,1.730852274137868108e+01
2.306977152456161662e+01,1.733267207471201488e+01
2.304562219122828992e+01,1.735682140804534868e+01
2.302147285789494902e+01,1.738097074137868248e+01
2.299732352456162232e+01,1.740512007471202338e+01
2.297317419122828142e+01,1.742926940804535008e+01
2.294902485789495472e+01,1.745341874137868388e+01
2.292487552456162803e+01,1.747756807471201768e+01
2.290072619122827291e+01,1.750171740804535148e+01
2.287657685789494622e+01,1.752586674137867817e+01
2.285242752456160531e+01,1.755001607471201197e+01
2.282827819122827862e+01,1.757416540804534577e+01
2.280412885789493771e+01,1.759831474137868668e+01
2.277997952456161102e+01,1.762246407471202048e+01
2.275583019122828432e+01,1.764661340804535428e+01
2.273168085789494341e+01,1.767076274137868097e+01
2.273168085789494341e+01,1.770698674137867812e+01
2.273168085789494341e+01,1.774321074137868237e+01
2.273168085789494341e+01,1.777943474137868662e+01
2.273168085789494341e+01,1.781565874137868377e+01
2.273168085789494341e+01,1.785188274137868092e+01
2.273168085789494341e+01,1.788810674137867807e+01
2.273168085789494341e+01,1.792433074137868232e+01
2.273168085789494341e+01,1.796055474137868657e+01
2.273168085789494341e+01,1.799677874137868372e+01
2.273168085789494341e+01,1.803300274137868087e+01
2.273168085789494341e+01,1.806922674137867801e+01
2.273168085789494341e+01,1.810545074137868227e+01
2.273168085789494341e+01,1.814167474137868652e+01
2.273168085789494341e+01,1.817789874137868367e+01
2.273168085789494341e+01,1.821412274137868081e+01
2.273168085789494341e+01,1.825034674137867796e+01
2.273168085789494341e+01,1.828657074137868221e+01
2.273168085789494341e+01,1.832279474137868647e+01
2.273168085789494341e+01,1.835901874137868361e+01
2.273168085789494341e+01,1.839524274137868076e+01
2.271558130233940176e+01,1.842744185248979960e+01
2.269948174678383168e+01,1.845964096360090423e+01
2.268338219122829003e+01,1.849184007471202307e+01
2.266728263567271995e+01,1.852403918582312770e+01
2.265118308011716408e+01,1.855623829693424653e+01
2.263508352456162243e+01,1.858843740804535116e+01
2.261898396900605235e+01,1.862063651915646290e+01
2.260288441345051069e+01,1.865283563026757463e+01
2.258678485789495483e+01,1.868503474137868636e+01
2.257068530233938475e+01,1.871723385248979099e+01
2.255458574678384309e+01,1.874943296360090983e+01
2.253848619122827301e+01,1.878163207471201446e+01
2.252238663567271715e+01,1.881383118582313330e+01
2.250628708011717549e+01,1.884603029693423792e+01
2.249018752456160541e+01,1.887822940804535676e+01
2.247408796900606376e+01,1.891042851915646139e+01
2.245798841345050789e+01,1.894262763026757312e+01
2.244188885789493781e+01,1.897482674137867775e+01
2.242578930233939616e+01,1.900702585248979659e+01
2.240968974678382608e+01,1.903922496360090122e+01
2.239359019122828443e+01,1.907142407471202006e+01
2.237749063567272856e+01,1.910362318582312469e+01
2.236139108011715848e+01,1.913582229693424352e+01
2.234529152456161682e+01,1.916802140804534815e+01
2.232919196900607517e+01,1.920022051915645989e+01
2.231309241345050509e+01,1.923241963026757162e+01
2.229699285789494922e+01,1.926461874137868335e+01
2.228089330233937915e+01,1.929681785248978798e+01
2.226479374678383749e+01,1.932901696360090682e+01
2.224869419122828162e+01,1.936121607471201145e+01
2.223259463567272576e+01,1.939341518582313029e+01
2.221649508011716989e+01,1.942561429693423491e+01
2.220039552456162824e+01,1.945781340804535375e+01
2.218429596900605816e+01,1.949001251915645838e+01
2.216819641345050229e+01,1.952221163026757011e+01
2.215209685789494642e+01,1.955441074137868185e+01
2.213599730233939056e+01,1.958660985248979358e+01
2.211989774678384890e+01,1.961880896360089821e+01
2.210379819122827882e+01,1.965100807471201705e+01
2.208769863567272296e+01,1.968320718582312168e+01
2.207159908011718130e+01,1.971540629693424052e+01
2.205549952456161122e+01,1.974760540804534514e+01
2.203939996900606957e+01,1.977980451915646398e+01
2.202330041345049949e+01,1.981200363026756861e+01
2.200720085789494362e+01,1.984420274137868034e+01
2.200720085789494362e+01,1.988042674137868460e+01
2.200720085789494362e+01,1.991665074137868174e+01
2.200720085789494362e+01,1.995287474137868600e+01
2.200720085789494362e+01,1.998909874137868314e+01
2.200720085789494362e+01,2.002532274137868029e+01
2.200720085789494362e+01,2.006154674137868454e+01
2.200720085789494362e+01,2.009777074137868169e+01
2.200720085789494362e+01,2.013399474137868594e+01
2.200720085789494362e+01,2.017021874137868309e+01
2.200720085789494362e+01,2.020644274137868024e+01
2.200720085789494362e+01,2.024266674137868449e+01
2.200720085789494362e+01,2.027889074137868164e+01
2.200720085789494362e+01,2.031511474137868589e+01
2.200720085789494362e+01,2.035133874137868304e+01
2.200720085789494362e+01,2.038756274137868019e+01
2.200720085789494362e+01,2.042378674137868444e+01
2.200720085789494362e+01,2.046001074137868159e+01
2.200720085789494362e+01,2.049623474137868584e+01
2.200720085789494362e+01,2.053245874137868299e+01
2.200720085789494362e+01,2.056868274137868013e+01
2.200720085789494362e+01,2.060490674137868439e+01
2.200720085789494362e+01,2.064113074137868153e+01
2.200720085789494362e+01,2.067735474137868579e+01
2.200720085789494362e+01,2.071357874137868293e+01
2.200720085789494362e+01,2.074980274137868008e+01
2.200720085789494362e+01,2.078602674137868433e+01
2.200720085789494362e+01,2.082225074137868148e+01
2.200720085789494362e+01,2.085847474137868574e+01
2.200720085789494362e+01,2.089469874137868288e+01
2.200720085789494362e+01,2.093092274137868003e+01
2.198305152456161693e+01,2.095507207471201383e+01
2.195890219122829023e+01,2.097922140804534763e+01
2.193475285789494933e+01,2.100337074137868143e+01
2.191060352456162263e+01,2.102752007471202234e+01
2.188645419122828173e+01,2.105166940804535614e+01
2.186230485789495503e+01,2.107581874137868283e+01
2.183815552456162834e+01,2.109996807471201663e+01
2.181400619122827322e+01,2.112411740804535043e+01
2.178985685789494653e+01,2.114826674137868423e+01
2.176570752456160562e+01,2.117241607471201092e+01
2.174155819122827893e+01,2.119656540804534472e+01
2.171740885789493802e+01,2.122071474137868563e+01
2.169325952456161133e+01,2.124486407471201943e+01
2.166911019122828463e+01,2.126901340804535323e+01
2.164496085789494373e+01,2.129316274137867993e+01
2.164496085789494373e+01,2.132938674137868418e+01
2.164496085789494373e+01,2.136561074137868133e+01
2.164496085789494373e+01,2.140183474137868558e+01
2.164496085789494373e+01,2.143805874137868273e+01
2.164496085789494373e+01,2.147428274137867987e+01
2.164496085789494373e+01,2.151050674137868413e+01
2.164496085789494373e+01,2.154673074137868127e+01
2.164496085789494373e+01,2.158295474137868553e+01
2.164496085789494373e+01,2.161917874137868267e+01
2.164496085789494373e+01,2.165540274137867982e+01
2.164496085789494373e+01,2.169162674137868407e+01
2.164496085789494373e+01,2.172785074137868122e+01
2.164496085789494373e+01,2.176407474137868547e+01
2.164496085789494373e+01,2.180029874137868262e+01
2.164496085789494373e+01,2.183652274137868687e+01
2.164496085789494373e+01,2.187274674137868402e+01
2.164496085789494373e+01,2.190897074137868117e+01
2.164496085789494373e+01,2.194519474137868542e+01
2.164496085789494373e+01,2.198141874137868257e+01
2.164496085789494373e+01,2.201764274137868682e+01
2.162081152456161703e+01,2.204179207471201352e+01
2.159666219122829034e+01,2.206594140804534732e+01
2.157251285789494943e+01,2.209009074137868112e+01
2.154836352456162274e+01,2.211424007471202202e+01
2.152421419122828183e+01,2.213838940804535582e+01
2.150006485789495514e+01,2.216253874137868252e+01
2.147591552456162844e+01,2.218668807471201632e+01
2.145176619122827333e+01,2.221083740804535012e+01
2.142761685789494663e+01,2.223498674137868392e+01
2.140346752456160573e+01,2.225913607471201061e+01
2.137931819122827903e+01,2.228328540804534441e+01
2.135516885789493813e+01,2.230743474137868532e+01
2.133101952456161143e+01,2.233158407471201912e+01
2.130687019122828474e+01,2.235573340804535292e+01
2.128272085789494383e+01,2.237988274137868672e+01
2.127409609599018836e+01,2.241438178899772993e+01
2.126547133408543289e+01,2.244888083661678024e+01
2.125684657218066320e+01,2.248337988423582345e+01
2.124822181027590773e+01,2.251787893185487377e+01
2.123959704837115225e+01,2.255237797947392409e+01
2.123097228646636836e+01,2.258687702709297440e+01
2.122234752456161289e+01,2.262137607471201051e+01
2.121372276265684320e+01,2.265587512233106082e+01
2.120509800075208773e+01,2.269037416995011114e+01
2.119647323884733225e+01,2.272487321756916145e+01
2.118784847694256257e+01,2.275937226518820466e+01
2.117922371503780710e+01,2.279387131280725498e+01
2.117059895313305162e+01,2.282837036042630530e+01
2.116197419122828194e+01,2.286286940804535561e+01
2.115334942932352646e+01,2.289736845566439172e+01
2.114472466741874257e+01,2.293186750328344203e+01
2.113609990551398710e+01,2.296636655090249235e+01
2.112747514360923162e+01,2.300086559852154267e+01
2.111885038170446194e+01,2.303536464614058588e+01
2.111022561979970646e+01,2.306986369375963619e+01
2.110160085789495099e+01,2.310436274137868651e+01
2.109297609599018131e+01,2.313886178899773682e+01
2.108435133408542583e+01,2.317336083661678003e+01
2.107572657218067036e+01,2.320785988423582324e+01
2.106710181027591489e+01,2.324235893185487356e+01
2.105847704837114520e+01,2.327685797947392388e+01
2.104985228646636131e+01,2.331135702709297419e+01
2.104122752456160583e+01,2.334585607471201030e+01
2.103260276265685036e+01,2.338035512233106061e+01
2.102397800075209489e+01,2.341485416995011093e+01
2.101535323884732520e+01,2.344935321756916125e+01
2.100672847694256973e+01,2.348385226518820446e+01
2.099810371503781425e+01,2.351835131280725477e+01
2.098947895313304457e+01,2.355285036042630509e+01
2.098085419122828910e+01,2.358734940804535540e+01
2.097222942932353362e+01,2.362184845566439151e+01
2.096360466741874973e+01,2.365634750328344182e+01
2.095497990551399425e+01,2.369084655090249214e+01
2.094635514360922457e+01,2.372534559852154246e+01
2.093773038170446910e+01,2.375984464614058567e+01
2.092910561979971362e+01,2.379434369375963598e+01
2.092048085789494394e+01,2.382884274137868630e+01
2.089491097554200394e+01,2.385441262373161919e+01
2.086934109318906394e+01,2.387998250608457340e+01
2.084377121083613815e+01,2.390555238843750629e+01
2.081820132848316973e+01,2.393112227079044629e+01
2.079263144613022973e+01,2.395669215314338629e+01
2.076706156377728973e+01,2.398226203549633340e+01
2.074149168142436395e+01,2.400783191784927340e+01
2.071592179907142395e+01,2.403340180020221339e+01
2.069035191671848395e+01,2.405897168255515339e+01
2.066478203436554395e+01,2.408454156490810050e+01
2.063921215201260395e+01,2.411011144726104050e+01
2.061364226965964974e+01,2.413568132961397339e+01
2.058807238730670974e+01,2.416125121196691339e+01
2.056250250495376974e+01,2.418682109431986049e+01
2.053693262260082975e+01,2.421239097667280049e+01
2.051136274024788975e+01,2.423796085902574049e+01
2.048579285789494975e+01,2.426353074137868049e+01
2.046022297554200975e+01,2.428910062373162759e+01
2.043465309318906975e+01,2.431467050608456759e+01
2.040908321083611554e+01,2.434024038843750759e+01
2.038351332848317554e+01,2.436581027079044048e+01
2.035794344613023554e+01,2.439138015314339469e+01
2.033237356377729554e+01,2.441695003549632759e+01
2.030680368142435555e+01,2.444251991784926759e+01
2.028123379907142976e+01,2.446808980020220758e+01
2.025566391671848976e+01,2.449365968255515469e+01
2.023009403436554976e+01,2.451922956490809469e+01
2.020452415201258134e+01,2.454479944726103469e+01
2.017895426965965555e+01,2.457036932961398179e+01
2.015338438730671555e+01,2.459593921196692179e+01
2.012781450495377555e+01,2.462150909431986179e+01
2.010224462260083556e+01,2.464707897667279468e+01
2.007667474024789556e+01,2.467264885902574889e+01
2.005110485789495556e+01,2.469821874137868889e+01
2.002553497554200135e+01,2.472378862373162178e+01
1.999996509318906135e+01,2.474935850608456178e+01
1.997439521083612135e+01,2.477492838843750889e+01
1.994882532848318135e+01,2.480049827079044888e+01
1.992325544613024135e+01,2.482606815314338888e+01
1.989768556377730135e+01,2.485163803549632888e+01
1.987211568142436136e+01,2.487720791784927599e+01
1.984654579907142136e+01,2.490277780020221599e+01
1.982097591671846715e+01,2.492834768255515598e+01
1.979540603436552715e+01,2.495391756490808888e+01
1.976983615201258715e+01,2.497948744726104309e+01
1.974426626965964715e+01,2.500505732961397598e+01
1.971869638730672136e+01,2.503062721196691598e+01
1.969312650495378136e+01,2.505619709431985598e+01
1.966755662260084137e+01,2.508176697667280308e+01
1.964198674024790137e+01,2.510733685902574308e+01
1.961641685789493295e+01,2.513290674137868308e+01
1.959084697554200716e+01,2.515847662373162308e+01
1.956527709318906716e+01,2.518404650608457018e+01
1.953970721083612716e+01,2.520961638843751018e+01
1.951413732848318716e+01,2.523518627079044307e+01
1.948856744613024716e+01,2.526075615314338307e+01
1.946299756377730716e+01,2.528632603549633018e+01
1.943742768142435295e+01,2.531189591784927018e+01
1.941185779907141296e+01,2.533746580020221018e+01
1.938628791671847296e+01,2.536303568255515728e+01
1.936071803436553296e+01,2.538860556490809728e+01
1.933514815201259296e+01,2.541417544726103728e+01
1.930957826965965296e+01,2.543974532961397728e+01
1.928400838730671296e+01,2.546531521196692438e+01
1.925843850495377296e+01,2.549088509431986438e+01
1.923286862260081875e+01,2.551645497667279727e+01
1.920729874024787875e+01,2.554202485902573727e+01
1.918172885789493876e+01,2.556759474137868438e+01
1.915615897554199876e+01,2.559316462373162437e+01
1.913058909318907297e+01,2.561873450608456437e+01
1.910501921083613297e+01,2.564430438843750437e+01
1.907944932848319297e+01,2.566987427079045148e+01
1.905387944613025297e+01,2.569544415314339147e+01
1.902830956377729876e+01,2.572101403549633147e+01
1.900273968142435876e+01,2.574658391784926437e+01
1.897716979907141877e+01,2.577215380020221858e+01
1.895159991671847877e+01,2.579772368255515147e+01
1.892603003436553877e+01,2.582329356490809147e+01
1.890046015201259877e+01,2.584886344726103147e+01
1.887489026965965877e+01,2.587443332961397857e+01
1.884932038730671877e+01,2.590000321196691857e+01
1.882375050495376456e+01,2.592557309431985857e+01
1.879818062260082456e+01,2.595114297667280567e+01
1.877261074024788456e+01,2.597671285902574567e+01
1.874704085789494457e+01,2.600228274137868567e+01
1.871484174678383283e+01,2.601838229693424154e+01
1.868264263567272110e+01,2.603448185248979740e+01
1.865044352456162358e+01,2.605058140804534617e+01
1.861824441345049763e+01,2.606668096360090203e+01
1.858604530233938590e+01,2.608278051915646500e+01
1.855384619122827417e+01,2.609888007471202087e+01
1.852164708011717664e+01,2.611497963026756963e+01
1.848944796900606491e+01,2.613107918582312550e+01
1.845724885789493896e+01,2.614717874137868847e+01
1.842504974678382723e+01,2.616327829693424434e+01
1.839285063567272971e+01,2.617937785248979310e+01
1.836065152456161798e+01,2.619547740804534897e+01
1.832845241345050624e+01,2.621157696360090483e+01
1.829625330233938030e+01,2.622767651915646780e+01
1.826405419122828278e+01,2.624377607471201657e+01
1.823185508011717104e+01,2.625987563026757243e+01
1.819965596900605931e+01,2.627597518582312830e+01
1.816745685789493336e+01,2.629207474137868417e+01
1.813525774678385005e+01,2.630817429693423293e+01
1.810305863567272411e+01,2.632427385248979590e+01
1.807085952456161237e+01,2.634037340804535177e+01
1.803866041345050064e+01,2.635647296360090763e+01
1.800646130233940312e+01,2.637257251915645639e+01
1.797426219122827717e+01,2.638867207471201226e+01
1.794206308011716544e+01,2.640477163026757523e+01
1.790986396900605371e+01,2.642087118582313110e+01
1.787766485789495619e+01,2.643697074137867986e+01
1.784546574678384445e+01,2.645307029693423573e+01
1.781326663567271851e+01,2.646916985248979870e+01
1.778106752456160677e+01,2.648526940804535457e+01
1.774886841345050925e+01,2.650136896360090333e+01
1.771666930233939752e+01,2.651746851915645919e+01
1.768447019122828578e+01,2.653356807471201506e+01
1.765227108011715984e+01,2.654966763026757803e+01
1.762007196900606232e+01,2.656576718582312679e+01
1.758787285789495058e+01,2.658186674137868266e+01
1.755567374678383885e+01,2.659796629693423853e+01
1.752347463567271291e+01,2.661406585248979439e+01
1.749127552456162960e+01,2.663016540804534316e+01
1.745907641345050365e+01,2.664626496360090613e+01
1.742687730233939192e+01,2.666236451915646199e+01
1.739467819122828018e+01,2.667846407471201786e+01
1.736247908011718266e+01,2.669456363026756662e+01
1.733027996900607093e+01,2.671066318582312249e+01
1.729808085789494498e+01,2.672676274137868546e+01
1.726185685789494073e+01,2.672676274137868546e+01
1.722563285789495069e+01,2.672676274137868546e+01
1.718940885789494644e+01,2.672676274137868546e+01
1.715318485789495639e+01,2.672676274137868546e+01
1.711696085789495214e+01,2.672676274137868546e+01
1.708073685789493368e+01,2.672676274137868546e+01
1.704451285789495785e+01,2.672676274137868546e+01
1.700828885789493938e+01,2.672676274137868546e+01
1.697206485789494934e+01,2.672676274137868546e+01
1.693584085789494509e+01,2.672676274137868546e+01
1.689961685789494084e+01,2.672676274137868546e+01
1.686339285789495079e+01,2.672676274137868546e+01
1.682716885789494654e+01,2.672676274137868546e+01
1.679094485789495650e+01,2.672676274137868546e+01
1.675472085789495225e+01,2.672676274137868546e+01
1.671849685789493378e+01,2.672676274137868546e+01
1.668227285789495795e+01,2.672676274137868546e+01
1.664604885789493949e+01,2.672676274137868546e+01
1.660982485789494945e+01,2.672676274137868546e+01
1.657360085789494519e+01,2.672676274137868546e+01
1.653737685789494094e+01,2.672676274137868546e+01
1.650115285789495090e+01,2.672676274137868546e+01
1.646492885789494665e+01,2.672676274137868546e+01
1.642870485789495660e+01,2.672676274137868546e+01
1.639248085789495235e+01,2.672676274137868546e+01
1.635625685789493389e+01,2.672676274137868546e+01
1.632003285789495806e+01,2.672676274137868546e+01
1.628380885789493959e+01,2.672676274137868546e+01
1.624758485789494955e+01,2.672676274137868546e+01
1.621136085789494530e+01,2.672676274137868546e+01
1.618721152456161860e+01,2.675091207471201216e+01
1.616306219122827770e+01,2.677506140804534596e+01
1.613891285789495100e+01,2.679921074137867976e+01
1.611476352456162431e+01,2.682336007471202066e+01
1.609061419122828340e+01,2.684750940804535446e+01
1.606646485789495671e+01,2.687165874137868826e+01
1.604231552456163001e+01,2.689580807471201496e+01
1.601816619122827490e+01,2.691995740804534876e+01
1.599401685789493399e+01,2.694410674137868256e+01
1.596986752456160730e+01,2.696825607471201636e+01
1.594571819122828060e+01,2.699240540804534305e+01
1.592156885789493970e+01,2.701655474137869106e+01
1.589741952456161300e+01,2.704070407471201776e+01
1.587327019122828631e+01,2.706485340804535156e+01
1.584912085789494540e+01,2.708900274137868536e+01
1.581289685789494115e+01,2.708900274137868536e+01
1.577667285789495111e+01,2.708900274137868536e+01
1.574044885789494685e+01,2.708900274137868536e+01
1.570422485789495681e+01,2.708900274137868536e+01
1.566800085789495256e+01,2.708900274137868536e+01
1.563177685789493410e+01,2.708900274137868536e+01
1.559555285789495827e+01,2.708900274137868536e+01
1.555932885789493980e+01,2.708900274137868536e+01
1.552310485789494976e+01,2.708900274137868536e+01
1.548688085789494551e+01,2.708900274137868536e+01
1.545065685789494125e+01,2.708900274137868536e+01
1.541443285789495121e+01,2.708900274137868536e+01
1.537820885789494696e+01,2.708900274137868536e+01
1.534198485789495692e+01,2.708900274137868536e+01
1.530576085789495266e+01,2.708900274137868536e+01
1.526953685789493420e+01,2.708900274137868536e+01
1.523331285789495837e+01,2.708900274137868536e+01
1.519708885789493991e+01,2.708900274137868536e+01
1.516086485789494986e+01,2.708900274137868536e+01
1.512464085789494561e+01,2.708900274137868536e+01
1.508841685789494136e+01,2.708900274137868536e+01
1.505219285789495132e+01,2.708900274137868536e+01
1.501596885789494706e+01,2.708900274137868536e+01
1.497974485789495702e+01,2.708900274137868536e+01
1.494352085789495277e+01,2.708900274137868536e+01
1.490729685789493431e+01,2.708900274137868536e+01
1.487107285789495847e+01,2.708900274137868536e+01
1.483484885789494001e+01,2.708900274137868536e+01
1.479862485789494997e+01,2.708900274137868536e+01
1.476240085789494572e+01,2.708900274137868536e+01
1.472617685789494146e+01,2.708900274137868536e+01
1.468995285789495142e+01,2.708900274137868536e+01
1.465372885789494717e+01,2.708900274137868536e+01
1.461750485789495713e+01,2.708900274137868536e+01
1.458128085789495287e+01,2.708900274137868536e+01
1.454505685789493441e+01,2.708900274137868536e+01
1.450883285789495858e+01,2.708900274137868536e+01
1.447260885789494012e+01,2.708900274137868536e+01
1.443638485789495007e+01,2.708900274137868536e+01
1.440016085789494582e+01,2.708900274137868536e+01
1.436393685789494157e+01,2.708900274137868536e+01
1.432771285789495153e+01,2.708900274137868536e+01
1.429148885789494727e+01,2.708900274137868536e+01
1.425526485789495723e+01,2.708900274137868536e+01
1.421904085789495298e+01,2.708900274137868536e+01
1.418281685789493451e+01,2.708900274137868536e+01
1.414659285789495868e+01,2.708900274137868536e+01
1.411036885789494022e+01,2.708900274137868536e+01
1.407414485789495018e+01,2.708900274137868536e+01
1.403792085789494593e+01,2.708900274137868536e+01
1.400169685789494167e+01,2.708900274137868536e+01
1.396547285789495163e+01,2.708900274137868536e+01
1.392924885789494738e+01,2.708900274137868536e+01
1.389302485789495734e+01,2.708900274137868536e+01
1.385680085789495308e+01,2.708900274137868536e+01
1.382057685789493462e+01,2.708900274137868536e+01
1.378435285789495879e+01,2.708900274137868536e+01
1.374812885789494032e+01,2.708900274137868536e+01
1.371190485789495028e+01,2.708900274137868536e+01
1.367568085789494603e+01,2.708900274137868536e+01
1.363945685789494178e+01,2.708900274137868536e+01
1.360323285789495174e+01,2.708900274137868536e+01
1.356700885789494748e+01,2.708900274137868536e+01
1.353078485789495744e+01,2.708900274137868536e+01
1.349456085789495319e+01,2.708900274137868536e+01
1.345833685789493472e+01,2.708900274137868536e+01
1.342211285789495889e+01,2.708900274137868536e+01
1.338588885789494043e+01,2.708900274137868536e+01
1.334966485789495039e+01,2.708900274137868536e+01
1.331344085789494613e+01,2.708900274137868536e+01
1.327721685789494188e+01,2.708900274137868536e+01
1.324099285789495184e+01,2.708900274137868536e+01
1.320476885789494759e+01,2.708900274137868536e+01
1.316854485789495754e+01,2.708900274137868536e+01
1.313232085789495329e+01,2.708900274137868536e+01
1.309609685789493483e+01,2.708900274137868536e+01
1.305987285789495900e+01,2.708900274137868536e+01
1.302364885789494053e+01,2.708900274137868536e+01
1.298742485789495049e+01,2.708900274137868536e+01
1.295120085789494624e+01,2.708900274137868536e+01
1.291497685789494199e+01,2.708900274137868536e+01
1.287875285789495194e+01,2.708900274137868536e+01
1.284252885789494769e+01,2.708900274137868536e+01
1.280630485789495765e+01,2.708900274137868536e+01
1.277008085789495340e+01,2.708900274137868536e+01
1.273385685789493493e+01,2.708900274137868536e+01
1.269763285789494489e+01,2.708900274137868536e+01
1.266140885789494064e+01,2.708900274137868536e+01
1.262518485789495060e+01,2.708900274137868536e+01
1.258896085789494634e+01,2.708900274137868536e+01
1.255273685789494209e+01,2.708900274137868536e+01
1.251651285789495205e+01,2.708900274137868536e+01
1.248028885789494780e+01,2.708900274137868536e+01
1.244406485789495775e+01,2.708900274137868536e+01
1.240784085789495350e+01,2.708900274137868536e+01
1.237161685789493504e+01,2.708900274137868536e+01
1.233539285789494500e+01,2.708900274137868536e+01
1.229916885789494074e+01,2.708900274137868536e+01
1.226294485789495070e+01,2.708900274137868536e+01
1.222672085789494645e+01,2.708900274137868536e+01
1.219049685789494220e+01,2.708900274137868536e+01
1.215427285789495215e+01,2.708900274137868536e+01
1.211804885789494790e+01,2.708900274137868536e+01
1.208182485789495786e+01,2.708900274137868536e+01
1.204560085789495361e+01,2.708900274137868536e+01
1.200937685789493514e+01,2.708900274137868536e+01
1.197315285789494510e+01,2.708900274137868536e+01
1.193692885789494085e+01,2.708900274137868536e+01
1.190070485789495081e+01,2.708900274137868536e+01
1.186448085789494655e+01,2.708900274137868536e+01
1.182825685789494230e+01,2.708900274137868536e+01
1.179203285789495226e+01,2.708900274137868536e+01
1.175580885789494801e+01,2.708900274137868536e+01
1.171958485789495796e+01,2.708900274137868536e+01
1.168336085789495371e+01,2.708900274137868536e+01
1.164713685789493525e+01,2.708900274137868536e+01
1.161091285789494520e+01,2.708900274137868536e+01
1.157468885789494095e+01,2.708900274137868536e+01
1.153846485789495091e+01,2.708900274137868536e+01
1.150224085789494666e+01,2.708900274137868536e+01
1.146601685789494240e+01,2.708900274137868536e+01
1.142979285789495236e+01,2.708900274137868536e+01
1.139356885789494811e+01,2.708900274137868536e+01
1.135734485789495807e+01,2.708900274137868536e+01
1.132112085789495382e+01,2.708900274137868536e+01
1.128489685789493535e+01,2.708900274137868536e+01
1.124867285789494531e+01,2.708900274137868536e+01
1.121244885789494106e+01,2.708900274137868536e+01
1.117622485789495101e+01,2.708900274137868536e+01
1.114000085789494676e+01,2.708900274137868536e+01
1.110377685789494251e+01,2.708900274137868536e+01
1.106755285789495247e+01,2.708900274137868536e+01
1.103132885789494821e+01,2.708900274137868536e+01
1.099510485789495817e+01,2.708900274137868536e+01
1.095888085789495392e+01,2.708900274137868536e+01
1.092265685789493546e+01,2.708900274137868536e+01
1.088643285789494541e+01,2.708900274137868536e+01
1.085020885789494116e+01,2.708900274137868536e+01
1.081398485789495112e+01,2.708900274137868536e+01
1.077776085789494687e+01,2.708900274137868536e+01
1.075361152456162017e+01,2.706485340804535156e+01
1.072946219122827927e+01,2.704070407471201776e+01
1.070531285789495257e+01,2.701655474137869106e+01
1.068116352456162588e+01,2.699240540804534305e+01
1.065701419122828497e+01,2.696825607471201636e+01
1.063286485789495828e+01,2.694410674137868256e+01
1.060871552456161737e+01,2.691995740804534876e+01
1.058456619122827647e+01,2.689580807471201496e+01
1.056041685789493556e+01,2.687165874137868826e+01
1.053626752456160887e+01,2.684750940804535446e+01
1.051211819122828217e+01,2.682336007471202066e+01
1.048796885789494127e+01,2.679921074137867976e+01
1.046381952456161457e+01,2.677506140804534596e+01
1.043967019122827367e+01,2.675091207471201216e+01
1.041552085789494697e+01,2.672676274137868546e+01
1.037929685789494272e+01,2.672676274137868546e+01
1.034307285789495268e+01,2.672676274137868546e+01
1.030684885789494842e+01,2.672676274137868546e+01
1.027062485789495838e+01,2.672676274137868546e+01
1.023440085789495413e+01,2.672676274137868546e+01
1.019817685789493567e+01,2.672676274137868546e+01
1.016195285789494562e+01,2.672676274137868546e+01
1.012572885789494137e+01,2.672676274137868546e+01
1.008950485789495133e+01,2.672676274137868546e+01
1.005328085789494708e+01,2.672676274137868546e+01
1.001705685789494282e+01,2.672676274137868546e+01
9.980832857894952781e+00,2.672676274137868546e+01
9.944608857894948528e+00,2.672676274137868546e+01
9.908384857894958486e+00,2.672676274137868546e+01
9.872160857894954233e+00,2.672676274137868546e+01
9.835936857894935770e+00,2.672676274137868546e+01
9.799712857894945728e+00,2.672676274137868546e+01
9.763488857894941475e+00,2.672676274137868546e+01
9.727264857894951433e+00,2.672676274137868546e+01
9.691040857894947180e+00,2.672676274137868546e+01
9.654816857894942927e+00,2.672676274137868546e+01
9.618592857894952886e+00,2.672676274137868546e+01
9.582368857894948633e+00,2.672676274137868546e+01
9.546144857894958591e+00,2.672676274137868546e+01
9.509920857894954338e+00,2.672676274137868546e+01
9.473696857894935874e+00,2.672676274137868546e+01
9.437472857894945832e+00,2.672676274137868546e+01
9.401248857894941580e+00,2.672676274137868546e+01
9.365024857894951538e+00,2.672676274137868546e+01
9.328800857894947285e+00,2.672676274137868546e+01
9.292576857894943032e+00,2.672676274137868546e+01
9.256352857894952990e+00,2.672676274137868546e+01
9.220128857894948737e+00,2.672676274137868546e+01
9.183904857894958695e+00,2.672676274137868546e+01
9.147680857894954443e+00,2.672676274137868546e+01
9.111456857894935979e+00,2.672676274137868546e+01
9.075232857894945937e+00,2.672676274137868546e+01
9.039008857894941684e+00,2.672676274137868546e+01
9.002784857894951642e+00,2.672676274137868546e+01
8.966560857894947389e+00,2.672676274137868546e+01
8.930336857894943137e+00,2.672676274137868546e+01
8.894112857894953095e+00,2.672676274137868546e+01
8.857888857894948842e+00,2.672676274137868546e+01
8.821664857894958800e+00,2.672676274137868546e+01
8.785440857894954547e+00,2.672676274137868546e+01
8.749216857894936084e+00,2.672676274137868546e+01
8.712992857894946042e+00,2.672676274137868546e+01
8.676768857894941789e+00,2.672676274137868546e+01
8.640544857894951747e+00,2.672676274137868546e+01
8.604320857894947494e+00,2.672676274137868546e+01
8.568096857894943241e+00,2.672676274137868546e+01
8.531872857894953199e+00,2.672676274137868546e+01
8.495648857894948947e+00,2.672676274137868546e+01
8.459424857894958905e+00,2.672676274137868546e+01
8.423200857894954652e+00,2.672676274137868546e+01
8.386976857894936188e+00,2.672676274137868546e+01
8.350752857894946146e+00,2.672676274137868546e+01
8.314528857894941893e+00,2.672676274137868546e+01
8.278304857894951851e+00,2.672676274137868546e+01
8.242080857894947599e+00,2.672676274137868546e+01
8.205856857894943346e+00,2.672676274137868546e+01
8.169632857894953304e+00,2.672676274137868546e+01
8.133408857894949051e+00,2.672676274137868546e+01
8.097184857894959009e+00,2.672676274137868546e+01
8.060960857894954756e+00,2.672676274137868546e+01
8.024736857894936293e+00,2.672676274137868546e+01
7.988512857894946251e+00,2.672676274137868546e+01
7.952288857894941998e+00,2.672676274137868546e+01
7.916064857894951956e+00,2.672676274137868546e+01
7.879840857894947703e+00,2.672676274137868546e+01
7.843616857894943450e+00,2.672676274137868546e+01
7.807392857894953409e+00,2.672676274137868546e+01
7.771168857894949156e+00,2.672676274137868546e+01
7.734944857894944903e+00,2.672676274137868546e+01
7.698720857894940650e+00,2.672676274137868546e+01
7.662496857894950608e+00,2.672676274137868546e+01
7.626272857894946355e+00,2.672676274137868546e+01
7.590048857894942103e+00,2.672676274137868546e+01
7.553824857894952061e+00,2.672676274137868546e+01
7.517600857894947808e+00,2.672676274137868546e+01
7.481376857894943555e+00,2.672676274137868546e+01
7.445152857894953513e+00,2.672676274137868546e+01
7.408928857894949260e+00,2.672676274137868546e+01
7.372704857894945008e+00,2.672676274137868546e+01
7.336480857894940755e+00,2.672676274137868546e+01
7.300256857894950713e+00,2.672676274137868546e+01
7.264032857894946460e+00,2.672676274137868546e+01
7.227808857894942207e+00,2.672676274137868546e+01
7.191584857894952165e+00,2.672676274137868546e+01
7.155360857894947912e+00,2.672676274137868546e+01
7.119136857894943660e+00,2.672676274137868546e+01
7.082912857894953618e+00,2.672676274137868546e+01
7.046688857894949365e+00,2.672676274137868546e+01
7.010464857894945112e+00,2.672676274137868546e+01
6.974240857894940859e+00,2.672676274137868546e+01
6.938016857894950817e+00,2.672676274137868546e+01
6.901792857894946565e+00,2.672676274137868546e+01
6.865568857894942312e+00,2.672676274137868546e+01
6.829344857894952270e+00,2.672676274137868546e+01
6.793120857894948017e+00,2.672676274137868546e+01
6.756896857894943764e+00,2.672676274137868546e+01
6.720672857894953722e+00,2.672676274137868546e+01
6.684448857894949469e+00,2.672676274137868546e+01
6.648224857894945217e+00,2.672676274137868546e+01
6.612000857894940964e+00,2.672676274137868546e+01
6.575776857894950922e+00,2.672676274137868546e+01
6.539552857894946669e+00,2.672676274137868546e+01
6.503328857894942416e+00,2.672676274137868546e+01
6.467104857894952374e+00,2.672676274137868546e+01
6.430880857894948122e+00,2.672676274137868546e+01
6.394656857894943869e+00,2.672676274137868546e+01
6.358432857894953827e+00,2.672676274137868546e+01
6.322208857894949574e+00,2.672676274137868546e+01
6.285984857894945321e+00,2.672676274137868546e+01
6.249760857894941068e+00,2.672676274137868546e+01
6.213536857894951027e+00,2.672676274137868546e+01
6.177312857894946774e+00,2.672676274137868546e+01
6.141088857894942521e+00,2.672676274137868546e+01
6.104864857894952479e+00,2.672676274137868546e+01
6.068640857894948226e+00,2.672676274137868546e+01
6.032416857894943973e+00,2.672676274137868546e+01
5.996192857894953931e+00,2.672676274137868546e+01
5.959968857894949679e+00,2.672676274137868546e+01
5.923744857894945426e+00,2.672676274137868546e+01
5.887520857894941173e+00,2.672676274137868546e+01
5.851296857894951131e+00,2.672676274137868546e+01
5.815072857894946878e+00,2.672676274137868546e+01
5.778848857894942626e+00,2.672676274137868546e+01
5.742624857894952584e+00,2.672676274137868546e+01
5.706400857894948331e+00,2.672676274137868546e+01
5.670176857894944078e+00,2.672676274137868546e+01
5.633952857894954036e+00,2.672676274137868546e+01
5.597728857894949783e+00,2.672676274137868546e+01
5.561504857894945530e+00,2.672676274137868546e+01
5.525280857894941278e+00,2.672676274137868546e+01
5.489056857894951236e+00,2.672676274137868546e+01
5.452832857894946983e+00,2.672676274137868546e+01
5.416608857894942730e+00,2.672676274137868546e+01
5.380384857894952688e+00,2.672676274137868546e+01
5.344160857894948435e+00,2.672676274137868546e+01
5.307936857894944183e+00,2.672676274137868546e+01
5.271712857894954141e+00,2.672676274137868546e+01
5.235488857894949888e+00,2.672676274137868546e+01
5.199264857894945635e+00,2.672676274137868546e+01
5.163040857894941382e+00,2.672676274137868546e+01
5.126816857894951340e+00,2.672676274137868546e+01
5.090592857894947088e+00,2.672676274137868546e+01
5.054368857894942835e+00,2.672676274137868546e+01
5.018144857894938582e+00,2.672676274137868546e+01
4.981920857894948540e+00,2.672676274137868546e+01
4.945696857894944287e+00,2.672676274137868546e+01
4.909472857894954245e+00,2.672676274137868546e+01
4.873248857894949992e+00,2.672676274137868546e+01
4.837024857894945740e+00,2.672676274137868546e+01
4.800800857894941487e+00,2.672676274137868546e+01
4.764576857894951445e+00,2.672676274137868546e+01
4.728352857894947192e+00,2.672676274137868546e+01
4.692128857894942939e+00,2.672676274137868546e+01
4.655904857894938687e+00,2.672676274137868546e+01
4.619680857894948645e+00,2.672676274137868546e+01
4.583456857894944392e+00,2.672676274137868546e+01
4.547232857894954350e+00,2.672676274137868546e+01
4.511008857894950097e+00,2.672676274137868546e+01
4.474784857894945844e+00,2.672676274137868546e+01
4.438560857894941591e+00,2.672676274137868546e+01
4.402336857894951549e+00,2.672676274137868546e+01
4.366112857894947297e+00,2.672676274137868546e+01
4.329888857894943044e+00,2.672676274137868546e+01
4.293664857894938791e+00,2.672676274137868546e+01
4.257440857894948749e+00,2.672676274137868546e+01
4.221216857894944496e+00,2.672676274137868546e+01
4.184992857894954454e+00,2.672676274137868546e+01
4.148768857894950202e+00,2.672676274137868546e+01
4.112544857894945949e+00,2.672676274137868546e+01
4.076320857894941696e+00,2.672676274137868546e+01
4.040096857894951654e+00,2.672676274137868546e+01
4.003872857894947401e+00,2.672676274137868546e+01
3.967648857894943148e+00,2.672676274137868546e+01
3.931424857894938896e+00,2.672676274137868546e+01
3.895200857894948854e+00,2.672676274137868546e+01
3.858976857894944601e+00,2.672676274137868546e+01
3.822752857894954559e+00,2.672676274137868546e+01
3.786528857894950306e+00,2.672676274137868546e+01
3.750304857894946053e+00,2.672676274137868546e+01
3.714080857894941801e+00,2.672676274137868546e+01
3.677856857894951759e+00,2.672676274137868546e+01
3.641632857894947506e+00,2.672676274137868546e+01
3.605408857894943253e+00,2.672676274137868546e+01
3.569184857894939000e+00,2.672676274137868546e+01
3.532960857894948958e+00,2.672676274137868546e+01
3.496736857894944706e+00,2.672676274137868546e+01
3.460512857894954664e+00,2.672676274137868546e+01
3.424288857894950411e+00,2.672676274137868546e+01
3.388064857894946158e+00,2.672676274137868546e+01
3.351840857894941905e+00,2.672676274137868546e+01
3.315616857894951863e+00,2.672676274137868546e+01
3.279392857894947610e+00,2.672676274137868546e+01
3.243168857894943358e+00,2.672676274137868546e+01
3.206944857894939105e+00,2.672676274137868546e+01
3.170720857894949063e+00,2.672676274137868546e+01
3.134496857894944810e+00,2.672676274137868546e+01
3.098272857894954768e+00,2.672676274137868546e+01
3.062048857894950515e+00,2.672676274137868546e+01
3.025824857894946263e+00,2.672676274137868546e+01
2.989600857894942010e+00,2.672676274137868546e+01
2.953376857894951968e+00,2.672676274137868546e+01
2.917152857894947715e+00,2.672676274137868546e+01
2.880928857894943462e+00,2.672676274137868546e+01
2.844704857894939209e+00,2.672676274137868546e+01
2.808480857894949168e+00,2.672676274137868546e+01
2.772256857894944915e+00,2.672676274137868546e+01
2.736032857894954873e+00,2.672676274137868546e+01
2.699808857894936409e+00,2.672676274137868546e+01
2.663584857894946367e+00,2.672676274137868546e+01
2.627360857894942114e+00,2.672676274137868546e+01
2.591136857894952072e+00,2.672676274137868546e+01
2.554912857894947820e+00,2.672676274137868546e+01
2.518688857894943567e+00,2.672676274137868546e+01
2.482464857894939314e+00,2.672676274137868546e+01
2.446240857894949272e+00,2.672676274137868546e+01
2.410016857894945019e+00,2.672676274137868546e+01
2.373792857894940767e+00,2.672676274137868546e+01
2.337568857894936514e+00,2.672676274137868546e+01
2.301344857894946472e+00,2.672676274137868546e+01
2.265120857894942219e+00,2.672676274137868546e+01
2.228896857894952177e+00,2.672676274137868546e+01
2.192672857894947924e+00,2.672676274137868546e+01
2.156448857894943671e+00,2.672676274137868546e+01
2.120224857894939419e+00,2.672676274137868546e+01
2.084000857894949377e+00,2.672676274137868546e+01
2.047776857894945124e+00,2.672676274137868546e+01
2.011552857894955082e+00,2.672676274137868546e+01
1.975328857894936618e+00,2.672676274137868546e+01
1.939104857894946576e+00,2.672676274137868546e+01
1.902880857894942324e+00,2.672676274137868546e+01
1.866656857894952282e+00,2.672676274137868546e+01
1.830432857894948029e+00,2.672676274137868546e+01
1.794208857894943776e+00,2.672676274137868546e+01
1.757984857894939523e+00,2.672676274137868546e+01
1.721760857894949481e+00,2.672676274137868546e+01
1.685536857894945229e+00,2.672676274137868546e+01
1.649312857894955187e+00,2.672676274137868546e+01
1.613088857894936723e+00,2.672676274137868546e+01
1.576864857894946681e+00,2.672676274137868546e+01
1.540640857894942428e+00,2.672676274137868546e+01
1.504416857894952386e+00,2.672676274137868546e+01
1.468192857894948133e+00,2.672676274137868546e+01
1.431968857894943881e+00,2.672676274137868546e+01
1.395744857894939628e+00,2.672676274137868546e+01
1.359520857894949586e+00,2.672676274137868546e+01
1.323296857894945333e+00,2.672676274137868546e+01
1.287072857894955291e+00,2.672676274137868546e+01
1.250848857894936828e+00,2.672676274137868546e+01
1.214624857894946786e+00,2.672676274137868546e+01
1.178400857894942533e+00,2.672676274137868546e+01
1.142176857894952491e+00,2.672676274137868546e+01
1.105952857894948238e+00,2.672676274137868546e+01
1.069728857894943985e+00,2.672676274137868546e+01
1.033504857894939732e+00,2.672676274137868546e+01
9.972808578949496905e-01,2.672676274137868546e+01
9.610568578949454377e-01,2.672676274137868546e+01
9.248328578949553958e-01,2.672676274137868546e+01
8.886088578949369321e-01,2.672676274137868546e+01
8.523848578949468902e-01,2.672676274137868546e+01
8.161608578949426374e-01,2.672676274137868546e+01
7.799368578949525954e-01,2.672676274137868546e+01
7.437128578949483426e-01,2.672676274137868546e+01
7.074888578949440898e-01,2.672676274137868546e+01
6.712648578949398370e-01,2.672676274137868546e+01
6.350408578949497951e-01,2.672676274137868546e+01
5.988168578949455423e-01,2.672676274137868546e+01
5.625928578949555003e-01,2.672676274137868546e+01
5.263688578949370367e-01,2.672676274137868546e+01
4.901448578949469947e-01,2.672676274137868546e+01
4.539208578949427420e-01,2.672676274137868546e+01
4.176968578949527000e-01,2.672676274137868546e+01
3.814728578949484472e-01,2.672676274137868546e+01
3.452488578949441944e-01,2.672676274137868546e+01
3.090248578949399416e-01,2.672676274137868546e+01
2.728008578949498997e-01,2.672676274137868546e+01
2.365768578949456469e-01,2.672676274137868546e+01
2.003528578949556049e-01,2.672676274137868546e+01
1.641288578949371413e-01,2.672676274137868546e+01
1.279048578949470993e-01,2.672676274137868546e+01
9.168085789494284654e-02,2.672676274137868546e+01
5.545685789495280460e-02,2.672676274137868546e+01
1.923285789494855180e-02,2.672676274137868546e+01
-1.699114210505570099e-02,2.672676274137868546e+01
-5.321514210505995379e-02,2.672676274137868546e+01
-8.943914210504999573e-02,2.672676274137868546e+01
-1.256631421050542485e-01,2.672676274137868546e+01
-1.618871421050442905e-01,2.672676274137868546e+01
-1.981111421050627541e-01,2.672676274137868546e+01
-2.343351421050527961e-01,2.672676274137868546e+01
-2.705591421050570489e-01,2.672676274137868546e+01
-3.067831421050470908e-01,2.672676274137868546e+01
-3.430071421050513436e-01,2.672676274137868546e+01
-3.792311421050555964e-01,2.672676274137868546e+01
-4.154551421050598492e-01,2.672676274137868546e+01
-4.516791421050498911e-01,2.672676274137868546e+01
-4.879031421050541439e-01,2.672676274137868546e+01
-5.241271421050583967e-01,2.672676274137868546e+01
-5.603511421050626495e-01,2.672676274137868546e+01
-5.965751421050526915e-01,2.672676274137868546e+01
-6.327991421050569443e-01,2.672676274137868546e+01
-6.690231421050469862e-01,2.672676274137868546e+01
-7.052471421050512390e-01,2.672676274137868546e+01
-7.414711421050554918e-01,2.672676274137868546e+01
-7.776951421050597446e-01,2.672676274137868546e+01
-8.139191421050497866e-01,2.672676274137868546e+01
-8.501431421050540393e-01,2.672676274137868546e+01
-8.863671421050440813e-01,2.672676274137868546e+01
-9.225911421050625449e-01,2.672676274137868546e+01
-9.588151421050525869e-01,2.672676274137868546e+01
-9.950391421050568397e-01,2.672676274137868546e+01
-1.031263142105046882e+00,2.672676274137868546e+01
-1.067487142105051134e+00,2.672676274137868546e+01
-1.103711142105055387e+00,2.672676274137868546e+01
-1.139935142105059640e+00,2.672676274137868546e+01
-1.176159142105049682e+00,2.672676274137868546e+01
-1.212383142105053935e+00,2.672676274137868546e+01
-1.248607142105043977e+00,2.672676274137868546e+01
-1.284831142105062440e+00,2.672676274137868546e+01
-1.321055142105052482e+00,2.672676274137868546e+01
-1.357279142105056735e+00,2.672676274137868546e+01
-1.393503142105046777e+00,2.672676274137868546e+01
-1.429727142105051030e+00,2.672676274137868546e+01
-1.465951142105055283e+00,2.672676274137868546e+01
-1.502175142105059535e+00,2.672676274137868546e+01
-1.538399142105049577e+00,2.672676274137868546e+01
-1.574623142105053830e+00,2.672676274137868546e+01
-1.610847142105043872e+00,2.672676274137868546e+01
-1.647071142105062336e+00,2.672676274137868546e+01
-1.683295142105052378e+00,2.672676274137868546e+01
-1.719519142105056630e+00,2.672676274137868546e+01
-1.755743142105046672e+00,2.672676274137868546e+01
-1.791967142105050925e+00,2.672676274137868546e+01
-1.828191142105055178e+00,2.672676274137868546e+01
-1.864415142105059431e+00,2.672676274137868546e+01
-1.900639142105049473e+00,2.672676274137868546e+01
-1.936863142105053726e+00,2.672676274137868546e+01
-1.973087142105043768e+00,2.672676274137868546e+01
-2.009311142105062231e+00,2.672676274137868546e+01
-2.045535142105052273e+00,2.672676274137868546e+01
-2.081759142105056526e+00,2.672676274137868546e+01
-2.117983142105046568e+00,2.672676274137868546e+01
-2.154207142105050821e+00,2.672676274137868546e+01
-2.190431142105055073e+00,2.672676274137868546e+01
-2.226655142105059326e+00,2.672676274137868546e+01
-2.262879142105049368e+00,2.672676274137868546e+01
-2.299103142105053621e+00,2.672676274137868546e+01
-2.335327142105043663e+00,2.672676274137868546e+01
-2.371551142105062127e+00,2.672676274137868546e+01
-2.407775142105052169e+00,2.672676274137868546e+01
-2.443999142105056421e+00,2.672676274137868546e+01
-2.480223142105046463e+00,2.672676274137868546e+01
-2.516447142105050716e+00,2.672676274137868546e+01
-2.552671142105054969e+00,2.672676274137868546e+01
-2.588895142105059222e+00,2.672676274137868546e+01
-2.625119142105049264e+00,2.672676274137868546e+01
-2.661343142105053516e+00,2.672676274137868546e+01
-2.697567142105043558e+00,2.672676274137868546e+01
-2.733791142105062022e+00,2.672676274137868546e+01
-2.770015142105052064e+00,2.672676274137868546e+01
-2.806239142105056317e+00,2.672676274137868546e+01
-2.842463142105046359e+00,2.672676274137868546e+01
-2.878687142105050611e+00,2.672676274137868546e+01
-2.914911142105054864e+00,2.672676274137868546e+01
-2.951135142105059117e+00,2.672676274137868546e+01
-2.987359142105049159e+00,2.672676274137868546e+01
-3.023583142105053412e+00,2.672676274137868546e+01
-3.059807142105043454e+00,2.672676274137868546e+01
-3.096031142105061917e+00,2.672676274137868546e+01
-3.132255142105051959e+00,2.672676274137868546e+01
-3.168479142105056212e+00,2.672676274137868546e+01
-3.204703142105046254e+00,2.672676274137868546e+01
-3.240927142105050507e+00,2.672676274137868546e+01
-3.277151142105054760e+00,2.672676274137868546e+01
-3.313375142105059012e+00,2.672676274137868546e+01
-3.349599142105049054e+00,2.672676274137868546e+01
-3.385823142105053307e+00,2.672676274137868546e+01
-3.422047142105043349e+00,2.672676274137868546e+01
-3.458271142105061813e+00,2.672676274137868546e+01
-3.494495142105051855e+00,2.672676274137868546e+01
-3.530719142105056108e+00,2.672676274137868546e+01
-3.566943142105046149e+00,2.672676274137868546e+01
-3.603167142105050402e+00,2.672676274137868546e+01
-3.639391142105054655e+00,2.672676274137868546e+01
-3.675615142105058908e+00,2.672676274137868546e+01
-3.711839142105048950e+00,2.672676274137868546e+01
-3.748063142105053203e+00,2.672676274137868546e+01
-3.784287142105043245e+00,2.672676274137868546e+01
-3.820511142105061708e+00,2.672676274137868546e+01
-3.856735142105051750e+00,2.672676274137868546e+01
-3.892959142105056003e+00,2.672676274137868546e+01
-3.929183142105046045e+00,2.672676274137868546e+01
-3.965407142105050298e+00,2.672676274137868546e+01
-4.001631142105054550e+00,2.672676274137868546e+01
-4.037855142105058803e+00,2.672676274137868546e+01
-4.074079142105048845e+00,2.672676274137868546e+01
-4.110303142105053098e+00,2.672676274137868546e+01
-4.146527142105043140e+00,2.672676274137868546e+01
-4.182751142105061604e+00,2.672676274137868546e+01
-4.218975142105051646e+00,2.672676274137868546e+01
-4.255199142105055898e+00,2.672676274137868546e+01
-4.291423142105045940e+00,2.672676274137868546e+01
-4.327647142105050193e+00,2.672676274137868546e+01
-4.363871142105054446e+00,2.672676274137868546e+01
-4.400095142105058699e+00,2.672676274137868546e+01
-4.436319142105048741e+00,2.672676274137868546e+01
-4.472543142105052993e+00,2.672676274137868546e+01
-4.508767142105043035e+00,2.672676274137868546e+01
-4.544991142105061499e+00,2.672676274137868546e+01
-4.581215142105051541e+00,2.672676274137868546e+01
-4.617439142105055794e+00,2.672676274137868546e+01
-4.653663142105045836e+00,2.672676274137868546e+01
-4.689887142105050089e+00,2.672676274137868546e+01
-4.726111142105054341e+00,2.672676274137868546e+01
-4.762335142105058594e+00,2.672676274137868546e+01
-4.798559142105048636e+00,2.672676274137868546e+01
-4.834783142105052889e+00,2.672676274137868546e+01
-4.871007142105042931e+00,2.672676274137868546e+01
-4.907231142105061394e+00,2.672676274137868546e+01
-4.943455142105051436e+00,2.672676274137868546e+01
-4.979679142105055689e+00,2.672676274137868546e+01
-5.015903142105045731e+00,2.672676274137868546e+01
-5.052127142105049984e+00,2.672676274137868546e+01
-5.088351142105054237e+00,2.672676274137868546e+01
-5.124575142105058490e+00,2.672676274137868546e+01
-5.160799142105048531e+00,2.672676274137868546e+01
-5.184948475438389437e+00,2.670261340804535166e+01
-5.209097808771716132e+00,2.667846407471201786e+01
-5.233247142105042826e+00,2.665431474137868406e+01
-5.257396475438383732e+00,2.663016540804534316e+01
-5.281545808771724637e+00,2.660601607471201646e+01
-5.305695142105051332e+00,2.658186674137868266e+01
-5.329844475438392237e+00,2.655771740804534886e+01
-5.353993808771718932e+00,2.653356807471201506e+01
-5.378143142105045627e+00,2.650941874137868837e+01
-5.402292475438386532e+00,2.648526940804535457e+01
-5.426441808771713227e+00,2.646112007471202077e+01
-5.450591142105054132e+00,2.643697074137867986e+01
-5.474740475438395038e+00,2.641282140804534606e+01
-5.498889808771721732e+00,2.638867207471201226e+01
-5.523039142105048427e+00,2.636452274137868557e+01
-5.559263142105052680e+00,2.636452274137868557e+01
-5.595487142105042722e+00,2.636452274137868557e+01
-5.631711142105061185e+00,2.636452274137868557e+01
-5.667935142105051227e+00,2.636452274137868557e+01
-5.704159142105055480e+00,2.636452274137868557e+01
-5.740383142105045522e+00,2.636452274137868557e+01
-5.776607142105049775e+00,2.636452274137868557e+01
-5.812831142105054028e+00,2.636452274137868557e+01
-5.849055142105058280e+00,2.636452274137868557e+01
-5.885279142105048322e+00,2.636452274137868557e+01
-5.921503142105052575e+00,2.636452274137868557e+01
-5.957727142105042617e+00,2.636452274137868557e+01
-5.993951142105061081e+00,2.636452274137868557e+01
-6.030175142105051123e+00,2.636452274137868557e+01
-6.066399142105055375e+00,2.636452274137868557e+01
-6.102623142105045417e+00,2.636452274137868557e+01
-6.138847142105049670e+00,2.636452274137868557e+01
-6.175071142105053923e+00,2.636452274137868557e+01
-6.211295142105058176e+00,2.636452274137868557e+01
-6.247519142105048218e+00,2.636452274137868557e+01
-6.283743142105052470e+00,2.636452274137868557e+01
-6.319967142105042512e+00,2.636452274137868557e+01
-6.356191142105060976e+00,2.636452274137868557e+01
-6.392415142105051018e+00,2.636452274137868557e+01
-6.428639142105055271e+00,2.636452274137868557e+01
-6.464863142105045313e+00,2.636452274137868557e+01
-6.501087142105049566e+00,2.636452274137868557e+01
-6.537311142105053818e+00,2.636452274137868557e+01
-6.573535142105058071e+00,2.636452274137868557e+01
-6.609759142105048113e+00,2.636452274137868557e+01
-6.645983142105052366e+00,2.636452274137868557e+01
-6.682207142105042408e+00,2.636452274137868557e+01
-6.718431142105060871e+00,2.636452274137868557e+01
-6.754655142105050913e+00,2.636452274137868557e+01
-6.790879142105055166e+00,2.636452274137868557e+01
-6.827103142105045208e+00,2.636452274137868557e+01
-6.863327142105049461e+00,2.636452274137868557e+01
-6.899551142105053714e+00,2.636452274137868557e+01
-6.935775142105057967e+00,2.636452274137868557e+01
-6.971999142105048008e+00,2.636452274137868557e+01
-7.008223142105052261e+00,2.636452274137868557e+01
-7.044447142105042303e+00,2.636452274137868557e+01
-7.080671142105060767e+00,2.636452274137868557e+01
-7.116895142105050809e+00,2.636452274137868557e+01
-7.153119142105055062e+00,2.636452274137868557e+01
-7.189343142105045104e+00,2.636452274137868557e+01
-7.225567142105049356e+00,2.636452274137868557e+01
-7.261791142105053609e+00,2.636452274137868557e+01
-7.298015142105057862e+00,2.636452274137868557e+01
-7.334239142105047904e+00,2.636452274137868557e+01
-7.370463142105052157e+00,2.636452274137868557e+01
-7.406687142105042199e+00,2.636452274137868557e+01
-7.442911142105060662e+00,2.636452274137868557e+01
-7.479135142105050704e+00,2.636452274137868557e+01
-7.515359142105054957e+00,2.636452274137868557e+01
-7.551583142105044999e+00,2.636452274137868557e+01
-7.587807142105049252e+00,2.636452274137868557e+01
-7.624031142105053505e+00,2.636452274137868557e+01
-7.660255142105057757e+00,2.636452274137868557e+01
-7.696479142105047799e+00,2.636452274137868557e+01
-7.732703142105052052e+00,2.636452274137868557e+01
-7.768927142105042094e+00,2.636452274137868557e+01
-7.805151142105060558e+00,2.636452274137868557e+01
-7.841375142105050600e+00,2.636452274137868557e+01
-7.877599142105054852e+00,2.636452274137868557e+01
-7.913823142105044894e+00,2.636452274137868557e+01
-7.950047142105049147e+00,2.636452274137868557e+01
-7.986271142105053400e+00,2.636452274137868557e+01
-8.022495142105057653e+00,2.636452274137868557e+01
-8.058719142105047695e+00,2.636452274137868557e+01
-8.094943142105051948e+00,2.636452274137868557e+01
-8.131167142105041989e+00,2.636452274137868557e+01
-8.167391142105060453e+00,2.636452274137868557e+01
-8.203615142105050495e+00,2.636452274137868557e+01
-8.239839142105054748e+00,2.636452274137868557e+01
-8.276063142105044790e+00,2.636452274137868557e+01
-8.312287142105049043e+00,2.636452274137868557e+01
-8.348511142105053295e+00,2.636452274137868557e+01
-8.384735142105057548e+00,2.636452274137868557e+01
-8.420959142105047590e+00,2.636452274137868557e+01
-8.457183142105051843e+00,2.636452274137868557e+01
-8.493407142105041885e+00,2.636452274137868557e+01
-8.529631142105060349e+00,2.636452274137868557e+01
-8.565855142105050390e+00,2.636452274137868557e+01
-8.602079142105054643e+00,2.636452274137868557e+01
-8.638303142105044685e+00,2.636452274137868557e+01
-8.674527142105048938e+00,2.636452274137868557e+01
-8.710751142105053191e+00,2.636452274137868557e+01
-8.746975142105057444e+00,2.636452274137868557e+01
-8.783199142105047486e+00,2.636452274137868557e+01
-8.819423142105051738e+00,2.636452274137868557e+01
-8.855647142105041780e+00,2.636452274137868557e+01
-8.891871142105060244e+00,2.636452274137868557e+01
-8.928095142105050286e+00,2.636452274137868557e+01
-8.964319142105054539e+00,2.636452274137868557e+01
-9.000543142105044581e+00,2.636452274137868557e+01
-9.036767142105048833e+00,2.636452274137868557e+01
-9.072991142105053086e+00,2.636452274137868557e+01
-9.109215142105057339e+00,2.636452274137868557e+01
-9.145439142105047381e+00,2.636452274137868557e+01
-9.181663142105051634e+00,2.636452274137868557e+01
-9.217887142105041676e+00,2.636452274137868557e+01
-9.254111142105060139e+00,2.636452274137868557e+01
-9.290335142105050181e+00,2.636452274137868557e+01
-9.326559142105054434e+00,2.636452274137868557e+01
-9.362783142105044476e+00,2.636452274137868557e+01
-9.399007142105048729e+00,2.636452274137868557e+01
-9.435231142105052982e+00,2.636452274137868557e+01
-9.471455142105057234e+00,2.636452274137868557e+01
-9.507679142105047276e+00,2.636452274137868557e+01
-9.543903142105051529e+00,2.636452274137868557e+01
-9.580127142105041571e+00,2.636452274137868557e+01
-9.616351142105060035e+00,2.636452274137868557e+01
-9.652575142105050077e+00,2.636452274137868557e+01
-9.688799142105054329e+00,2.636452274137868557e+01
-9.725023142105044371e+00,2.636452274137868557e+01
-9.761247142105048624e+00,2.636452274137868557e+01
-9.797471142105052877e+00,2.636452274137868557e+01
-9.833695142105057130e+00,2.636452274137868557e+01
-9.869919142105047172e+00,2.636452274137868557e+01
-9.906143142105051425e+00,2.636452274137868557e+01
-9.942367142105041466e+00,2.636452274137868557e+01
-9.978591142105059930e+00,2.636452274137868557e+01
-1.001481514210504997e+01,2.636452274137868557e+01
-1.005103914210505422e+01,2.636452274137868557e+01
-1.008726314210504427e+01,2.636452274137868557e+01
-1.012348714210504852e+01,2.636452274137868557e+01
-1.015971114210505277e+01,2.636452274137868557e+01
-1.019593514210505703e+01,2.636452274137868557e+01
-1.023215914210504707e+01,2.636452274137868557e+01
-1.026838314210505132e+01,2.636452274137868557e+01
-1.030460714210505557e+01,2.636452274137868557e+01
-1.034083114210505983e+01,2.636452274137868557e+01
-1.037705514210504987e+01,2.636452274137868557e+01
-1.041327914210505412e+01,2.636452274137868557e+01
-1.044950314210504416e+01,2.636452274137868557e+01
-1.048572714210504842e+01,2.636452274137868557e+01
-1.052195114210505267e+01,2.636452274137868557e+01
-1.055817514210505692e+01,2.636452274137868557e+01
-1.059439914210504696e+01,2.636452274137868557e+01
-1.063062314210505122e+01,2.636452274137868557e+01
-1.066684714210505547e+01,2.636452274137868557e+01
-1.070307114210505972e+01,2.636452274137868557e+01
-1.073929514210504976e+01,2.636452274137868557e+01
-1.077551914210505402e+01,2.636452274137868557e+01
-1.081174314210504406e+01,2.636452274137868557e+01
-1.084796714210504831e+01,2.636452274137868557e+01
-1.088419114210505256e+01,2.636452274137868557e+01
-1.092041514210505682e+01,2.636452274137868557e+01
-1.095663914210504686e+01,2.636452274137868557e+01
-1.099286314210505111e+01,2.636452274137868557e+01
-1.102908714210505536e+01,2.636452274137868557e+01
-1.106531114210505962e+01,2.636452274137868557e+01
-1.110153514210504966e+01,2.636452274137868557e+01
-1.113775914210505391e+01,2.636452274137868557e+01
-1.117398314210504395e+01,2.636452274137868557e+01
-1.121020714210504821e+01,2.636452274137868557e+01
-1.124643114210505246e+01,2.636452274137868557e+01
-1.128265514210505671e+01,2.636452274137868557e+01
-1.131887914210504675e+01,2.636452274137868557e+01
-1.135510314210505101e+01,2.636452274137868557e+01
-1.139132714210505526e+01,2.636452274137868557e+01
-1.142755114210505951e+01,2.636452274137868557e+01
-1.146377514210504955e+01,2.636452274137868557e+01
-1.149999914210505381e+01,2.636452274137868557e+01
-1.153622314210504385e+01,2.636452274137868557e+01
-1.157244714210504810e+01,2.636452274137868557e+01
-1.160867114210505235e+01,2.636452274137868557e+01
-1.164489514210505661e+01,2.636452274137868557e+01
-1.168111914210504665e+01,2.636452274137868557e+01
-1.171734314210505090e+01,2.636452274137868557e+01
-1.175356714210505515e+01,2.636452274137868557e+01
-1.178979114210505941e+01,2.636452274137868557e+01
-1.182601514210504945e+01,2.636452274137868557e+01
-1.186223914210505370e+01,2.636452274137868557e+01
-1.189846314210504374e+01,2.636452274137868557e+01
-1.193468714210504800e+01,2.636452274137868557e+01
-1.197091114210505225e+01,2.636452274137868557e+01
-1.200713514210505650e+01,2.636452274137868557e+01
-1.204335914210504654e+01,2.636452274137868557e+01
-1.206750847543838745e+01,2.638867207471201226e+01
-1.209165780877171414e+01,2.641282140804534606e+01
-1.211580714210505505e+01,2.643697074137867986e+01
-1.213995647543839596e+01,2.646112007471202077e+01
-1.216410580877172265e+01,2.648526940804535457e+01
-1.218825514210504934e+01,2.650941874137868837e+01
-1.221240447543839025e+01,2.653356807471201506e+01
-1.223655380877171694e+01,2.655771740804534886e+01
-1.226070314210504364e+01,2.658186674137868266e+01
-1.228485247543838454e+01,2.660601607471201646e+01
-1.230900180877171124e+01,2.663016540804534316e+01
-1.233315114210505214e+01,2.665431474137868406e+01
-1.235730047543839305e+01,2.667846407471201786e+01
-1.238144980877171974e+01,2.670261340804535166e+01
-1.240559914210504644e+01,2.672676274137868546e+01
-1.244182314210505069e+01,2.672676274137868546e+01
-1.247804714210505495e+01,2.672676274137868546e+01
-1.251427114210505920e+01,2.672676274137868546e+01
-1.255049514210504924e+01,2.672676274137868546e+01
-1.258671914210505349e+01,2.672676274137868546e+01
-1.262294314210504353e+01,2.672676274137868546e+01
-1.265916714210504779e+01,2.672676274137868546e+01
-1.269539114210505204e+01,2.672676274137868546e+01
-1.273161514210505629e+01,2.672676274137868546e+01
-1.276783914210504634e+01,2.672676274137868546e+01
-1.280406314210505059e+01,2.672676274137868546e+01
-1.284028714210505484e+01,2.672676274137868546e+01
-1.287651114210505909e+01,2.672676274137868546e+01
-1.291273514210504914e+01,2.672676274137868546e+01
-1.294895914210505339e+01,2.672676274137868546e+01
-1.298518314210505764e+01,2.672676274137868546e+01
-1.302140714210504768e+01,2.672676274137868546e+01
-1.305763114210505194e+01,2.672676274137868546e+01
-1.309385514210505619e+01,2.672676274137868546e+01
-1.313007914210504623e+01,2.672676274137868546e+01
-1.316630314210505048e+01,2.672676274137868546e+01
-1.320252714210505474e+01,2.672676274137868546e+01
-1.323875114210505899e+01,2.672676274137868546e+01
-1.327497514210504903e+01,2.672676274137868546e+01
-1.331119914210505328e+01,2.672676274137868546e+01
-1.334742314210505754e+01,2.672676274137868546e+01
-1.338364714210504758e+01,2.672676274137868546e+01
-1.341987114210505183e+01,2.672676274137868546e+01
-1.345609514210505608e+01,2.672676274137868546e+01
-1.349231914210504613e+01,2.672676274137868546e+01
-1.352854314210505038e+01,2.672676274137868546e+01
-1.356476714210505463e+01,2.672676274137868546e+01
-1.360099114210505888e+01,2.672676274137868546e+01
-1.363721514210504893e+01,2.672676274137868546e+01
-1.367343914210505318e+01,2.672676274137868546e+01
-1.370966314210505743e+01,2.672676274137868546e+01
-1.374588714210504747e+01,2.672676274137868546e+01
-1.378211114210505173e+01,2.672676274137868546e+01
-1.381833514210505598e+01,2.672676274137868546e+01
-1.385455914210504602e+01,2.672676274137868546e+01
-1.389078314210505027e+01,2.672676274137868546e+01
-1.392700714210505453e+01,2.672676274137868546e+01
-1.396323114210505878e+01,2.672676274137868546e+01
-1.399945514210504882e+01,2.672676274137868546e+01
-1.403567914210505307e+01,2.672676274137868546e+01
-1.407190314210505733e+01,2.672676274137868546e+01
-1.410812714210504737e+01,2.672676274137868546e+01
-1.414435114210505162e+01,2.672676274137868546e+01
-1.418057514210505587e+01,2.672676274137868546e+01
-1.421679914210504592e+01,2.672676274137868546e+01
-1.424094847543838682e+01,2.670261340804535166e+01
-1.426509780877171352e+01,2.667846407471201786e+01
-1.428924714210505442e+01,2.665431474137868406e+01
-1.431339647543839533e+01,2.663016540804534316e+01
-1.433754580877172202e+01,2.660601607471201646e+01
-1.436169514210504872e+01,2.658186674137868266e+01
-1.438584447543838962e+01,2.655771740804534886e+01
-1.440999380877171632e+01,2.653356807471201506e+01
-1.443414314210505722e+01,2.650941874137868837e+01
-1.445829247543838392e+01,2.648526940804535457e+01
-1.448244180877171061e+01,2.646112007471202077e+01
-1.450659114210505152e+01,2.643697074137867986e+01
-1.453074047543839242e+01,2.641282140804534606e+01
-1.455488980877171912e+01,2.638867207471201226e+01
-1.457903914210504581e+01,2.636452274137868557e+01
-1.461526314210505006e+01,2.636452274137868557e+01
-1.465148714210505432e+01,2.636452274137868557e+01
-1.468771114210505857e+01,2.636452274137868557e+01
-1.472393514210504861e+01,2.636452274137868557e+01
-1.476015914210505287e+01,2.636452274137868557e+01
-1.479638314210505712e+01,2.636452274137868557e+01
-1.483260714210504716e+01,2.636452274137868557e+01
-1.486883114210505141e+01,2.636452274137868557e+01
-1.490505514210505567e+01,2.636452274137868557e+01
-1.494127914210504571e+01,2.636452274137868557e+01
-1.497750314210504996e+01,2.636452274137868557e+01
-1.501372714210505421e+01,2.636452274137868557e+01
-1.504995114210505847e+01,2.636452274137868557e+01
-1.508617514210504851e+01,2.636452274137868557e+01
-1.512239914210505276e+01,2.636452274137868557e+01
-1.515862314210505701e+01,2.636452274137868557e+01
-1.519484714210504706e+01,2.636452274137868557e+01
-1.523107114210505131e+01,2.636452274137868557e+01
-1.526729514210505556e+01,2.636452274137868557e+01
-1.530351914210504560e+01,2.636452274137868557e+01
-1.533974314210504986e+01,2.636452274137868557e+01
-1.537596714210505411e+01,2.636452274137868557e+01
-1.541219114210505836e+01,2.636452274137868557e+01
-1.544841514210504840e+01,2.636452274137868557e+01
-1.548463914210505266e+01,2.636452274137868557e+01
-1.552086314210505691e+01,2.636452274137868557e+01
-1.555708714210504695e+01,2.636452274137868557e+01
-1.559331114210505120e+01,2.636452274137868557e+01
-1.562953514210505546e+01,2.636452274137868557e+01
-1.566575914210505971e+01,2.636452274137868557e+01
-1.570198314210504975e+01,2.636452274137868557e+01
-1.573820714210505400e+01,2.636452274137868557e+01
-1.577443114210505826e+01,2.636452274137868557e+01
-1.581065514210504830e+01,2.636452274137868557e+01
-1.584687914210505255e+01,2.636452274137868557e+01
-1.588310314210505680e+01,2.636452274137868557e+01
-1.591932714210504685e+01,2.636452274137868557e+01
-1.595555114210505110e+01,2.636452274137868557e+01
-1.599177514210505535e+01,2.636452274137868557e+01
-1.602799914210505960e+01,2.636452274137868557e+01
-1.606422314210504965e+01,2.636452274137868557e+01
-1.610044714210505390e+01,2.636452274137868557e+01
-1.613667114210505815e+01,2.636452274137868557e+01
-1.617289514210504819e+01,2.636452274137868557e+01
-1.620911914210505245e+01,2.636452274137868557e+01
-1.624534314210505670e+01,2.636452274137868557e+01
-1.628156714210504674e+01,2.636452274137868557e+01
-1.631779114210505099e+01,2.636452274137868557e+01
-1.635401514210505525e+01,2.636452274137868557e+01
-1.639023914210505950e+01,2.636452274137868557e+01
-1.642646314210504954e+01,2.636452274137868557e+01
-1.646268714210505379e+01,2.636452274137868557e+01
-1.649891114210505805e+01,2.636452274137868557e+01
-1.653513514210504809e+01,2.636452274137868557e+01
-1.657135914210505234e+01,2.636452274137868557e+01
-1.660758314210505660e+01,2.636452274137868557e+01
-1.664380714210504664e+01,2.636452274137868557e+01
-1.668003114210505089e+01,2.636452274137868557e+01
-1.671625514210505514e+01,2.636452274137868557e+01
-1.675247914210505940e+01,2.636452274137868557e+01
-1.678870314210504944e+01,2.636452274137868557e+01
-1.682492714210505369e+01,2.636452274137868557e+01
-1.686115114210505794e+01,2.636452274137868557e+01
-1.689737514210504798e+01,2.636452274137868557e+01
-1.693359914210505224e+01,2.636452274137868557e+01
-1.696982314210505649e+01,2.636452274137868557e+01
-1.700604714210504653e+01,2.636452274137868557e+01
-1.704227114210505079e+01,2.636452274137868557e+01
-1.707849514210505504e+01,2.636452274137868557e+01
-1.711471914210505929e+01,2.636452274137868557e+01
-1.715094314210504933e+01,2.636452274137868557e+01
-1.718716714210505359e+01,2.636452274137868557e+01
-1.722339114210505784e+01,2.636452274137868557e+01
-1.725961514210504788e+01,2.636452274137868557e+01
-1.729583914210505213e+01,2.636452274137868557e+01
-1.733206314210505639e+01,2.636452274137868557e+01
-1.736828714210504643e+01,2.636452274137868557e+01
-1.740451114210505068e+01,2.636452274137868557e+01
-1.744073514210505493e+01,2.636452274137868557e+01
-1.747695914210505919e+01,2.636452274137868557e+01
-1.751318314210504923e+01,2.636452274137868557e+01
-1.754940714210505348e+01,2.636452274137868557e+01
-1.758563114210505773e+01,2.636452274137868557e+01
-1.762185514210504778e+01,2.636452274137868557e+01
-1.765807914210505203e+01,2.636452274137868557e+01
-1.769430314210505628e+01,2.636452274137868557e+01
-1.773052714210504632e+01,2.636452274137868557e+01
-1.776675114210505058e+01,2.636452274137868557e+01
-1.780297514210505483e+01,2.636452274137868557e+01
-1.783919914210505908e+01,2.636452274137868557e+01
-1.787542314210504912e+01,2.636452274137868557e+01
-1.791164714210505338e+01,2.636452274137868557e+01
-1.794787114210505763e+01,2.636452274137868557e+01
-1.798409514210506188e+01,2.636452274137868557e+01
-1.802031914210505192e+01,2.636452274137868557e+01
-1.805654314210505618e+01,2.636452274137868557e+01
-1.809276714210504622e+01,2.636452274137868557e+01
-1.812899114210505047e+01,2.636452274137868557e+01
-1.816521514210505472e+01,2.636452274137868557e+01
-1.820143914210505898e+01,2.636452274137868557e+01
-1.823766314210504902e+01,2.636452274137868557e+01
-1.827388714210505327e+01,2.636452274137868557e+01
-1.831011114210505752e+01,2.636452274137868557e+01
-1.834633514210506178e+01,2.636452274137868557e+01
-1.838255914210505182e+01,2.636452274137868557e+01
-1.841878314210505607e+01,2.636452274137868557e+01
-1.845500714210504611e+01,2.636452274137868557e+01
-1.849123114210505037e+01,2.636452274137868557e+01
-1.852745514210505462e+01,2.636452274137868557e+01
-1.856367914210505887e+01,2.636452274137868557e+01
-1.859990314210504891e+01,2.636452274137868557e+01
-1.863612714210505317e+01,2.636452274137868557e+01
-1.867235114210505742e+01,2.636452274137868557e+01
-1.870857514210506167e+01,2.636452274137868557e+01
-1.874479914210505171e+01,2.636452274137868557e+01
-1.878102314210505597e+01,2.636452274137868557e+01
-1.881724714210504601e+01,2.636452274137868557e+01
-1.885347114210505026e+01,2.636452274137868557e+01
-1.888969514210505452e+01,2.636452274137868557e+01
-1.892591914210505877e+01,2.636452274137868557e+01
-1.896214314210504881e+01,2.636452274137868557e+01
-1.899836714210505306e+01,2.636452274137868557e+01
-1.903459114210505732e+01,2.636452274137868557e+01
-1.907081514210506157e+01,2.636452274137868557e+01
-1.910703914210505161e+01,2.636452274137868557e+01
-1.914326314210505586e+01,2.636452274137868557e+01
-1.917948714210504590e+01,2.636452274137868557e+01
-1.921571114210505016e+01,2.636452274137868557e+01
-1.925193514210505441e+01,2.636452274137868557e+01
-1.928815914210505866e+01,2.636452274137868557e+01
-1.932438314210504871e+01,2.636452274137868557e+01
-1.936060714210505296e+01,2.636452274137868557e+01
-1.939683114210505721e+01,2.636452274137868557e+01
-1.943305514210506146e+01,2.636452274137868557e+01
-1.946927914210505151e+01,2.636452274137868557e+01
-1.950550314210505576e+01,2.636452274137868557e+01
-1.954172714210504580e+01,2.636452274137868557e+01
-1.957795114210505005e+01,2.636452274137868557e+01
-1.961417514210505431e+01,2.636452274137868557e+01
-1.965039914210505856e+01,2.636452274137868557e+01
-1.968662314210504860e+01,2.636452274137868557e+01
-1.972284714210505285e+01,2.636452274137868557e+01
-1.975907114210505711e+01,2.636452274137868557e+01
-1.979529514210506136e+01,2.636452274137868557e+01
-1.983151914210505140e+01,2.636452274137868557e+01
-1.986774314210505565e+01,2.636452274137868557e+01
-1.990396714210504570e+01,2.636452274137868557e+01
-1.994019114210504995e+01,2.636452274137868557e+01
-1.997641514210505420e+01,2.636452274137868557e+01
-2.001263914210505845e+01,2.636452274137868557e+01
-2.004886314210504850e+01,2.636452274137868557e+01
-2.008508714210505275e+01,2.636452274137868557e+01
-2.012131114210505700e+01,2.636452274137868557e+01
-2.015753514210506125e+01,2.636452274137868557e+01
-2.019375914210505130e+01,2.636452274137868557e+01
-2.022998314210505555e+01,2.636452274137868557e+01
-2.026620714210504559e+01,2.636452274137868557e+01
-2.030243114210504984e+01,2.636452274137868557e+01
-2.033865514210505410e+01,2.636452274137868557e+01
-2.037487914210505835e+01,2.636452274137868557e+01
-2.041110314210504839e+01,2.636452274137868557e+01
-2.044732714210505264e+01,2.636452274137868557e+01
-2.048355114210505690e+01,2.636452274137868557e+01
-2.051977514210506115e+01,2.636452274137868557e+01
-2.055599914210505119e+01,2.636452274137868557e+01
-2.059222314210505544e+01,2.636452274137868557e+01
-2.062844714210504549e+01,2.636452274137868557e+01
-2.066467114210506395e+01,2.636452274137868557e+01
-2.070089514210505399e+01,2.636452274137868557e+01
-2.073711914210505824e+01,2.636452274137868557e+01
-2.077334314210504829e+01,2.636452274137868557e+01
-2.080956714210505254e+01,2.636452274137868557e+01
-2.084579114210505679e+01,2.636452274137868557e+01
-2.088201514210505394e+01,2.636452274137868557e+01
-2.091823914210505109e+01,2.636452274137868557e+01
-2.095446314210504823e+01,2.636452274137868557e+01
-2.099068714210504538e+01,2.636452274137868557e+01
-2.102691114210505674e+01,2.636452274137868557e+01
-2.106313514210505389e+01,2.636452274137868557e+01
-2.109935914210505103e+01,2.636452274137868557e+01
-2.112350847543838483e+01,2.634037340804535177e+01
-2.114765780877171863e+01,2.631622407471201797e+01
-2.117180714210504533e+01,2.629207474137868417e+01
-2.119595647543839334e+01,2.626792540804534326e+01
-2.122010580877172004e+01,2.624377607471201657e+01
-2.124425514210505384e+01,2.621962674137868277e+01
-2.126840447543838764e+01,2.619547740804534897e+01
-2.129255380877172144e+01,2.617132807471201517e+01
-2.131670314210504813e+01,2.614717874137868847e+01
-2.134085247543838193e+01,2.612302940804535467e+01
-2.136500180877171573e+01,2.609888007471202087e+01
-2.138915114210505664e+01,2.607473074137867997e+01
-2.141330047543839044e+01,2.605058140804534617e+01
-2.143744980877172424e+01,2.602643207471201237e+01
-2.146159914210505093e+01,2.600228274137868567e+01
-2.149782314210504808e+01,2.600228274137868567e+01
-2.153404714210504522e+01,2.600228274137868567e+01
-2.157027114210505658e+01,2.600228274137868567e+01
-2.160649514210505373e+01,2.600228274137868567e+01
-2.164271914210505088e+01,2.600228274137868567e+01
-2.167894314210504803e+01,2.600228274137868567e+01
-2.171516714210504517e+01,2.600228274137868567e+01
-2.175139114210505653e+01,2.600228274137868567e+01
-2.178761514210505368e+01,2.600228274137868567e+01
-2.182383914210505083e+01,2.600228274137868567e+01
-2.186006314210504797e+01,2.600228274137868567e+01
-2.189628714210505223e+01,2.600228274137868567e+01
-2.193251114210505648e+01,2.600228274137868567e+01
-2.196873514210505363e+01,2.600228274137868567e+01
-2.200495914210505077e+01,2.600228274137868567e+01
-2.204118314210504792e+01,2.600228274137868567e+01
-2.207740714210505217e+01,2.600228274137868567e+01
-2.211363114210505643e+01,2.600228274137868567e+01
-2.214985514210505357e+01,2.600228274137868567e+01
-2.218607914210505072e+01,2.600228274137868567e+01
-2.222230314210504787e+01,2.600228274137868567e+01
-2.225852714210505212e+01,2.600228274137868567e+01
-2.229475114210505637e+01,2.600228274137868567e+01
-2.233097514210505352e+01,2.600228274137868567e+01
-2.236719914210505067e+01,2.600228274137868567e+01
-2.240342314210504782e+01,2.600228274137868567e+01
-2.243964714210505207e+01,2.600228274137868567e+01
-2.247587114210505632e+01,2.600228274137868567e+01
-2.251209514210505347e+01,2.600228274137868567e+01
-2.254831914210505062e+01,2.600228274137868567e+01
-2.258454314210504776e+01,2.600228274137868567e+01
-2.262076714210505202e+01,2.600228274137868567e+01
-2.265699114210505627e+01,2.600228274137868567e+01
-2.269321514210505342e+01,2.600228274137868567e+01
-2.272943914210505056e+01,2.600228274137868567e+01
-2.276566314210504771e+01,2.600228274137868567e+01
-2.280188714210505196e+01,2.600228274137868567e+01
-2.283811114210505622e+01,2.600228274137868567e+01
-2.287433514210505336e+01,2.600228274137868567e+01
-2.291055914210505051e+01,2.600228274137868567e+01
-2.294678314210504766e+01,2.600228274137868567e+01
-2.298300714210505191e+01,2.600228274137868567e+01
-2.301923114210505616e+01,2.600228274137868567e+01
-2.305545514210505331e+01,2.600228274137868567e+01
-2.309167914210505046e+01,2.600228274137868567e+01
-2.312790314210504761e+01,2.600228274137868567e+01
-2.316412714210505186e+01,2.600228274137868567e+01
-2.320035114210505611e+01,2.600228274137868567e+01
-2.323657514210505326e+01,2.600228274137868567e+01
-2.327279914210505041e+01,2.600228274137868567e+01
-2.330902314210504755e+01,2.600228274137868567e+01
-2.334524714210505181e+01,2.600228274137868567e+01
-2.338147114210505606e+01,2.600228274137868567e+01
-2.341769514210505321e+01,2.600228274137868567e+01
-2.345391914210505035e+01,2.600228274137868567e+01
-2.349014314210504750e+01,2.600228274137868567e+01
-2.352636714210505176e+01,2.600228274137868567e+01
-2.356259114210505601e+01,2.600228274137868567e+01
-2.359881514210505316e+01,2.600228274137868567e+01
-2.363503914210505030e+01,2.600228274137868567e+01
-2.365918847543838410e+01,2.597813340804535187e+01
-2.368333780877171790e+01,2.595398407471201807e+01
-2.370748714210505170e+01,2.592983474137868427e+01
-2.373163647543839261e+01,2.590568540804534337e+01
-2.375578580877172641e+01,2.588153607471201667e+01
-2.377993514210505310e+01,2.585738674137868287e+01
-2.380408447543838690e+01,2.583323740804534907e+01
-2.382823380877172070e+01,2.580908807471201527e+01
-2.385238314210504740e+01,2.578493874137868858e+01
-2.387653247543838120e+01,2.576078940804535478e+01
-2.390068180877171500e+01,2.573664007471202098e+01
-2.392483114210505590e+01,2.571249074137868007e+01
-2.394898047543838970e+01,2.568834140804534627e+01
-2.397312980877172350e+01,2.566419207471201247e+01
-2.399727914210505020e+01,2.564004274137868578e+01
-2.403350314210504735e+01,2.564004274137868578e+01
-2.406972714210505160e+01,2.564004274137868578e+01
-2.410595114210505585e+01,2.564004274137868578e+01
-2.414217514210505300e+01,2.564004274137868578e+01
-2.417839914210505015e+01,2.564004274137868578e+01
-2.421462314210504729e+01,2.564004274137868578e+01
-2.425084714210505155e+01,2.564004274137868578e+01
-2.428707114210505580e+01,2.564004274137868578e+01
-2.432329514210505295e+01,2.564004274137868578e+01
-2.435951914210505009e+01,2.564004274137868578e+01
-2.439574314210505435e+01,2.564004274137868578e+01
-2.443196714210505149e+01,2.564004274137868578e+01
-2.446819114210505575e+01,2.564004274137868578e+01
-2.450441514210505289e+01,2.564004274137868578e+01
-2.454063914210505004e+01,2.564004274137868578e+01
-2.457686314210505429e+01,2.564004274137868578e+01
-2.461308714210505144e+01,2.564004274137868578e+01
-2.464931114210505569e+01,2.564004274137868578e+01
-2.468553514210505284e+01,2.564004274137868578e+01
-2.472175914210504999e+01,2.564004274137868578e+01
-2.475798314210505424e+01,2.564004274137868578e+01
-2.479420714210505139e+01,2.564004274137868578e+01
-2.483043114210505564e+01,2.564004274137868578e+01
-2.486665514210505279e+01,2.564004274137868578e+01
-2.490287914210504994e+01,2.564004274137868578e+01
-2.493910314210505419e+01,2.564004274137868578e+01
-2.497532714210505134e+01,2.564004274137868578e+01
-2.501155114210505559e+01,2.564004274137868578e+01
-2.504777514210505274e+01,2.564004274137868578e+01
-2.508399914210504988e+01,2.564004274137868578e+01
-2.511336995291586760e+01,2.562046220083814063e+01
-2.514274076372667110e+01,2.560088166029760259e+01
-2.517211157453748882e+01,2.558130111975706455e+01
-2.520148238534829233e+01,2.556172057921651941e+01
-2.523085319615911004e+01,2.554214003867598137e+01
-2.526022400696991355e+01,2.552255949813544333e+01
-2.528959481778073126e+01,2.550297895759489819e+01
-2.531896562859153477e+01,2.548339841705436015e+01
-2.534833643940235248e+01,2.546381787651382211e+01
-2.537770725021316309e+01,2.544423733597327697e+01
-2.540707806102397370e+01,2.542465679543273893e+01
-2.543644887183478431e+01,2.540507625489220089e+01
-2.546581968264559492e+01,2.538549571435165575e+01
-2.549519049345640553e+01,2.536591517381111771e+01
-2.552456130426721614e+01,2.534633463327057967e+01
-2.555393211507802675e+01,2.532675409273003453e+01
-2.558330292588883736e+01,2.530717355218949649e+01
-2.561267373669964798e+01,2.528759301164895845e+01
-2.564204454751045859e+01,2.526801247110841331e+01
-2.567141535832126920e+01,2.524843193056786816e+01
-2.570078616913207981e+01,2.522885139002733723e+01
-2.573015697994289042e+01,2.520927084948679209e+01
-2.575952779075370103e+01,2.518969030894624694e+01
-2.578889860156451164e+01,2.517010976840571601e+01
-2.581826941237532225e+01,2.515052922786517087e+01
-2.584764022318613286e+01,2.513094868732462572e+01
-2.587701103399694347e+01,2.511136814678409479e+01
-2.590638184480775408e+01,2.509178760624354965e+01
-2.593575265561856469e+01,2.507220706570300450e+01
-2.596512346642937530e+01,2.505262652516246646e+01
-2.599449427724018591e+01,2.503304598462192843e+01
-2.602386508805099652e+01,2.501346544408138328e+01
-2.605323589886180713e+01,2.499388490354084524e+01
-2.608260670967261774e+01,2.497430436300030721e+01
-2.611197752048342835e+01,2.495472382245976206e+01
-2.614134833129423896e+01,2.493514328191922402e+01
-2.617071914210504957e+01,2.491556274137868598e+01
-2.620694314210505382e+01,2.491556274137868598e+01
-2.624316714210505097e+01,2.491556274137868598e+01
-2.627939114210505522e+01,2.491556274137868598e+01
-2.631561514210505237e+01,2.491556274137868598e+01
-2.635183914210504952e+01,2.491556274137868598e+01
-2.638806314210505377e+01,2.491556274137868598e+01
-2.642428714210505092e+01,2.491556274137868598e+01
-2.646051114210505517e+01,2.491556274137868598e+01
-2.649673514210505232e+01,2.491556274137868598e+01
-2.653295914210504947e+01,2.491556274137868598e+01
-2.656918314210505372e+01,2.491556274137868598e+01
-2.660540714210505087e+01,2.491556274137868598e+01
-2.664163114210505512e+01,2.491556274137868598e+01
-2.667785514210505227e+01,2.491556274137868598e+01
-2.671407914210504941e+01,2.491556274137868598e+01
-2.675030314210505367e+01,2.491556274137868598e+01
-2.678652714210505081e+01,2.491556274137868598e+01
-2.682275114210505507e+01,2.491556274137868598e+01
-2.685897514210505221e+01,2.491556274137868598e+01
-2.689519914210505647e+01,2.491556274137868598e+01
-2.692018121107056317e+01,2.489058067241317218e+01
-2.694516328003609118e+01,2.486559860344765127e+01
-2.697014534900159788e+01,2.484061653448213747e+01
-2.699512741796712589e+01,2.481563446551660945e+01
-2.702010948693263970e+01,2.479065239655110275e+01
-2.704509155589816061e+01,2.476567032758557474e+01
-2.707007362486367441e+01,2.474068825862006094e+01
-2.709505569382919532e+01,2.471570618965454003e+01
-2.712003776279470912e+01,2.469072412068902622e+01
-2.714501983176022293e+01,2.466574205172351952e+01
-2.717000190072574384e+01,2.464075998275799151e+01
-2.719498396969125764e+01,2.461577791379247770e+01
-2.721996603865677855e+01,2.459079584482695680e+01
-2.724494810762229235e+01,2.456581377586144299e+01
-2.726993017658781326e+01,2.454083170689592208e+01
-2.729491224555332707e+01,2.451584963793040828e+01
-2.731989431451884798e+01,2.449086756896488737e+01
-2.734487638348436178e+01,2.446588549999937356e+01
-2.736985845244988269e+01,2.444090343103385266e+01
-2.739484052141539649e+01,2.441592136206833885e+01
-2.741982259038091030e+01,2.439093929310282505e+01
-2.744480465934643121e+01,2.436595722413730414e+01
-2.746978672831194501e+01,2.434097515517179033e+01
-2.749476879727746592e+01,2.431599308620626942e+01
-2.751975086624297973e+01,2.429101101724075562e+01
-2.754473293520850774e+01,2.426602894827523471e+01
-2.756971500417401444e+01,2.424104687930972091e+01
-2.759469707313954245e+01,2.421606481034419289e+01
-2.761967914210505626e+01,2.419108274137868619e+01
-2.765363914210504959e+01,2.417976274137868131e+01
-2.768759914210505002e+01,2.416844274137868354e+01
-2.772155914210505046e+01,2.415712274137868576e+01
-2.775551914210505089e+01,2.414580274137868088e+01
-2.778947914210505132e+01,2.413448274137868310e+01
-2.782343914210505176e+01,2.412316274137868533e+01
-2.785739914210505219e+01,2.411184274137868044e+01
-2.789135914210505263e+01,2.410052274137868267e+01
-2.792531914210505306e+01,2.408920274137868489e+01
-2.795927914210505350e+01,2.407788274137868001e+01
-2.799323914210505393e+01,2.406656274137868223e+01
-2.802719914210505436e+01,2.405524274137868446e+01
-2.806115914210505480e+01,2.404392274137868668e+01
-2.809511914210505523e+01,2.403260274137868180e+01
-2.812907914210505567e+01,2.402128274137868402e+01
-2.816303914210505610e+01,2.400996274137868625e+01
-2.819699914210504943e+01,2.399864274137868136e+01
-2.823095914210504986e+01,2.398732274137868359e+01
-2.826491914210505030e+01,2.397600274137868581e+01
-2.829887914210505073e+01,2.396468274137868093e+01
-2.833283914210505117e+01,2.395336274137868315e+01
-2.836679914210505160e+01,2.394204274137868538e+01
-2.840075914210505204e+01,2.393072274137868050e+01
-2.843471914210505247e+01,2.391940274137868272e+01
-2.846867914210505290e+01,2.390808274137868494e+01
-2.850263914210505334e+01,2.389676274137868006e+01
-2.853659914210505377e+01,2.388544274137868229e+01
-2.857055914210505421e+01,2.387412274137868451e+01
-2.860451914210505464e+01,2.386280274137868673e+01
-2.863847914210505508e+01,2.385148274137868185e+01
-2.867243914210505551e+01,2.384016274137868407e+01
-2.870639914210505594e+01,2.382884274137868630e+01
-2.873334261317943117e+01,2.380489298931256315e+01
-2.876028608425381350e+01,2.378094323724645420e+01
-2.878722955532819583e+01,2.375699348518033105e+01
-2.881417302640257105e+01,2.373304373311422211e+01
-2.884111649747695338e+01,2.370909398104810606e+01
-2.886805996855133571e+01,2.368514422898199001e+01
-2.889500343962571094e+01,2.366119447691587396e+01
-2.892194691070009327e+01,2.363724472484975081e+01
-2.894889038177447560e+01,2.361329497278364187e+01
-2.897583385284885082e+01,2.358934522071752582e+01
-2.900277732392323315e+01,2.356539546865141688e+01
-2.902972079499761549e+01,2.354144571658529372e+01
-2.905666426607199071e+01,2.351749596451918478e+01
-2.908360773714637304e+01,2.349354621245306163e+01
-2.911055120822075537e+01,2.346959646038694558e+01
-2.913749467929513060e+01,2.344564670832083664e+01
-2.916443815036951293e+01,2.342169695625471348e+01
-2.919138162144389526e+01,2.339774720418860454e+01
-2.921832509251827048e+01,2.337379745212248139e+01
-2.924526856359265281e+01,2.334984770005637245e+01
-2.927221203466703514e+01,2.332589794799025640e+01
-2.929915550574141037e+01,2.330194819592413324e+01
-2.932609897681579270e+01,2.327799844385802430e+01
-2.935304244789017503e+01,2.325404869179190115e+01
-2.937998591896455025e+01,2.323009893972579221e+01
-2.940692939003893258e+01,2.320614918765967616e+01
-2.943387286111331491e+01,2.318219943559356011e+01
-2.946081633218769014e+01,2.315824968352744406e+01
-2.948775980326207247e+01,2.313429993146132091e+01
-2.951470327433645480e+01,2.311035017939521197e+01
-2.954164674541083002e+01,2.308640042732909592e+01
-2.956859021648522656e+01,2.306245067526298698e+01
-2.959553368755960179e+01,2.303850092319686382e+01
-2.962247715863398412e+01,2.301455117113075488e+01
-2.964942062970836645e+01,2.299060141906463173e+01
-2.967636410078274167e+01,2.296665166699851568e+01
-2.970330757185712400e+01,2.294270191493240674e+01
-2.973025104293150633e+01,2.291875216286628358e+01
-2.975719451400588156e+01,2.289480241080017464e+01
-2.978413798508026389e+01,2.287085265873405149e+01
-2.981108145615464622e+01,2.284690290666794255e+01
-2.983802492722902144e+01,2.282295315460182650e+01
-2.986496839830340377e+01,2.279900340253570334e+01
-2.989191186937778610e+01,2.277505365046959440e+01
-2.991885534045216133e+01,2.275110389840347125e+01
-2.994579881152654366e+01,2.272715414633736231e+01
-2.997274228260092599e+01,2.270320439427124626e+01
-2.999968575367530121e+01,2.267925464220513021e+01
-3.002662922474968354e+01,2.265530489013901416e+01
-3.005357269582406587e+01,2.263135513807289101e+01
-3.008051616689844110e+01,2.260740538600678207e+01
-3.010745963797282343e+01,2.258345563394066602e+01
-3.013440310904720576e+01,2.255950588187454997e+01
-3.016134658012158098e+01,2.253555612980843392e+01
-3.018829005119596331e+01,2.251160637774232498e+01
-3.021523352227034565e+01,2.248765662567620183e+01
-3.024217699334472087e+01,2.246370687361008578e+01
-3.026912046441910320e+01,2.243975712154397684e+01
-3.029606393549348553e+01,2.241580736947785368e+01
-3.032300740656786076e+01,2.239185761741174474e+01
-3.034995087764224309e+01,2.236790786534562159e+01
-3.037689434871662542e+01,2.234395811327951265e+01
-3.040383781979100064e+01,2.232000836121339660e+01
-3.043078129086538297e+01,2.229605860914728055e+01
-3.045772476193976530e+01,2.227210885708116450e+01
-3.048466823301414053e+01,2.224815910501504135e+01
-3.051161170408852286e+01,2.222420935294893241e+01
-3.053855517516290519e+01,2.220025960088281636e+01
-3.056549864623728041e+01,2.217630984881670031e+01
-3.059244211731166274e+01,2.215236009675058426e+01
-3.061938558838604507e+01,2.212841034468446111e+01
-3.064632905946042030e+01,2.210446059261835217e+01
-3.067327253053480263e+01,2.208051084055223612e+01
-3.070021600160918496e+01,2.205656108848612007e+01
-3.072715947268356018e+01,2.203261133642000402e+01
-3.075410294375794251e+01,2.200866158435389508e+01
-3.078104641483232484e+01,2.198471183228777193e+01
-3.080798988590670007e+01,2.196076208022166298e+01
-3.083493335698108240e+01,2.193681232815554694e+01
-3.086187682805546473e+01,2.191286257608942378e+01
-3.088882029912983995e+01,2.188891282402331484e+01
-3.091576377020422228e+01,2.186496307195719169e+01
-3.094270724127860461e+01,2.184101331989108274e+01
-3.096965071235297984e+01,2.181706356782496670e+01
-3.099659418342736217e+01,2.179311381575885065e+01
-3.102353765450174450e+01,2.176916406369273460e+01
-3.105048112557611972e+01,2.174521431162661145e+01
-3.107742459665050205e+01,2.172126455956050251e+01
-3.110436806772488438e+01,2.169731480749438646e+01
-3.113131153879927382e+01,2.167336505542827041e+01
-3.115825500987365615e+01,2.164941530336215436e+01
-3.118519848094803137e+01,2.162546555129604542e+01
-3.121214195202241370e+01,2.160151579922992227e+01
-3.123908542309679603e+01,2.157756604716380622e+01
-3.126602889417117126e+01,2.155361629509769017e+01
-3.129297236524555359e+01,2.152966654303157412e+01
-3.131991583631993592e+01,2.150571679096546518e+01
-3.134685930739431114e+01,2.148176703889934203e+01
-3.137380277846869348e+01,2.145781728683323308e+01
-3.140074624954307581e+01,2.143386753476710993e+01
-3.142768972061745103e+01,2.140991778270099388e+01
-3.145463319169183336e+01,2.138596803063488494e+01
-3.148157666276621569e+01,2.136201827856876179e+01
-3.150852013384059092e+01,2.133806852650265284e+01
-3.153546360491497325e+01,2.131411877443653680e+01
-3.156240707598935558e+01,2.129016902237042075e+01
-3.158935054706373080e+01,2.126621927030430470e+01
-3.161629401813811313e+01,2.124226951823818155e+01
-3.164323748921249546e+01,2.121831976617207260e+01
-3.167018096028687069e+01,2.119437001410595656e+01
-3.169712443136125302e+01,2.117042026203984051e+01
-3.172406790243563535e+01,2.114647050997372446e+01
-3.175101137351001057e+01,2.112252075790761552e+01
-3.177795484458439290e+01,2.109857100584149237e+01
-3.180489831565877523e+01,2.107462125377537632e+01
-3.183184178673315046e+01,2.105067150170926027e+01
-3.185878525780753279e+01,2.102672174964314422e+01
-3.188572872888191512e+01,2.100277199757703528e+01
-3.191267219995629034e+01,2.097882224551091213e+01
-3.193961567103067267e+01,2.095487249344480318e+01
-3.196655914210505500e+01,2.093092274137868003e+01
-3.198265869766061087e+01,2.089872363026756830e+01
-3.199875825321616674e+01,2.086652451915646367e+01
-3.201485780877171550e+01,2.083432540804534483e+01
-3.203095736432727847e+01,2.080212629693424020e+01
-3.204705691988283434e+01,2.076992718582312136e+01
-3.206315647543839020e+01,2.073772807471201673e+01
-3.207925603099393896e+01,2.070552896360089790e+01
-3.209535558654949483e+01,2.067332985248979327e+01
-3.211145514210505780e+01,2.064113074137868153e+01
-3.212755469766061367e+01,2.060893163026757691e+01
-3.214365425321616243e+01,2.057673251915645807e+01
-3.215975380877171830e+01,2.054453340804535344e+01
-3.217585336432727416e+01,2.051233429693423460e+01
-3.219195291988283714e+01,2.048013518582312997e+01
-3.220805247543838590e+01,2.044793607471201113e+01
-3.222415203099394176e+01,2.041573696360090651e+01
-3.224025158654949763e+01,2.038353785248979477e+01
-3.225635114210506060e+01,2.035133874137868304e+01
-3.227245069766060226e+01,2.031913963026757131e+01
-3.228855025321616523e+01,2.028694051915646668e+01
-3.230464980877172110e+01,2.025474140804534784e+01
-3.232074936432727696e+01,2.022254229693424321e+01
-3.233684891988282573e+01,2.019034318582312437e+01
-3.235294847543838159e+01,2.015814407471201974e+01
-3.236904803099394456e+01,2.012594496360090091e+01
-3.238514758654950043e+01,2.009374585248979628e+01
-3.240124714210504919e+01,2.006154674137868454e+01
-3.241734669766060506e+01,2.002934763026757281e+01
-3.243344625321616803e+01,1.999714851915646108e+01
-3.244954580877172390e+01,1.996494940804535645e+01
-3.246564536432727266e+01,1.993275029693423761e+01
-3.248174491988282853e+01,1.990055118582313298e+01
-3.249784447543838439e+01,1.986835207471201414e+01
-3.251394403099394737e+01,1.983615296360090952e+01
-3.253004358654949613e+01,1.980395385248979068e+01
-3.254614314210505199e+01,1.977175474137868605e+01
-3.256224269766060786e+01,1.973955563026757432e+01
-3.257834225321616373e+01,1.970735651915646258e+01
-3.259444180877171249e+01,1.967515740804535085e+01
-3.261054136432727546e+01,1.964295829693424622e+01
-3.262664091988283133e+01,1.961075918582312738e+01
-3.264274047543838719e+01,1.957856007471202275e+01
-3.265884003099393595e+01,1.954636096360090391e+01
-3.267493958654949182e+01,1.951416185248979929e+01
-3.269103914210505479e+01,1.948196274137868045e+01
-3.271645949298224565e+01,1.945654239050148959e+01
-3.274187984385944361e+01,1.943112203962429874e+01
-3.276730019473663447e+01,1.940570168874710077e+01
-3.279272054561382532e+01,1.938028133786990992e+01
-3.281814089649102328e+01,1.935486098699271196e+01
-3.284356124736821414e+01,1.932944063611552110e+01
-3.286898159824541210e+01,1.930402028523833025e+01
-3.289440194912259585e+01,1.927859993436114650e+01
-3.291982229999978671e+01,1.925317958348394853e+01
-3.294524265087697756e+01,1.922775923260675768e+01
-3.297066300175417553e+01,1.920233888172955972e+01
-3.299608335263136638e+01,1.917691853085236886e+01
-3.302150370350856434e+01,1.915149817997517800e+01
-3.304692405438575520e+01,1.912607782909798004e+01
-3.307234440526294605e+01,1.910065747822078919e+01
-3.309776475614014402e+01,1.907523712734359123e+01
-3.312318510701733487e+01,1.904981677646640037e+01
-3.314860545789453283e+01,1.902439642558920951e+01
-3.317402580877172369e+01,1.899897607471201155e+01
-3.319944615964891454e+01,1.897355572383482070e+01
-3.322486651052611251e+01,1.894813537295762274e+01
-3.325028686140329626e+01,1.892271502208043898e+01
-3.327570721228048711e+01,1.889729467120324813e+01
-3.330112756315767797e+01,1.887187432032605727e+01
-3.332654791403487593e+01,1.884645396944885931e+01
-3.335196826491206679e+01,1.882103361857166846e+01
-3.337738861578926475e+01,1.879561326769447049e+01
-3.340280896666645560e+01,1.877019291681727964e+01
-3.342822931754364646e+01,1.874477256594008878e+01
-3.345364966842084442e+01,1.871935221506289082e+01
-3.347907001929803528e+01,1.869393186418569996e+01
-3.350449037017523324e+01,1.866851151330850200e+01
-3.352991072105242409e+01,1.864309116243131115e+01
-3.355533107192961495e+01,1.861767081155412029e+01
-3.358075142280681291e+01,1.859225046067692233e+01
-3.360617177368399666e+01,1.856683010979973858e+01
-3.363159212456118752e+01,1.854140975892254772e+01
-3.365701247543838548e+01,1.851598940804535687e+01
-3.368243282631557634e+01,1.849056905716815891e+01
-3.370785317719276719e+01,1.846514870629096805e+01
-3.373327352806996515e+01,1.843972835541377009e+01
-3.375869387894715601e+01,1.841430800453657923e+01
-3.378411422982435397e+01,1.838888765365938838e+01
-3.380953458070154483e+01,1.836346730278219042e+01
-3.383495493157873568e+01,1.833804695190499956e+01
-3.386037528245593364e+01,1.831262660102780160e+01
-3.388579563333312450e+01,1.828720625015061074e+01
-3.391121598421032246e+01,1.826178589927341989e+01
-3.393663633508751332e+01,1.823636554839622193e+01
-3.396205668596469707e+01,1.821094519751903817e+01
-3.398747703684188792e+01,1.818552484664184732e+01
-3.401289738771908588e+01,1.816010449576464936e+01
-3.403831773859627674e+01,1.813468414488745850e+01
-3.406373808947347470e+01,1.810926379401026765e+01
-3.408915844035066556e+01,1.808384344313306968e+01
-3.411457879122785641e+01,1.805842309225587883e+01
-3.413999914210505437e+01,1.803300274137868087e+01
-3.417219825321616611e+01,1.801690318582312500e+01
-3.420439736432727784e+01,1.800080363026756913e+01
-3.423659647543838958e+01,1.798470407471202037e+01
-3.426879558654949420e+01,1.796860451915646451e+01
-3.430099469766061304e+01,1.795250496360090153e+01
-3.433319380877171767e+01,1.793640540804534567e+01
-3.436539291988283651e+01,1.792030585248979691e+01
-3.439759203099394114e+01,1.790420629693424104e+01
-3.442979114210505998e+01,1.788810674137867807e+01
-3.446199025321616460e+01,1.787200718582312220e+01
-3.449418936432727634e+01,1.785590763026757344e+01
-3.452638847543838807e+01,1.783980807471201757e+01
-3.455858758654949980e+01,1.782370851915646170e+01
-3.459078669766060443e+01,1.780760896360089873e+01
-3.462298580877172327e+01,1.779150940804534997e+01
-3.465518491988282790e+01,1.777540985248979410e+01
-3.468738403099394674e+01,1.775931029693423824e+01
-3.471958314210505137e+01,1.774321074137868237e+01
-3.475178225321617020e+01,1.772711118582313361e+01
-3.478398136432727483e+01,1.771101163026757064e+01
-3.481618047543838657e+01,1.769491207471201477e+01
-3.484837958654949830e+01,1.767881251915645890e+01
-3.488057869766061003e+01,1.766271296360091014e+01
-3.491277780877171466e+01,1.764661340804535428e+01
-3.494497691988283350e+01,1.763051385248979130e+01
-3.497717603099393813e+01,1.761441429693423544e+01
-3.500937514210505697e+01,1.759831474137868668e+01
-3.504157425321616159e+01,1.758221518582313081e+01
-3.507377336432728043e+01,1.756611563026756784e+01
-3.510597247543838506e+01,1.755001607471201197e+01
-3.513817158654949679e+01,1.753391651915646321e+01
-3.517037069766060142e+01,1.751781696360090734e+01
-3.520256980877172026e+01,1.750171740804535148e+01
-3.523476891988282489e+01,1.748561785248978850e+01
-3.526696803099394373e+01,1.746951829693424685e+01
-3.529916714210504836e+01,1.745341874137868388e+01
-3.533136625321616719e+01,1.743731918582312801e+01
-3.536356536432727182e+01,1.742121963026757214e+01
-3.539576447543838356e+01,1.740512007471202338e+01
-3.542796358654949529e+01,1.738902051915646041e+01
-3.546016269766060702e+01,1.737292096360090454e+01
-3.549236180877171165e+01,1.735682140804534868e+01
-3.552456091988283049e+01,1.734072185248979991e+01
-3.555676003099393512e+01,1.732462229693424405e+01
-3.558895914210505396e+01,1.730852274137868108e+01
-3.562518314210505110e+01,1.730852274137868108e+01
-3.566140714210504825e+01,1.730852274137868108e+01
-3.569763114210505961e+01,1.730852274137868108e+01
-3.573385514210505676e+01,1.730852274137868108e+01
-3.577007914210505390e+01,1.730852274137868108e+01
-3.580630314210505105e+01,1.730852274137868108e+01
-3.584252714210504820e+01,1.730852274137868108e+01
-3.587875114210505956e+01,1.730852274137868108e+01
-3.591497514210505670e+01,1.730852274137868108e+01
-3.595119914210505385e+01,1.730852274137868108e+01
-3.598742314210505100e+01,1.730852274137868108e+01
-3.602364714210504815e+01,1.730852274137868108e+01
-3.605987114210505950e+01,1.730852274137868108e+01
-3.609609514210505665e+01,1.730852274137868108e+01
-3.613231914210505380e+01,1.730852274137868108e+01
-3.616854314210505095e+01,1.730852274137868108e+01
-3.620476714210504809e+01,1.730852274137868108e+01
-3.624099114210505945e+01,1.730852274137868108e+01
-3.627721514210505660e+01,1.730852274137868108e+01
-3.631343914210505375e+01,1.730852274137868108e+01
-3.634966314210505089e+01,1.730852274137868108e+01
-3.638588714210504804e+01,1.730852274137868108e+01
-3.642211114210505940e+01,1.730852274137868108e+01
-3.645833514210505655e+01,1.730852274137868108e+01
-3.649455914210505370e+01,1.730852274137868108e+01
-3.653078314210505084e+01,1.730852274137868108e+01
-3.656700714210504799e+01,1.730852274137868108e+01
-3.660323114210505935e+01,1.730852274137868108e+01
-3.663945514210505650e+01,1.730852274137868108e+01
-3.667567914210505364e+01,1.730852274137868108e+01
-3.671190314210505079e+01,1.730852274137868108e+01
-3.674812714210504794e+01,1.730852274137868108e+01
-3.678435114210505930e+01,1.730852274137868108e+01
-3.682057514210505644e+01,1.730852274137868108e+01
-3.685679914210505359e+01,1.730852274137868108e+01
-3.689302314210505074e+01,1.730852274137868108e+01
-3.692924714210504789e+01,1.730852274137868108e+01
-3.696547114210505924e+01,1.730852274137868108e+01
-3.700169514210505639e+01,1.730852274137868108e+01
-3.703791914210505354e+01,1.730852274137868108e+01
-3.707414314210505069e+01,1.730852274137868108e+01
-3.711036714210504783e+01,1.730852274137868108e+01
-3.714659114210505919e+01,1.730852274137868108e+01
-3.718281514210505634e+01,1.730852274137868108e+01
-3.721903914210505349e+01,1.730852274137868108e+01
-3.725526314210505063e+01,1.730852274137868108e+01
-3.729148714210504778e+01,1.730852274137868108e+01
-3.732771114210505914e+01,1.730852274137868108e+01
-3.736393514210505629e+01,1.730852274137868108e+01
-3.740015914210505343e+01,1.730852274137868108e+01
-3.743638314210505058e+01,1.730852274137868108e+01
-3.747260714210504773e+01,1.730852274137868108e+01
-3.750883114210505909e+01,1.730852274137868108e+01
-3.754505514210505623e+01,1.730852274137868108e+01
-3.758127914210505338e+01,1.730852274137868108e+01
-3.761750314210505053e+01,1.730852274137868108e+01
-3.765372714210504768e+01,1.730852274137868108e+01
-3.768995114210505903e+01,1.730852274137868108e+01
-3.772617514210505618e+01,1.730852274137868108e+01
-3.776239914210505333e+01,1.730852274137868108e+01
-3.779862314210505048e+01,1.730852274137868108e+01
-3.783484714210504762e+01,1.730852274137868108e+01
-3.787107114210505898e+01,1.730852274137868108e+01
-3.790729514210505613e+01,1.730852274137868108e+01
-3.794351914210505328e+01,1.730852274137868108e+01
-3.797974314210505042e+01,1.730852274137868108e+01
-3.801596714210504757e+01,1.730852274137868108e+01
-3.805219114210505893e+01,1.730852274137868108e+01
-3.808841514210505608e+01,1.730852274137868108e+01
-3.812463914210505322e+01,1.730852274137868108e+01
-3.816086314210505037e+01,1.730852274137868108e+01
-3.819708714210504752e+01,1.730852274137868108e+01
-3.823331114210505888e+01,1.730852274137868108e+01
-3.826953514210505602e+01,1.730852274137868108e+01
-3.830575914210505317e+01,1.730852274137868108e+01
-3.834198314210505032e+01,1.730852274137868108e+01
-3.837820714210504747e+01,1.730852274137868108e+01
-3.841443114210505883e+01,1.730852274137868108e+01
-3.845065514210505597e+01,1.730852274137868108e+01
-3.848687914210505312e+01,1.730852274137868108e+01
-3.851837827253983448e+01,1.732427230659607176e+01
-3.854987740297462295e+01,1.734002187181346244e+01
-3.858137653340939721e+01,1.735577143703085312e+01
-3.861287566384417858e+01,1.737152100224824380e+01
-3.864437479427896704e+01,1.738727056746563449e+01
-3.867587392471374841e+01,1.740302013268303938e+01
-3.870737305514852977e+01,1.741876969790042295e+01
-3.873887218558331824e+01,1.743451926311781364e+01
-3.877037131601809250e+01,1.745026882833520432e+01
-3.880187044645287386e+01,1.746601839355259500e+01
-3.883336957688766233e+01,1.748176795876998568e+01
-3.886486870732244370e+01,1.749751752398737636e+01
-3.889636783775723217e+01,1.751326708920476705e+01
-3.892786696819201353e+01,1.752901665442215773e+01
-3.895936609862678779e+01,1.754476621963954841e+01
-3.899086522906157626e+01,1.756051578485693909e+01
-3.902236435949635762e+01,1.757626535007432977e+01
-3.905386348993113899e+01,1.759201491529173467e+01
-3.908536262036592746e+01,1.760776448050911824e+01
-3.911686175080070882e+01,1.762351404572650893e+01
-3.914836088123548308e+01,1.763926361094389961e+01
-3.917986001167027155e+01,1.765501317616129029e+01
-3.921135914210505291e+01,1.767076274137868097e+01
-3.923692902445800001e+01,1.769633262373162097e+01
-3.926249890681093291e+01,1.772190250608456807e+01
-3.928806878916388001e+01,1.774747238843750807e+01
-3.931363867151682001e+01,1.777304227079044807e+01
-3.933920855386976001e+01,1.779861215314338807e+01
-3.936477843622270001e+01,1.782418203549633517e+01
-3.939034831857564001e+01,1.784975191784927517e+01
-3.941591820092858001e+01,1.787532180020221517e+01
-3.944148808328152711e+01,1.790089168255514807e+01
-3.946705796563446711e+01,1.792646156490810228e+01
-3.949262784798740711e+01,1.795203144726103517e+01
-3.951819773034034711e+01,1.797760132961397517e+01
-3.954376761269328711e+01,1.800317121196691517e+01
-3.956933749504622710e+01,1.802874109431986227e+01
-3.959490737739917421e+01,1.805431097667280227e+01
-3.962047725975210710e+01,1.807988085902574227e+01
-3.964604714210505421e+01,1.810545074137868227e+01
-3.967161702445799421e+01,1.813102062373162937e+01
-3.969718690681093420e+01,1.815659050608456937e+01
-3.972275678916387420e+01,1.818216038843750226e+01
-3.974832667151682131e+01,1.820773027079044226e+01
-3.977389655386975420e+01,1.823330015314338937e+01
-3.979946643622270130e+01,1.825887003549632936e+01
-3.982503631857564130e+01,1.828443991784926936e+01
-3.985060620092858130e+01,1.831000980020220936e+01
-3.987617608328152130e+01,1.833557968255515647e+01
-3.990174596563446840e+01,1.836114956490809647e+01
-3.992731584798740130e+01,1.838671944726103646e+01
-3.995288573034034840e+01,1.841228932961398357e+01
-3.997845561269328840e+01,1.843785921196692357e+01
-4.000402549504622840e+01,1.846342909431985646e+01
-4.002959537739917550e+01,1.848899897667279646e+01
-4.005516525975210840e+01,1.851456885902574356e+01
-4.008073514210505550e+01,1.854013874137868356e+01
-4.010630502445799550e+01,1.856570862373162356e+01
-4.013187490681093550e+01,1.859127850608456356e+01
-4.015744478916387550e+01,1.861684838843751066e+01
-4.018301467151682260e+01,1.864241827079045066e+01
-4.020858455386975550e+01,1.866798815314339066e+01
-4.023415443622270260e+01,1.869355803549632355e+01
-4.025972431857564260e+01,1.871912791784927776e+01
-4.028529420092858260e+01,1.874469780020221066e+01
-4.031086408328152260e+01,1.877026768255515066e+01
-4.033643396563446260e+01,1.879583756490809066e+01
-4.036200384798740259e+01,1.882140744726103776e+01
-4.038757373034034970e+01,1.884697732961397776e+01
-4.041314361269328970e+01,1.887254721196691776e+01
-4.043871349504622970e+01,1.889811709431985776e+01
-4.046428337739916969e+01,1.892368697667280486e+01
-4.048985325975210969e+01,1.894925685902574486e+01
-4.051542314210504969e+01,1.897482674137867775e+01
-4.054099302445799680e+01,1.900039662373161775e+01
-4.056656290681093679e+01,1.902596650608457196e+01
-4.059213278916387679e+01,1.905153638843750485e+01
-4.061770267151681679e+01,1.907710627079044485e+01
-4.064327255386975679e+01,1.910267615314338485e+01
-4.066884243622270390e+01,1.912824603549633196e+01
-4.069441231857564389e+01,1.915381591784927195e+01
-4.071998220092858389e+01,1.917938580020221195e+01
-4.074555208328152389e+01,1.920495568255515906e+01
-4.077112196563446389e+01,1.923052556490809906e+01
-4.079669184798740389e+01,1.925609544726103906e+01
-4.082226173034035099e+01,1.928166532961397195e+01
-4.084783161269329099e+01,1.930723521196692616e+01
-4.087340149504623099e+01,1.933280509431985905e+01
-4.089897137739917099e+01,1.935837497667279905e+01
-4.092454125975211099e+01,1.938394485902573905e+01
-4.095011114210505099e+01,1.940951474137868615e+01
-4.097568102445799809e+01,1.943508462373162615e+01
-4.100125090681093099e+01,1.946065450608456615e+01
-4.102682078916387809e+01,1.948622438843750615e+01
-4.105239067151681809e+01,1.951179427079045325e+01
-4.107796055386975809e+01,1.953736415314339325e+01
-4.110353043622269809e+01,1.956293403549632615e+01
-4.112910031857564519e+01,1.958850391784926614e+01
-4.115467020092857808e+01,1.961407380020221325e+01
-4.118024008328152519e+01,1.963964368255515325e+01
-4.120580996563446519e+01,1.966521356490809325e+01
-4.123137984798740518e+01,1.969078344726103325e+01
-4.125694973034034518e+01,1.971635332961398035e+01
-4.128251961269329229e+01,1.974192321196692035e+01
-4.130808949504622518e+01,1.976749309431986035e+01
-4.133365937739917229e+01,1.979306297667280745e+01
-4.135922925975211228e+01,1.981863285902574745e+01
-4.138479914210505228e+01,1.984420274137868034e+01
-4.139611914210505006e+01,1.987816274137868078e+01
-4.140743914210505494e+01,1.991212274137868121e+01
-4.141875914210505272e+01,1.994608274137868165e+01
-4.143007914210505049e+01,1.998004274137868208e+01
-4.144139914210505538e+01,2.001400274137868252e+01
-4.145271914210505315e+01,2.004796274137868295e+01
-4.146403914210505093e+01,2.008192274137868338e+01
-4.147535914210505581e+01,2.011588274137868382e+01
-4.148667914210505359e+01,2.014984274137868425e+01
-4.149799914210505136e+01,2.018380274137868469e+01
-4.150931914210505624e+01,2.021776274137868512e+01
-4.152063914210505402e+01,2.025172274137868555e+01
-4.153195914210505180e+01,2.028568274137868599e+01
-4.154327914210505668e+01,2.031964274137868642e+01
-4.155459914210505445e+01,2.035360274137868686e+01
-4.156591914210505223e+01,2.038756274137868019e+01
-4.157723914210505001e+01,2.042152274137868062e+01
-4.158855914210505489e+01,2.045548274137868106e+01
-4.159987914210505267e+01,2.048944274137868149e+01
-4.161119914210505044e+01,2.052340274137868192e+01
-4.162251914210505532e+01,2.055736274137868236e+01
-4.163383914210505310e+01,2.059132274137868279e+01
-4.164515914210505088e+01,2.062528274137868323e+01
-4.165647914210505576e+01,2.065924274137868366e+01
-4.166779914210505353e+01,2.069320274137868410e+01
-4.167911914210505131e+01,2.072716274137868453e+01
-4.169043914210505619e+01,2.076112274137868496e+01
-4.170175914210505397e+01,2.079508274137868540e+01
-4.171307914210505174e+01,2.082904274137868583e+01
-4.172439914210505663e+01,2.086300274137868627e+01
-4.173571914210505440e+01,2.089696274137868670e+01
-4.174703914210505218e+01,2.093092274137868003e+01
-4.177202121107057309e+01,2.095590481034419383e+01
-4.179700328003608689e+01,2.098088687930972185e+01
-4.182198534900160780e+01,2.100586894827522855e+01
-4.184696741796712161e+01,2.103085101724075656e+01
-4.187194948693263541e+01,2.105583308620627037e+01
-4.189693155589815632e+01,2.108081515517179128e+01
-4.192191362486367012e+01,2.110579722413730508e+01
-4.194689569382919103e+01,2.113077929310282599e+01
-4.197187776279470484e+01,2.115576136206833979e+01
-4.199685983176022575e+01,2.118074343103385360e+01
-4.202184190072574665e+01,2.120572549999937451e+01
-4.204682396969126046e+01,2.123070756896488831e+01
-4.207180603865678137e+01,2.125568963793040922e+01
-4.209678810762229517e+01,2.128067170689592302e+01
-4.212177017658780898e+01,2.130565377586144393e+01
-4.214675224555332989e+01,2.133063584482695774e+01
-4.217173431451884369e+01,2.135561791379247865e+01
-4.219671638348436460e+01,2.138059998275799245e+01
-4.222169845244987840e+01,2.140558205172351336e+01
-4.224668052141539931e+01,2.143056412068902716e+01
-4.227166259038091312e+01,2.145554618965454097e+01
-4.229664465934643403e+01,2.148052825862006188e+01
-4.232162672831195493e+01,2.150551032758557568e+01
-4.234660879727746874e+01,2.153049239655109659e+01
-4.237159086624298254e+01,2.155547446551661039e+01
-4.239657293520849635e+01,2.158045653448213841e+01
-4.242155500417401726e+01,2.160543860344764511e+01
-4.244653707313953817e+01,2.163042067241317312e+01
-4.247151914210505197e+01,2.165540274137867982e+01
-4.248493543840135089e+01,2.168894348211942003e+01
-4.249835173469764982e+01,2.172248422286016734e+01
-4.251176803099394164e+01,2.175602496360090043e+01
-4.252518432729024056e+01,2.178956570434164774e+01
-4.253860062358653948e+01,2.182310644508238795e+01
-4.255201691988283130e+01,2.185664718582312105e+01
-4.256543321617912312e+01,2.189018792656386836e+01
-4.257884951247542205e+01,2.192372866730460856e+01
-4.259226580877172097e+01,2.195726940804535587e+01
-4.260568210506801279e+01,2.199081014878608897e+01
-4.261909840136431171e+01,2.202435088952682918e+01
-4.263251469766061064e+01,2.205789163026757649e+01
-4.264593099395690246e+01,2.209143237100830959e+01
-4.265934729025320138e+01,2.212497311174905690e+01
-4.267276358654950030e+01,2.215851385248979000e+01
-4.268617988284579212e+01,2.219205459323053731e+01
-4.269959617914209105e+01,2.222559533397127751e+01
-4.271301247543838997e+01,2.225913607471201061e+01
-4.272642877173468179e+01,2.229267681545275792e+01
-4.273984506803098071e+01,2.232621755619349813e+01
-4.275326136432727253e+01,2.235975829693424544e+01
-4.276667766062357146e+01,2.239329903767497854e+01
-4.278009395691986327e+01,2.242683977841571874e+01
-4.279351025321616220e+01,2.246038051915646605e+01
-4.280692654951246112e+01,2.249392125989719915e+01
-4.282034284580876005e+01,2.252746200063794646e+01
-4.283375914210505186e+01,2.256100274137868666e+01
-4.284717543840135079e+01,2.259454348211941976e+01
-4.286059173469764971e+01,2.262808422286016707e+01
-4.287400803099394153e+01,2.266162496360090017e+01
-4.288742432729024046e+01,2.269516570434164748e+01
-4.290084062358653938e+01,2.272870644508238769e+01
-4.291425691988283120e+01,2.276224718582312079e+01
-4.292767321617912302e+01,2.279578792656386810e+01
-4.294108951247542194e+01,2.282932866730460830e+01
-4.295450580877172087e+01,2.286286940804535561e+01
-4.296792210506801268e+01,2.289641014878608871e+01
-4.298133840136431161e+01,2.292995088952682892e+01
-4.299475469766061053e+01,2.296349163026757623e+01
-4.300817099395690235e+01,2.299703237100830933e+01
-4.302158729025320127e+01,2.303057311174905664e+01
-4.303500358654950020e+01,2.306411385248979684e+01
-4.304841988284579202e+01,2.309765459323053705e+01
-4.306183617914209094e+01,2.313119533397127725e+01
-4.307525247543838987e+01,2.316473607471201035e+01
-4.308866877173468168e+01,2.319827681545275766e+01
-4.310208506803098061e+01,2.323181755619349786e+01
-4.311550136432727243e+01,2.326535829693424517e+01
-4.312891766062357135e+01,2.329889903767497827e+01
-4.314233395691986317e+01,2.333243977841571848e+01
-4.315575025321616209e+01,2.336598051915646579e+01
-4.316916654951246102e+01,2.339952125989719889e+01
-4.318258284580875994e+01,2.343306200063794620e+01
-4.319599914210505176e+01,2.346660274137868640e+01
-4.321681753290965133e+01,2.349574848850512154e+01
-4.323763592371424380e+01,2.352489423563155668e+01
-4.325845431451884338e+01,2.355403998275799182e+01
-4.327927270532344295e+01,2.358318572988442696e+01
-4.330009109612804252e+01,2.361233147701086921e+01
-4.332090948693263499e+01,2.364147722413730435e+01
-4.334172787773723456e+01,2.367062297126373949e+01
-4.336254626854183414e+01,2.369976871839017463e+01
-4.338336465934643371e+01,2.372891446551660977e+01
-4.340418305015102618e+01,2.375806021264305201e+01
-4.342500144095562575e+01,2.378720595976948715e+01
-4.344581983176022533e+01,2.381635170689592229e+01
-4.346663822256482490e+01,2.384549745402235743e+01
-4.348745661336941737e+01,2.387464320114879257e+01
-4.350827500417401694e+01,2.390378894827523482e+01
-4.352909339497861652e+01,2.393293469540166996e+01
-4.354991178578321609e+01,2.396208044252810510e+01
-4.357073017658780856e+01,2.399122618965454024e+01
-4.359154856739240813e+01,2.402037193678097537e+01
-4.361236695819700770e+01,2.404951768390741762e+01
-4.363318534900160728e+01,2.407866343103385276e+01
-4.365400373980619975e+01,2.410780917816029501e+01
-4.367482213061079932e+01,2.413695492528673725e+01
-4.369564052141539889e+01,2.416610067241317239e+01
-4.371645891221999847e+01,2.419524641953960753e+01
-4.373727730302459094e+01,2.422439216666604267e+01
-4.375809569382919051e+01,2.425353791379247781e+01
-4.377891408463379008e+01,2.428268366091892005e+01
-4.379973247543838966e+01,2.431182940804535519e+01
-4.382055086624298212e+01,2.434097515517179033e+01
-4.384136925704758170e+01,2.437012090229822547e+01
-4.386218764785218127e+01,2.439926664942466061e+01
-4.388300603865678085e+01,2.442841239655110286e+01
-4.390382442946137331e+01,2.445755814367753800e+01
-4.392464282026597289e+01,2.448670389080397314e+01
-4.394546121107057246e+01,2.451584963793040828e+01
-4.396627960187517203e+01,2.454499538505684342e+01
-4.398709799267976450e+01,2.457414113218328566e+01
-4.400791638348436408e+01,2.460328687930972080e+01
-4.402873477428896365e+01,2.463243262643615594e+01
-4.404955316509356322e+01,2.466157837356259108e+01
-4.407037155589815569e+01,2.469072412068902622e+01
-4.409118994670275526e+01,2.471986986781546847e+01
-4.411200833750735484e+01,2.474901561494190361e+01
-4.413282672831195441e+01,2.477816136206833875e+01
-4.415364511911654688e+01,2.480730710919477389e+01
-4.417446350992114645e+01,2.483645285632120903e+01
-4.419528190072574603e+01,2.486559860344765127e+01
-4.421610029153034560e+01,2.489474435057408641e+01
-4.423691868233493807e+01,2.492389009770052155e+01
-4.425773707313953764e+01,2.495303584482695669e+01
-4.427855546394413722e+01,2.498218159195339183e+01
-4.429937385474873679e+01,2.501132733907983408e+01
-4.432019224555332926e+01,2.504047308620626922e+01
-4.434101063635792883e+01,2.506961883333270436e+01
-4.436182902716252840e+01,2.509876458045913949e+01
-4.438264741796712087e+01,2.512791032758557463e+01
-4.440346580877172045e+01,2.515705607471201688e+01
-4.442428419957632002e+01,2.518620182183845202e+01
-4.444510259038091959e+01,2.521534756896488716e+01
-4.446592098118551206e+01,2.524449331609132230e+01
-4.448673937199011164e+01,2.527363906321775744e+01
-4.450755776279471121e+01,2.530278481034419258e+01
-4.452837615359930368e+01,2.533193055747063482e+01
-4.454919454440390325e+01,2.536107630459707707e+01
-4.457001293520850282e+01,2.539022205172351931e+01
-4.459083132601310240e+01,2.541936779884995445e+01
-4.461164971681769487e+01,2.544851354597638959e+01
-4.463246810762229444e+01,2.547765929310282473e+01
-4.465328649842689401e+01,2.550680504022925987e+01
-4.467410488923148648e+01,2.553595078735570212e+01
-4.469492328003608606e+01,2.556509653448213726e+01
-4.471574167084068563e+01,2.559424228160857240e+01
-4.473656006164527810e+01,2.562338802873500754e+01
-4.475737845244987767e+01,2.565253377586144268e+01
-4.477819684325447724e+01,2.568167952298788492e+01
-4.479901523405907682e+01,2.571082527011432006e+01
-4.481983362486366929e+01,2.573997101724075520e+01
-4.484065201566826886e+01,2.576911676436719034e+01
-4.486147040647286843e+01,2.579826251149362548e+01
-4.488228879727746801e+01,2.582740825862006773e+01
-4.490310718808206047e+01,2.585655400574650287e+01
-4.492392557888666005e+01,2.588569975287293801e+01
-4.494474396969125962e+01,2.591484549999937315e+01
-4.496556236049585209e+01,2.594399124712580829e+01
-4.498638075130045166e+01,2.597313699425224343e+01
-4.500719914210505124e+01,2.600228274137868567e+01
-4.502329869766061421e+01,2.603448185248979740e+01
-4.503939825321616297e+01,2.606668096360090203e+01
-4.505549780877171884e+01,2.609888007471202087e+01
-4.507159736432727470e+01,2.613107918582312550e+01
-4.508769691988283057e+01,2.616327829693424434e+01
-4.510379647543838644e+01,2.619547740804534897e+01
-4.511989603099394230e+01,2.622767651915646780e+01
-4.513599558654949817e+01,2.625987563026757243e+01
-4.515209514210505404e+01,2.629207474137868417e+01
-4.516819469766060990e+01,2.632427385248979590e+01
-4.518429425321616577e+01,2.635647296360090763e+01
-4.520039380877172164e+01,2.638867207471201226e+01
-4.521649336432727750e+01,2.642087118582313110e+01
-4.523259291988283337e+01,2.645307029693423573e+01
-4.524869247543838924e+01,2.648526940804535457e+01
-4.526479203099393800e+01,2.651746851915645919e+01
-4.528089158654950097e+01,2.654966763026757803e+01
-4.529699114210504973e+01,2.658186674137868266e+01
-4.531309069766061270e+01,2.661406585248979439e+01
-4.532919025321616147e+01,2.664626496360090613e+01
-4.534528980877172444e+01,2.667846407471201786e+01
-4.536138936432727320e+01,2.671066318582312249e+01
-4.537748891988282907e+01,2.674286229693424133e+01
-4.539358847543838493e+01,2.677506140804534596e+01
-4.540968803099394080e+01,2.680726051915646480e+01
-4.542578758654949667e+01,2.683945963026756942e+01
-4.544188714210505253e+01,2.687165874137868826e+01
-4.545798669766060840e+01,2.690385785248979289e+01
-4.547408625321616427e+01,2.693605696360090462e+01
-4.549018580877172013e+01,2.696825607471201636e+01
-4.550628536432727600e+01,2.700045518582312809e+01
-4.552238491988283187e+01,2.703265429693423272e+01
-4.553848447543838773e+01,2.706485340804535156e+01
-4.555458403099394360e+01,2.709705251915645619e+01
-4.557068358654949947e+01,2.712925163026757502e+01
-4.558678314210504823e+01,2.716145074137867965e+01
-4.560288269766061120e+01,2.719364985248979849e+01
-4.561898225321615996e+01,2.722584896360090312e+01
-4.563508180877172293e+01,2.725804807471201485e+01
-4.565118136432727169e+01,2.729024718582312659e+01
-4.566728091988283467e+01,2.732244629693423832e+01
-4.568338047543838343e+01,2.735464540804534295e+01
-4.569948003099393929e+01,2.738684451915646179e+01
-4.571557958654949516e+01,2.741904363026756641e+01
-4.573167914210505103e+01,2.745124274137868525e+01
-4.574777869766061400e+01,2.748344185248979699e+01
-4.576387825321616276e+01,2.751564096360090872e+01
-4.577997780877172573e+01,2.754784007471202045e+01
-4.579607736432727449e+01,2.758003918582312508e+01
-4.581217691988283036e+01,2.761223829693424392e+01
-4.582827647543838623e+01,2.764443740804534855e+01
-4.584437603099394209e+01,2.767663651915646739e+01
-4.586047558654949796e+01,2.770883563026757201e+01
-4.587657514210505383e+01,2.774103474137868375e+01
-4.589267469766060970e+01,2.777323385248979548e+01
-4.590877425321616556e+01,2.780543296360090721e+01
-4.592487380877172143e+01,2.783763207471201895e+01
-4.594097336432727730e+01,2.786983118582313068e+01
-4.595707291988283316e+01,2.790203029693424241e+01
-4.597317247543838903e+01,2.793422940804535415e+01
-4.598927203099393779e+01,2.796642851915646588e+01
-4.600537158654950076e+01,2.799862763026757762e+01
-4.602147114210504952e+01,2.803082674137867514e+01
-4.603757069766061250e+01,2.806302585248980108e+01
-4.605367025321616126e+01,2.809522496360089860e+01
-4.606976980877172423e+01,2.812742407471202455e+01
-4.608586936432727299e+01,2.815962318582312207e+01
-4.610196891988282886e+01,2.819182229693424802e+01
-4.611806847543838472e+01,2.822402140804534554e+01
-4.613416803099394059e+01,2.825622051915645727e+01
-4.615026758654949646e+01,2.828841963026756900e+01
-4.616636714210505232e+01,2.832061874137868074e+01
-4.618246669766060819e+01,2.835281785248979247e+01
-4.619856625321616406e+01,2.838501696360090421e+01
-4.621466580877171992e+01,2.841721607471201594e+01
-4.623076536432727579e+01,2.844941518582312767e+01
-4.624686491988283166e+01,2.848161429693423941e+01
-4.626296447543838752e+01,2.851381340804535114e+01
-4.627906403099394339e+01,2.854601251915646287e+01
-4.629516358654949926e+01,2.857821163026757461e+01
-4.631126314210504802e+01,2.861041074137868634e+01
-4.632736269766061099e+01,2.864260985248979807e+01
-4.634346225321615975e+01,2.867480896360089559e+01
-4.635956180877172272e+01,2.870700807471202154e+01
-4.637566136432727149e+01,2.873920718582311906e+01
-4.639176091988283446e+01,2.877140629693424501e+01
-4.640786047543838322e+01,2.880360540804534253e+01
-4.642396003099393909e+01,2.883580451915646847e+01
-4.644005958654949495e+01,2.886800363026756600e+01
-4.645615914210505082e+01,2.890020274137867773e+01
-4.647225869766061379e+01,2.893240185248980367e+01
-4.648835825321616255e+01,2.896460096360090120e+01
-4.650445780877171842e+01,2.899680007471201293e+01
-4.652055736432727429e+01,2.902899918582312466e+01
-4.653665691988283015e+01,2.906119829693425061e+01
-4.655275647543838602e+01,2.909339740804534813e+01
-4.656885603099394189e+01,2.912559651915645986e+01
-4.658495558654949775e+01,2.915779563026757160e+01
-4.660105514210505362e+01,2.918999474137868333e+01
-4.661715469766060949e+01,2.922219385248979506e+01
-4.663325425321616535e+01,2.925439296360090680e+01
-4.664935380877172122e+01,2.928659207471201853e+01
-4.666545336432727709e+01,2.931879118582313026e+01
-4.668155291988283295e+01,2.935099029693424200e+01
-4.669765247543838882e+01,2.938318940804535373e+01
-4.671375203099394469e+01,2.941538851915646546e+01
-4.672985158654950055e+01,2.944758763026757720e+01
-4.674595114210504931e+01,2.947978674137867472e+01
-4.676205069766061229e+01,2.951198585248980066e+01
-4.677815025321616105e+01,2.954418496360089819e+01
-4.679424980877172402e+01,2.957638407471202413e+01
-4.681034936432727278e+01,2.960858318582312165e+01
-4.682644891988283575e+01,2.964078229693424760e+01
-4.684254847543838451e+01,2.967298140804534512e+01
-4.685864803099394038e+01,2.970518051915645685e+01
-4.687474758654949625e+01,2.973737963026756859e+01
-4.689084714210505211e+01,2.976957874137868032e+01
-4.690694669766060798e+01,2.980177785248979205e+01
-4.692304625321616385e+01,2.983397696360090379e+01
-4.693914580877171971e+01,2.986617607471201552e+01
-4.695524536432727558e+01,2.989837518582312725e+01
-4.697134491988283145e+01,2.993057429693423899e+01
-4.698744447543838731e+01,2.996277340804535072e+01
-4.700354403099394318e+01,2.999497251915646245e+01
-4.701964358654949905e+01,3.002717163026757419e+01
-4.703574314210504781e+01,3.005937074137868592e+01
-4.705184269766061078e+01,3.009156985248979765e+01
-4.706794225321615954e+01,3.012376896360089518e+01
-4.708404180877172251e+01,3.015596807471202112e+01
-4.710014136432727128e+01,3.018816718582311864e+01
-4.711624091988283425e+01,3.022036629693424459e+01
-4.713234047543838301e+01,3.025256540804534211e+01
-4.714844003099393888e+01,3.028476451915646805e+01
-4.716453958654949474e+01,3.031696363026756558e+01
-4.718063914210505061e+01,3.034916274137867731e+01
-4.718063914210505061e+01,3.038538674137868156e+01
-4.718063914210505061e+01,3.042161074137868582e+01
-4.718063914210505061e+01,3.045783474137869007e+01
-4.718063914210505061e+01,3.049405874137868011e+01
-4.718063914210505061e+01,3.053028274137868436e+01
-4.718063914210505061e+01,3.056650674137867441e+01
-4.718063914210505061e+01,3.060273074137867866e+01
-4.718063914210505061e+01,3.063895474137868291e+01
-4.718063914210505061e+01,3.067517874137868716e+01
-4.718063914210505061e+01,3.071140274137867721e+01
-4.718063914210505061e+01,3.074762674137868146e+01
-4.718063914210505061e+01,3.078385074137868571e+01
-4.718063914210505061e+01,3.082007474137868996e+01
-4.718063914210505061e+01,3.085629874137868001e+01
-4.718063914210505061e+01,3.089252274137868426e+01
-4.718063914210505061e+01,3.092874674137868851e+01
-4.718063914210505061e+01,3.096497074137867855e+01
-4.718063914210505061e+01,3.100119474137868281e+01
-4.718063914210505061e+01,3.103741874137868706e+01
-4.718063914210505061e+01,3.107364274137867710e+01
-4.720478847543838441e+01,3.109779207471201801e+01
-4.722893780877172532e+01,3.112194140804534470e+01
-4.725308714210505201e+01,3.114609074137868561e+01
-4.727723647543838581e+01,3.117024007471202651e+01
-4.730138580877171961e+01,3.119438940804535321e+01
-4.732553514210505341e+01,3.121853874137867990e+01
-4.734968447543838721e+01,3.124268807471202081e+01
-4.737383380877172101e+01,3.126683740804534750e+01
-4.739798314210504770e+01,3.129098674137868841e+01
-4.742213247543838861e+01,3.131513607471201510e+01
-4.744628180877172241e+01,3.133928540804534180e+01
-4.747043114210504910e+01,3.136343474137868270e+01
-4.749458047543838290e+01,3.138758407471202361e+01
-4.751872980877172381e+01,3.141173340804535030e+01
-4.754287914210505051e+01,3.143588274137867700e+01
-4.754287914210505051e+01,3.147210674137868125e+01
-4.754287914210505051e+01,3.150833074137868550e+01
-4.754287914210505051e+01,3.154455474137868976e+01
-4.754287914210505051e+01,3.158077874137867980e+01
-4.754287914210505051e+01,3.161700274137868405e+01
-4.754287914210505051e+01,3.165322674137868830e+01
-4.754287914210505051e+01,3.168945074137867834e+01
-4.754287914210505051e+01,3.172567474137868260e+01
-4.754287914210505051e+01,3.176189874137868685e+01
-4.754287914210505051e+01,3.179812274137867689e+01
-4.754287914210505051e+01,3.183434674137868114e+01
-4.754287914210505051e+01,3.187057074137868540e+01
-4.754287914210505051e+01,3.190679474137868965e+01
-4.754287914210505051e+01,3.194301874137867969e+01
-4.754287914210505051e+01,3.197924274137868395e+01
-4.754287914210505051e+01,3.201546674137868820e+01
-4.754287914210505051e+01,3.205169074137867824e+01
-4.754287914210505051e+01,3.208791474137868249e+01
-4.754287914210505051e+01,3.212413874137868675e+01
-4.754287914210505051e+01,3.216036274137867679e+01
-4.754287914210505051e+01,3.219658674137868104e+01
-4.754287914210505051e+01,3.223281074137868529e+01
-4.754287914210505051e+01,3.226903474137868955e+01
-4.754287914210505051e+01,3.230525874137867959e+01
-4.754287914210505051e+01,3.234148274137868384e+01
-4.754287914210505051e+01,3.237770674137868809e+01
-4.754287914210505051e+01,3.241393074137867814e+01
-4.754287914210505051e+01,3.245015474137868239e+01
-4.754287914210505051e+01,3.248637874137868664e+01
-4.754287914210505051e+01,3.252260274137867668e+01
-4.754287914210505051e+01,3.255882674137868094e+01
-4.754287914210505051e+01,3.259505074137868519e+01
-4.754287914210505051e+01,3.263127474137868944e+01
-4.754287914210505051e+01,3.266749874137867948e+01
-4.754287914210505051e+01,3.270372274137868374e+01
-4.754287914210505051e+01,3.273994674137868799e+01
-4.754287914210505051e+01,3.277617074137867803e+01
-4.754287914210505051e+01,3.281239474137868228e+01
-4.754287914210505051e+01,3.284861874137868654e+01
-4.754287914210505051e+01,3.288484274137867658e+01
-4.751872980877172381e+01,3.290899207471201748e+01
-4.749458047543838290e+01,3.293314140804534418e+01
-4.747043114210504910e+01,3.295729074137868508e+01
-4.744628180877172241e+01,3.298144007471202599e+01
-4.742213247543838861e+01,3.300558940804535268e+01
-4.739798314210504770e+01,3.302973874137867938e+01
-4.737383380877172101e+01,3.305388807471202028e+01
-4.734968447543838721e+01,3.307803740804534698e+01
-4.732553514210505341e+01,3.310218674137868788e+01
-4.730138580877171961e+01,3.312633607471201458e+01
-4.727723647543838581e+01,3.315048540804534127e+01
-4.725308714210505201e+01,3.317463474137868218e+01
-4.722893780877172532e+01,3.319878407471202308e+01
-4.720478847543838441e+01,3.322293340804534978e+01
-4.718063914210505061e+01,3.324708274137869068e+01
-4.717201438020029514e+01,3.328158178899772679e+01
-4.716338961829552545e+01,3.331608083661677711e+01
-4.715476485639076998e+01,3.335057988423582742e+01
-4.714614009448600029e+01,3.338507893185487774e+01
-4.713751533258124482e+01,3.341957797947392805e+01
-4.712889057067648224e+01,3.345407702709296416e+01
-4.712026580877171966e+01,3.348857607471202869e+01
-4.711164104686695708e+01,3.352307512233106479e+01
-4.710301628496220161e+01,3.355757416995011511e+01
-4.709439152305743193e+01,3.359207321756916542e+01
-4.708576676115267645e+01,3.362657226518820153e+01
-4.707714199924790677e+01,3.366107131280725184e+01
-4.706851723734315129e+01,3.369557036042630216e+01
-4.705989247543838871e+01,3.373006940804533826e+01
-4.705126771353362614e+01,3.376456845566440279e+01
-4.704264295162886356e+01,3.379906750328343890e+01
-4.703401818972410098e+01,3.383356655090248921e+01
-4.702539342781933840e+01,3.386806559852153953e+01
-4.701676866591457582e+01,3.390256464614058984e+01
-4.700814390400981324e+01,3.393706369375964016e+01
-4.699951914210505066e+01,3.397156274137869048e+01
-4.699089438020029519e+01,3.400606178899772658e+01
-4.698226961829552550e+01,3.404056083661677690e+01
-4.697364485639077003e+01,3.407505988423582721e+01
-4.696502009448600035e+01,3.410955893185487753e+01
-4.695639533258124487e+01,3.414405797947392784e+01
-4.694777057067648229e+01,3.417855702709296395e+01
-4.693914580877171971e+01,3.421305607471202848e+01
-4.693052104686695714e+01,3.424755512233106458e+01
-4.692189628496220166e+01,3.428205416995011490e+01
-4.691327152305743198e+01,3.431655321756916521e+01
-4.690464676115267650e+01,3.435105226518820132e+01
-4.689602199924790682e+01,3.438555131280725163e+01
-4.688739723734315135e+01,3.442005036042630195e+01
-4.687877247543838877e+01,3.445454940804533805e+01
-4.687014771353362619e+01,3.448904845566440258e+01
-4.686152295162886361e+01,3.452354750328343869e+01
-4.685289818972410103e+01,3.455804655090248900e+01
-4.684427342781933845e+01,3.459254559852153932e+01
-4.683564866591457587e+01,3.462704464614058963e+01
-4.682702390400981329e+01,3.466154369375963995e+01
-4.681839914210505071e+01,3.469604274137869027e+01
-4.679297879122785986e+01,3.472146309225587402e+01
-4.676755844035066900e+01,3.474688344313307198e+01
-4.674213808947347104e+01,3.477230379401026994e+01
-4.671671773859628018e+01,3.479772414488745369e+01
-4.669129738771908933e+01,3.482314449576465165e+01
-4.666587703684189847e+01,3.484856484664184961e+01
-4.664045668596470051e+01,3.487398519751903336e+01
-4.661503633508750966e+01,3.489940554839623132e+01
-4.658961598421031169e+01,3.492482589927342929e+01
-4.656419563333312084e+01,3.495024625015062725e+01
-4.653877528245592998e+01,3.497566660102781100e+01
-4.651335493157873913e+01,3.500108695190499475e+01
-4.648793458070154827e+01,3.502650730278219271e+01
-4.646251422982435031e+01,3.505192765365939067e+01
-4.643709387894715945e+01,3.507734800453657442e+01
-4.641167352806996149e+01,3.510276835541377238e+01
-4.638625317719277064e+01,3.512818870629097034e+01
-4.636083282631557978e+01,3.515360905716815410e+01
-4.633541247543838892e+01,3.517902940804533785e+01
-4.630999212456119807e+01,3.520444975892253581e+01
-4.628457177368400011e+01,3.522987010979973377e+01
-4.625915142280680925e+01,3.525529046067691752e+01
-4.623373107192961129e+01,3.528071081155411548e+01
-4.620831072105242043e+01,3.530613116243131344e+01
-4.618289037017522958e+01,3.533155151330851140e+01
-4.615747001929803872e+01,3.535697186418569515e+01
-4.613204966842084076e+01,3.538239221506289311e+01
-4.610662931754364990e+01,3.540781256594009108e+01
-4.608120896666645905e+01,3.543323291681727483e+01
-4.605578861578926109e+01,3.545865326769447279e+01
-4.603036826491207023e+01,3.548407361857167075e+01
-4.600494791403487227e+01,3.550949396944885450e+01
-4.597952756315768852e+01,3.553491432032605246e+01
-4.595410721228049056e+01,3.556033467120325042e+01
-4.592868686140329970e+01,3.558575502208044838e+01
-4.590326651052610885e+01,3.561117537295763213e+01
-4.587784615964891088e+01,3.563659572383483010e+01
-4.585242580877172003e+01,3.566201607471202806e+01
-4.582700545789452917e+01,3.568743642558921181e+01
-4.580158510701733832e+01,3.571285677646639556e+01
-4.577616475614014036e+01,3.573827712734359352e+01
-4.575074440526294950e+01,3.576369747822079148e+01
-4.572532405438575154e+01,3.578911782909797523e+01
-4.569990370350856068e+01,3.581453817997517319e+01
-4.567448335263136983e+01,3.583995853085237115e+01
-4.564906300175417186e+01,3.586537888172956912e+01
-4.562364265087698811e+01,3.589079923260675287e+01
-4.559822229999979015e+01,3.591621958348393662e+01
-4.557280194912259930e+01,3.594163993436113458e+01
-4.554738159824540134e+01,3.596706028523833254e+01
-4.552196124736821048e+01,3.599248063611551629e+01
-4.549654089649101962e+01,3.601790098699271425e+01
-4.547112054561382166e+01,3.604332133786991221e+01
-4.544570019473663081e+01,3.606874168874709596e+01
-4.542027984385943995e+01,3.609416203962429393e+01
-4.539485949298224909e+01,3.611958239050149189e+01
-4.536943914210505113e+01,3.614500274137868985e+01
-4.533494009448600082e+01,3.615362750328344532e+01
-4.530044104686695761e+01,3.616225226518820079e+01
-4.526594199924790729e+01,3.617087702709297048e+01
-4.523144295162886408e+01,3.617950178899774016e+01
-4.519694390400981376e+01,3.618812655090249564e+01
-4.516244485639077055e+01,3.619675131280725111e+01
-4.512794580877172024e+01,3.620537607471202080e+01
-4.509344676115266992e+01,3.621400083661679048e+01
-4.505894771353362671e+01,3.622262559852154595e+01
-4.502444866591457640e+01,3.623125036042630143e+01
-4.498994961829552608e+01,3.623987512233105690e+01
-4.495545057067648287e+01,3.624849988423582658e+01
-4.492095152305743255e+01,3.625712464614058206e+01
-4.488645247543838934e+01,3.626574940804533753e+01
-4.485195342781933903e+01,3.627437416995010722e+01
-4.481745438020029582e+01,3.628299893185487690e+01
-4.478295533258124550e+01,3.629162369375963237e+01
-4.474845628496219518e+01,3.630024845566440206e+01
-4.471395723734314487e+01,3.630887321756915753e+01
-4.467945818972410166e+01,3.631749797947392722e+01
-4.464495914210505134e+01,3.632612274137868269e+01
-4.461046009448600103e+01,3.633474750328343816e+01
-4.457596104686695782e+01,3.634337226518820785e+01
-4.454146199924790750e+01,3.635199702709296332e+01
-4.450696295162886429e+01,3.636062178899773301e+01
-4.447246390400981397e+01,3.636924655090248848e+01
-4.443796485639077076e+01,3.637787131280725816e+01
-4.440346580877172045e+01,3.638649607471202785e+01
-4.436896676115267013e+01,3.639512083661678332e+01
-4.433446771353361981e+01,3.640374559852153880e+01
-4.429996866591457660e+01,3.641237036042630848e+01
-4.426546961829552629e+01,3.642099512233106395e+01
-4.423097057067648308e+01,3.642961988423581943e+01
-4.419647152305743276e+01,3.643824464614058911e+01
-4.416197247543838955e+01,3.644686940804534458e+01
-4.412747342781933924e+01,3.645549416995011427e+01
-4.409297438020029603e+01,3.646411893185486974e+01
-4.405847533258124571e+01,3.647274369375963943e+01
-4.402397628496219539e+01,3.648136845566440911e+01
-4.398947723734314508e+01,3.648999321756916459e+01
-4.395497818972410187e+01,3.649861797947392006e+01
-4.392047914210505155e+01,3.650724274137868974e+01
-4.389632980877171775e+01,3.653139207471201644e+01
-4.387218047543838395e+01,3.655554140804534313e+01
-4.384803114210505015e+01,3.657969074137868404e+01
-4.382388180877172346e+01,3.660384007471201073e+01
-4.379973247543838966e+01,3.662798940804533743e+01
-4.377558314210504875e+01,3.665213874137869254e+01
-4.375143380877172206e+01,3.667628807471201924e+01
-4.372728447543838826e+01,3.670043740804534593e+01
-4.370313514210505446e+01,3.672458674137868684e+01
-4.367898580877172066e+01,3.674873607471202774e+01
-4.365483647543838686e+01,3.677288540804535444e+01
-4.363068714210505306e+01,3.679703474137868113e+01
-4.360653780877171926e+01,3.682118407471202204e+01
-4.358238847543838546e+01,3.684533340804534873e+01
-4.355823914210505166e+01,3.686948274137868964e+01
-4.352234148444739503e+01,3.686621931795527018e+01
-4.348644382678973841e+01,3.686295589453183652e+01
-4.345054616913208179e+01,3.685969247110841707e+01
-4.341464851147442516e+01,3.685642904768499761e+01
-4.337875085381676854e+01,3.685316562426156395e+01
-4.334285319615910481e+01,3.684990220083814449e+01
-4.330695553850144819e+01,3.684663877741472504e+01
-4.327105788084379157e+01,3.684337535399129138e+01
-4.323516022318613494e+01,3.684011193056787192e+01
-4.319926256552847832e+01,3.683684850714445247e+01
-4.316336490787082170e+01,3.683358508372103302e+01
-4.312746725021315797e+01,3.683032166029759935e+01
-4.309156959255550134e+01,3.682705823687417990e+01
-4.305567193489784472e+01,3.682379481345076044e+01
-4.301977427724018810e+01,3.682053139002734099e+01
-4.298387661958253148e+01,3.681726796660390733e+01
-4.294797896192487485e+01,3.681400454318048787e+01
-4.291208130426721112e+01,3.681074111975706842e+01
-4.287618364660956161e+01,3.680747769633363475e+01
-4.284028598895189788e+01,3.680421427291021530e+01
-4.280438833129424125e+01,3.680095084948679585e+01
-4.276849067363658463e+01,3.679768742606336218e+01
-4.273259301597892801e+01,3.679442400263994273e+01
-4.269669535832127139e+01,3.679116057921652327e+01
-4.266079770066361476e+01,3.678789715579308961e+01
-4.262490004300595814e+01,3.678463373236967016e+01
-4.258900238534829441e+01,3.678137030894625070e+01
-4.255310472769063779e+01,3.677810688552283125e+01
-4.251720707003298116e+01,3.677484346209939758e+01
-4.248130941237532454e+01,3.677158003867597813e+01
-4.244541175471766792e+01,3.676831661525255868e+01
-4.240951409706001130e+01,3.676505319182912501e+01
-4.237361643940234757e+01,3.676178976840571977e+01
-4.233771878174469094e+01,3.675852634498228610e+01
-4.230182112408703432e+01,3.675526292155885244e+01
-4.226592346642937770e+01,3.675199949813544720e+01
-4.223002580877172107e+01,3.674873607471202774e+01
-4.219412815111406445e+01,3.674547265128857987e+01
-4.215823049345640072e+01,3.674220922786517463e+01
-4.212233283579874410e+01,3.673894580444175517e+01
-4.208643517814108748e+01,3.673568238101832151e+01
-4.205053752048343085e+01,3.673241895759490205e+01
-4.201463986282577423e+01,3.672915553417148260e+01
-4.197874220516811761e+01,3.672589211074804894e+01
-4.194284454751046098e+01,3.672262868732462948e+01
-4.190694688985279726e+01,3.671936526390121003e+01
-4.187104923219514063e+01,3.671610184047777636e+01
-4.183515157453748401e+01,3.671283841705435691e+01
-4.179925391687982739e+01,3.670957499363093746e+01
-4.176335625922217076e+01,3.670631157020751800e+01
-4.172745860156451414e+01,3.670304814678409855e+01
-4.169156094390685752e+01,3.669978472336066488e+01
-4.165566328624920089e+01,3.669652129993724543e+01
-4.161976562859153717e+01,3.669325787651382598e+01
-4.158386797093388054e+01,3.668999445309039231e+01
-4.154797031327622392e+01,3.668673102966697286e+01
-4.151207265561856730e+01,3.668346760624355340e+01
-4.147617499796091067e+01,3.668020418282011974e+01
-4.144027734030325405e+01,3.667694075939670029e+01
-4.140437968264559032e+01,3.667367733597328083e+01
-4.136848202498793370e+01,3.667041391254984717e+01
-4.133258436733027708e+01,3.666715048912642771e+01
-4.129668670967262045e+01,3.666388706570300826e+01
-4.126078905201496383e+01,3.666062364227958881e+01
-4.122489139435730721e+01,3.665736021885615514e+01
-4.118899373669964348e+01,3.665409679543273569e+01
-4.115309607904198685e+01,3.665083337200931624e+01
-4.111719842138433734e+01,3.664756994858588257e+01
-4.108130076372667361e+01,3.664430652516246312e+01
-4.104540310606901699e+01,3.664104310173904366e+01
-4.100950544841136036e+01,3.663777967831561000e+01
-4.097360779075370374e+01,3.663451625489220476e+01
-4.093771013309604001e+01,3.663125283146878530e+01
-4.090181247543839049e+01,3.662798940804533743e+01
-4.086591481778072676e+01,3.662472598462193218e+01
-4.083001716012307014e+01,3.662146256119851273e+01
-4.079411950246541352e+01,3.661819913777507907e+01
-4.075822184480775690e+01,3.661493571435165961e+01
-4.072232418715010027e+01,3.661167229092824016e+01
-4.068642652949244365e+01,3.660840886750480649e+01
-4.065052887183477992e+01,3.660514544408138704e+01
-4.061463121417712330e+01,3.660188202065796759e+01
-4.057873355651946667e+01,3.659861859723453392e+01
-4.054283589886181005e+01,3.659535517381111447e+01
-4.050693824120415343e+01,3.659209175038769501e+01
-4.047104058354649680e+01,3.658882832696427556e+01
-4.043514292588883308e+01,3.658556490354084190e+01
-4.039924526823117645e+01,3.658230148011742244e+01
-4.036334761057351983e+01,3.657903805669400299e+01
-4.032744995291586321e+01,3.657577463327058354e+01
-4.029155229525820658e+01,3.657251120984714987e+01
-4.025565463760054996e+01,3.656924778642373042e+01
-4.021975697994288623e+01,3.656598436300031096e+01
-4.018385932228522961e+01,3.656272093957687730e+01
-4.014796166462758009e+01,3.655945751615345785e+01
-4.011206400696991636e+01,3.655619409273003839e+01
-4.007616634931225974e+01,3.655293066930660473e+01
-4.004026869165460312e+01,3.654966724588318527e+01
-4.000437103399694649e+01,3.654640382245976582e+01
-3.996847337633928277e+01,3.654314039903633216e+01
-3.993257571868163325e+01,3.653987697561291270e+01
-3.989667806102396952e+01,3.653661355218949325e+01
-3.986078040336631290e+01,3.653335012876607379e+01
-3.982488274570865627e+01,3.653008670534264013e+01
-3.978898508805099965e+01,3.652682328191922068e+01
-3.975308743039333592e+01,3.652355985849580122e+01
-3.971718977273568640e+01,3.652029643507236756e+01
-3.968129211507802268e+01,3.651703301164896232e+01
-3.964539445742036605e+01,3.651376958822552865e+01
-3.960949679976270943e+01,3.651050616480209499e+01
-3.957359914210505281e+01,3.650724274137868974e+01
-3.954944980877171901e+01,3.648309340804534884e+01
-3.952530047543838521e+01,3.645894407471202214e+01
-3.950115114210505141e+01,3.643479474137868124e+01
-3.947700180877171761e+01,3.641064540804535454e+01
-3.945285247543839091e+01,3.638649607471202785e+01
-3.942870314210505001e+01,3.636234674137868694e+01
-3.940455380877171621e+01,3.633819740804534604e+01
-3.938040447543838951e+01,3.631404807471201934e+01
-3.935625514210505571e+01,3.628989874137869265e+01
-3.933210580877171481e+01,3.626574940804533753e+01
-3.930795647543838811e+01,3.624160007471201084e+01
-3.928380714210505431e+01,3.621745074137868414e+01
-3.925965780877172051e+01,3.619330140804534324e+01
-3.923550847543838671e+01,3.616915207471201654e+01
-3.921135914210505291e+01,3.614500274137868985e+01
-3.917513514210505576e+01,3.614500274137868985e+01
-3.913891114210505151e+01,3.614500274137868985e+01
-3.910268714210505436e+01,3.614500274137868985e+01
-3.906646314210505011e+01,3.614500274137868985e+01
-3.903023914210505296e+01,3.614500274137868985e+01
-3.899401514210505582e+01,3.614500274137868985e+01
-3.895779114210505156e+01,3.614500274137868985e+01
-3.892156714210505442e+01,3.614500274137868985e+01
-3.888534314210505016e+01,3.614500274137868985e+01
-3.884911914210505302e+01,3.614500274137868985e+01
-3.881289514210505587e+01,3.614500274137868985e+01
-3.877667114210505162e+01,3.614500274137868985e+01
-3.874044714210505447e+01,3.614500274137868985e+01
-3.870422314210505021e+01,3.614500274137868985e+01
-3.866799914210505307e+01,3.614500274137868985e+01
-3.863177514210505592e+01,3.614500274137868985e+01
-3.859555114210505167e+01,3.614500274137868985e+01
-3.855932714210505452e+01,3.614500274137868985e+01
-3.852310314210505027e+01,3.614500274137868985e+01
-3.848687914210505312e+01,3.614500274137868985e+01
-3.845065514210505597e+01,3.614500274137868985e+01
-3.841443114210505883e+01,3.614500274137868985e+01
-3.837820714210504747e+01,3.614500274137868985e+01
-3.834198314210505032e+01,3.614500274137868985e+01
-3.830575914210505317e+01,3.614500274137868985e+01
-3.826953514210505602e+01,3.614500274137868985e+01
-3.823331114210505888e+01,3.614500274137868985e+01
-3.819708714210504752e+01,3.614500274137868985e+01
-3.816086314210505037e+01,3.614500274137868985e+01
-3.812463914210505322e+01,3.614500274137868985e+01
-3.808841514210505608e+01,3.614500274137868985e+01
-3.805219114210505893e+01,3.614500274137868985e+01
-3.801596714210504757e+01,3.614500274137868985e+01
-3.797974314210505042e+01,3.614500274137868985e+01
-3.794351914210505328e+01,3.614500274137868985e+01
-3.790729514210505613e+01,3.614500274137868985e+01
-3.787107114210505898e+01,3.614500274137868985e+01
-3.783484714210504762e+01,3.614500274137868985e+01
-3.779862314210505048e+01,3.614500274137868985e+01
-3.776239914210505333e+01,3.614500274137868985e+01
-3.773824980877171953e+01,3.612085340804534894e+01
-3.771410047543838573e+01,3.609670407471202225e+01
-3.768995114210505903e+01,3.607255474137868134e+01
-3.766580180877171813e+01,3.604840540804535465e+01
-3.764165247543838433e+01,3.602425607471202795e+01
-3.761750314210505053e+01,3.600010674137868705e+01
-3.759335380877171673e+01,3.597595740804534614e+01
-3.756920447543839003e+01,3.595180807471201945e+01
-3.754505514210505623e+01,3.592765874137869275e+01
-3.752090580877172243e+01,3.590350940804533764e+01
-3.749675647543838863e+01,3.587936007471201094e+01
-3.747260714210504773e+01,3.585521074137868425e+01
-3.744845780877171393e+01,3.583106140804534334e+01
-3.742430847543838723e+01,3.580691207471201665e+01
-3.740015914210505343e+01,3.578276274137868995e+01
-3.736393514210505629e+01,3.578276274137868995e+01
-3.732771114210505914e+01,3.578276274137868995e+01
-3.729148714210504778e+01,3.578276274137868995e+01
-3.725526314210505063e+01,3.578276274137868995e+01
-3.721903914210505349e+01,3.578276274137868995e+01
-3.718281514210505634e+01,3.578276274137868995e+01
-3.714659114210505919e+01,3.578276274137868995e+01
-3.711036714210504783e+01,3.578276274137868995e+01
-3.707414314210505069e+01,3.578276274137868995e+01
-3.703791914210505354e+01,3.578276274137868995e+01
-3.700169514210505639e+01,3.578276274137868995e+01
-3.696547114210505924e+01,3.578276274137868995e+01
-3.692924714210504789e+01,3.578276274137868995e+01
-3.689302314210505074e+01,3.578276274137868995e+01
-3.685679914210505359e+01,3.578276274137868995e+01
-3.682057514210505644e+01,3.578276274137868995e+01
-3.678435114210505930e+01,3.578276274137868995e+01
-3.674812714210504794e+01,3.578276274137868995e+01
-3.671190314210505079e+01,3.578276274137868995e+01
-3.667567914210505364e+01,3.578276274137868995e+01
-3.663945514210505650e+01,3.578276274137868995e+01
-3.660323114210505935e+01,3.578276274137868995e+01
-3.656700714210504799e+01,3.578276274137868995e+01
-3.653078314210505084e+01,3.578276274137868995e+01
-3.649455914210505370e+01,3.578276274137868995e+01
-3.645833514210505655e+01,3.578276274137868995e+01
-3.642211114210505940e+01,3.578276274137868995e+01
-3.638588714210504804e+01,3.578276274137868995e+01
-3.634966314210505089e+01,3.578276274137868995e+01
-3.631343914210505375e+01,3.578276274137868995e+01
-3.628928980877171995e+01,3.575861340804534905e+01
-3.626514047543838615e+01,3.573446407471202235e+01
-3.624099114210505945e+01,3.571031474137868145e+01
-3.621684180877171144e+01,3.568616540804535475e+01
-3.619269247543838475e+01,3.566201607471202806e+01
-3.616854314210505095e+01,3.563786674137868715e+01
-3.614439380877171715e+01,3.561371740804534625e+01
-3.612024447543839045e+01,3.558956807471201955e+01
-3.609609514210505665e+01,3.556541874137867865e+01
-3.607194580877172285e+01,3.554126940804533774e+01
-3.604779647543838905e+01,3.551712007471201105e+01
-3.602364714210504815e+01,3.549297074137868435e+01
-3.599949780877171435e+01,3.546882140804534345e+01
-3.597534847543838765e+01,3.544467207471201675e+01
-3.595119914210505385e+01,3.542052274137869006e+01
-3.591497514210505670e+01,3.542052274137869006e+01
-3.587875114210505956e+01,3.542052274137869006e+01
-3.584252714210504820e+01,3.542052274137869006e+01
-3.580630314210505105e+01,3.542052274137869006e+01
-3.577007914210505390e+01,3.542052274137869006e+01
-3.573385514210505676e+01,3.542052274137869006e+01
-3.569763114210505961e+01,3.542052274137869006e+01
-3.566140714210504825e+01,3.542052274137869006e+01
-3.562518314210505110e+01,3.542052274137869006e+01
-3.558895914210505396e+01,3.542052274137869006e+01
-3.555273514210505681e+01,3.542052274137869006e+01
-3.551651114210505966e+01,3.542052274137869006e+01
-3.548028714210504830e+01,3.542052274137869006e+01
-3.544406314210505116e+01,3.542052274137869006e+01
-3.540783914210505401e+01,3.542052274137869006e+01
-3.537161514210505686e+01,3.542052274137869006e+01
-3.533539114210505971e+01,3.542052274137869006e+01
-3.529916714210504836e+01,3.542052274137869006e+01
-3.526294314210505121e+01,3.542052274137869006e+01
-3.522671914210505406e+01,3.542052274137869006e+01
-3.519049514210505691e+01,3.542052274137869006e+01
-3.515427114210505977e+01,3.542052274137869006e+01
-3.511804714210504841e+01,3.542052274137869006e+01
-3.508182314210505126e+01,3.542052274137869006e+01
-3.504559914210505411e+01,3.542052274137869006e+01
-3.500937514210505697e+01,3.542052274137869006e+01
-3.497315114210505982e+01,3.542052274137869006e+01
-3.493692714210504846e+01,3.542052274137869006e+01
-3.490070314210505131e+01,3.542052274137869006e+01
-3.486447914210505417e+01,3.542052274137869006e+01
-3.482825514210505702e+01,3.542052274137869006e+01
-3.479203114210505987e+01,3.542052274137869006e+01
-3.475580714210504851e+01,3.542052274137869006e+01
-3.471958314210505137e+01,3.542052274137869006e+01
-3.468335914210505422e+01,3.542052274137869006e+01
-3.464713514210505707e+01,3.542052274137869006e+01
-3.461091114210505992e+01,3.542052274137869006e+01
-3.457468714210504857e+01,3.542052274137869006e+01
-3.453846314210505142e+01,3.542052274137869006e+01
-3.450223914210505427e+01,3.542052274137869006e+01
-3.446601514210505712e+01,3.542052274137869006e+01
-3.442979114210505998e+01,3.542052274137869006e+01
-3.439356714210504862e+01,3.542052274137869006e+01
-3.435734314210505147e+01,3.542052274137869006e+01
-3.432111914210505432e+01,3.542052274137869006e+01
-3.428489514210505718e+01,3.542052274137869006e+01
-3.424867114210506003e+01,3.542052274137869006e+01
-3.421244714210504867e+01,3.542052274137869006e+01
-3.417622314210505152e+01,3.542052274137869006e+01
-3.413999914210505437e+01,3.542052274137869006e+01
-3.411584980877172057e+01,3.539637340804534915e+01
-3.409170047543838677e+01,3.537222407471202246e+01
-3.406755114210506008e+01,3.534807474137868155e+01
-3.404340180877171207e+01,3.532392540804535486e+01
-3.401925247543838537e+01,3.529977607471202816e+01
-3.399510314210505157e+01,3.527562674137868726e+01
-3.397095380877171777e+01,3.525147740804534635e+01
-3.394680447543838397e+01,3.522732807471201966e+01
-3.392265514210505728e+01,3.520317874137867875e+01
-3.389850580877172348e+01,3.517902940804533785e+01
-3.387435647543838968e+01,3.515488007471201115e+01
-3.385020714210504877e+01,3.513073074137868446e+01
-3.382605780877171497e+01,3.510658140804534355e+01
-3.380190847543838828e+01,3.508243207471201686e+01
-3.377775914210505448e+01,3.505828274137869016e+01
-3.374177503614478724e+01,3.505588380098133428e+01
-3.370579093018452710e+01,3.505348486058397839e+01
-3.366980682422425986e+01,3.505108592018663671e+01
-3.363382271826399972e+01,3.504868697978928083e+01
-3.359783861230373248e+01,3.504628803939192494e+01
-3.356185450634345813e+01,3.504388909899458326e+01
-3.352587040038319799e+01,3.504149015859722738e+01
-3.348988629442293075e+01,3.503909121819987149e+01
-3.345390218846267061e+01,3.503669227780252982e+01
-3.341791808250240337e+01,3.503429333740517393e+01
-3.338193397654214323e+01,3.503189439700781804e+01
-3.334594987058187598e+01,3.502949545661047637e+01
-3.330996576462161585e+01,3.502709651621312048e+01
-3.327398165866134860e+01,3.502469757581576459e+01
-3.323799755270108136e+01,3.502229863541842292e+01
-3.320201344674080701e+01,3.501989969502106703e+01
-3.316602934078054687e+01,3.501750075462371115e+01
-3.313004523482027963e+01,3.501510181422636947e+01
-3.309406112886001949e+01,3.501270287382901358e+01
-3.305807702289975225e+01,3.501030393343167191e+01
-3.302209291693949211e+01,3.500790499303431602e+01
-3.298610881097922487e+01,3.500550605263696013e+01
-3.295012470501896473e+01,3.500310711223961846e+01
-3.291414059905869749e+01,3.500070817184226257e+01
-3.287815649309843735e+01,3.499830923144490669e+01
-3.284217238713816300e+01,3.499591029104756501e+01
-3.280618828117789576e+01,3.499351135065020912e+01
-3.277020417521763562e+01,3.499111241025285324e+01
-3.273422006925736838e+01,3.498871346985551156e+01
-3.269823596329710824e+01,3.498631452945815568e+01
-3.266225185733684100e+01,3.498391558906079979e+01
-3.262626775137658086e+01,3.498151664866345811e+01
-3.259028364541631362e+01,3.497911770826610223e+01
-3.255429953945605348e+01,3.497671876786874634e+01
-3.251831543349578624e+01,3.497431982747140466e+01
-3.248233132753551189e+01,3.497192088707404878e+01
-3.244634722157525175e+01,3.496952194667669289e+01
-3.241036311561498451e+01,3.496712300627935122e+01
-3.237437900965471727e+01,3.496472406588198112e+01
-3.233839490369445713e+01,3.496232512548465365e+01
-3.230241079773418988e+01,3.495992618508728356e+01
-3.226642669177392975e+01,3.495752724468994188e+01
-3.223044258581366250e+01,3.495512830429258599e+01
-3.219445847985340237e+01,3.495272936389524432e+01
-3.215847437389313512e+01,3.495033042349788843e+01
-3.212249026793286077e+01,3.494793148310054676e+01
-3.208650616197260064e+01,3.494553254270317666e+01
-3.205052205601233339e+01,3.494313360230583498e+01
-3.201453795005207326e+01,3.494073466190847910e+01
-3.197855384409180601e+01,3.493833572151113742e+01
-3.194256973813154588e+01,3.493593678111378154e+01
-3.190658563217127863e+01,3.493353784071643986e+01
-3.187060152621101849e+01,3.493113890031906976e+01
-3.183461742025075125e+01,3.492873995992172809e+01
-3.179863331429049111e+01,3.492634101952437220e+01
-3.176264920833021677e+01,3.492394207912703052e+01
-3.172666510236994952e+01,3.492154313872967464e+01
-3.169068099640968939e+01,3.491914419833233296e+01
-3.165469689044942214e+01,3.491674525793496286e+01
-3.161871278448916200e+01,3.491434631753762119e+01
-3.158272867852889476e+01,3.491194737714026530e+01
-3.154674457256862752e+01,3.490954843674292363e+01
-3.151076046660836738e+01,3.490714949634556774e+01
-3.147477636064810014e+01,3.490475055594822607e+01
-3.143879225468784000e+01,3.490235161555087018e+01
-3.140280814872756565e+01,3.489995267515352850e+01
-3.136682404276729841e+01,3.489755373475615841e+01
-3.133083993680703827e+01,3.489515479435881673e+01
-3.129485583084677103e+01,3.489275585396146084e+01
-3.125887172488651089e+01,3.489035691356411917e+01
-3.122288761892624365e+01,3.488795797316676328e+01
-3.118690351296598351e+01,3.488555903276942161e+01
-3.115091940700571627e+01,3.488316009237205151e+01
-3.111493530104545613e+01,3.488076115197470983e+01
-3.107895119508518889e+01,3.487836221157735395e+01
-3.104296708912491454e+01,3.487596327118001227e+01
-3.100698298316465440e+01,3.487356433078265638e+01
-3.097099887720438716e+01,3.487116539038531471e+01
-3.093501477124412702e+01,3.486876644998794461e+01
-3.089903066528385978e+01,3.486636750959060294e+01
-3.086304655932359964e+01,3.486396856919324705e+01
-3.082706245336333239e+01,3.486156962879590537e+01
-3.079107834740307226e+01,3.485917068839854949e+01
-3.075509424144280501e+01,3.485677174800120781e+01
-3.071911013548253777e+01,3.485437280760383771e+01
-3.068312602952226342e+01,3.485197386720651025e+01
-3.064714192356200329e+01,3.484957492680914015e+01
-3.061115781760173604e+01,3.484717598641179848e+01
-3.057517371164147590e+01,3.484477704601444259e+01
-3.053918960568120866e+01,3.484237810561710091e+01
-3.050320549972094852e+01,3.483997916521974503e+01
-3.046722139376068128e+01,3.483758022482240335e+01
-3.043123728780042114e+01,3.483518128442503325e+01
-3.039525318184015390e+01,3.483278234402769158e+01
-3.035926907587989376e+01,3.483038340363033569e+01
-3.032328496991961941e+01,3.482798446323299402e+01
-3.028730086395935217e+01,3.482558552283563813e+01
-3.025131675799909203e+01,3.482318658243829645e+01
-3.021533265203882479e+01,3.482078764204092636e+01
-3.017934854607856465e+01,3.481838870164358468e+01
-3.014336444011829741e+01,3.481598976124622880e+01
-3.010738033415803727e+01,3.481359082084888712e+01
-3.007139622819777003e+01,3.481119188045153123e+01
-3.003541212223750989e+01,3.480879294005418956e+01
-2.999942801627724265e+01,3.480639399965681946e+01
-2.996344391031697540e+01,3.480399505925949200e+01
-2.992745980435670816e+01,3.480159611886212190e+01
-2.989147569839644092e+01,3.479919717846478022e+01
-2.985549159243617368e+01,3.479679823806742434e+01
-2.981950748647591354e+01,3.479439929767008266e+01
-2.978352338051564629e+01,3.479200035727272677e+01
-2.974753927455538616e+01,3.478960141687538510e+01
-2.971155516859511891e+01,3.478720247647801500e+01
-2.967557106263485878e+01,3.478480353608067333e+01
-2.963958695667459153e+01,3.478240459568331744e+01
-2.960360285071431719e+01,3.478000565528596155e+01
-2.956761874475405705e+01,3.477760671488861988e+01
-2.953163463879378980e+01,3.477520777449126399e+01
-2.949565053283352967e+01,3.477280883409390810e+01
-2.945966642687326242e+01,3.477040989369656643e+01
-2.942368232091300229e+01,3.476801095329921054e+01
-2.938769821495273504e+01,3.476561201290185465e+01
-2.935171410899247491e+01,3.476321307250451298e+01
-2.931573000303220766e+01,3.476081413210715709e+01
-2.927974589707194752e+01,3.475841519170980121e+01
-2.924376179111168028e+01,3.475601625131245953e+01
-2.920777768515140593e+01,3.475361731091510364e+01
-2.917179357919114580e+01,3.475121837051776197e+01
-2.913580947323087855e+01,3.474881943012040608e+01
-2.909982536727061841e+01,3.474642048972305020e+01
-2.906384126131035117e+01,3.474402154932570852e+01
-2.902785715535008393e+01,3.474162260892835263e+01
-2.899187304938982379e+01,3.473922366853099675e+01
-2.895588894342955655e+01,3.473682472813365507e+01
-2.891990483746929641e+01,3.473442578773629918e+01
-2.888392073150902206e+01,3.473202684733894330e+01
-2.884793662554875482e+01,3.472962790694160162e+01
-2.881195251958849468e+01,3.472722896654424574e+01
-2.877596841362822744e+01,3.472483002614688985e+01
-2.873998430766796730e+01,3.472243108574954817e+01
-2.870400020170770006e+01,3.472003214535219229e+01
-2.866801609574743992e+01,3.471763320495483640e+01
-2.863203198978717268e+01,3.471523426455749473e+01
-2.859604788382691254e+01,3.471283532416013884e+01
-2.856006377786664530e+01,3.471043638376278295e+01
-2.852407967190638516e+01,3.470803744336544128e+01
-2.848809556594611081e+01,3.470563850296808539e+01
-2.845211145998584357e+01,3.470323956257072950e+01
-2.841612735402558343e+01,3.470084062217338783e+01
-2.838014324806531619e+01,3.469844168177603194e+01
-2.834415914210505605e+01,3.469604274137869027e+01
-2.832000980877172225e+01,3.467189340804534936e+01
-2.829586047543838845e+01,3.464774407471202267e+01
-2.827171114210505465e+01,3.462359474137868176e+01
-2.824756180877171374e+01,3.459944540804535507e+01
-2.822341247543837994e+01,3.457529607471202837e+01
-2.819926314210505325e+01,3.455114674137868747e+01
-2.817511380877171945e+01,3.452699740804534656e+01
-2.815096447543838565e+01,3.450284807471201987e+01
-2.812681514210505185e+01,3.447869874137867896e+01
-2.810266580877172515e+01,3.445454940804533805e+01
-2.807851647543839135e+01,3.443040007471201136e+01
-2.805436714210505045e+01,3.440625074137868467e+01
-2.803021780877171665e+01,3.438210140804534376e+01
-2.800606847543838285e+01,3.435795207471201707e+01
-2.798191914210505615e+01,3.433380274137869037e+01
-2.794569514210505190e+01,3.433380274137869037e+01
-2.790947114210505475e+01,3.433380274137869037e+01
-2.787324714210505050e+01,3.433380274137869037e+01
-2.783702314210505335e+01,3.433380274137869037e+01
-2.780079914210505621e+01,3.433380274137869037e+01
-2.776457514210505195e+01,3.433380274137869037e+01
-2.772835114210505481e+01,3.433380274137869037e+01
-2.769212714210505055e+01,3.433380274137869037e+01
-2.765590314210505340e+01,3.433380274137869037e+01
-2.761967914210505626e+01,3.433380274137869037e+01
-2.758345514210505200e+01,3.433380274137869037e+01
-2.754723114210505486e+01,3.433380274137869037e+01
-2.751100714210505060e+01,3.433380274137869037e+01
-2.747478314210505346e+01,3.433380274137869037e+01
-2.743855914210505631e+01,3.433380274137869037e+01
-2.740233514210505206e+01,3.433380274137869037e+01
-2.736611114210505491e+01,3.433380274137869037e+01
-2.732988714210505066e+01,3.433380274137869037e+01
-2.729366314210505351e+01,3.433380274137869037e+01
-2.725743914210505636e+01,3.433380274137869037e+01
-2.722121514210505211e+01,3.433380274137869037e+01
-2.718499114210505496e+01,3.433380274137869037e+01
-2.714876714210505071e+01,3.433380274137869037e+01
-2.711254314210505356e+01,3.433380274137869037e+01
-2.707631914210505641e+01,3.433380274137869037e+01
-2.704009514210505216e+01,3.433380274137869037e+01
-2.700387114210505501e+01,3.433380274137869037e+01
-2.696764714210505076e+01,3.433380274137869037e+01
-2.693142314210505361e+01,3.433380274137869037e+01
-2.689519914210505647e+01,3.433380274137869037e+01
-2.687104980877172267e+01,3.435795207471201707e+01
-2.684690047543838887e+01,3.438210140804534376e+01
-2.682275114210505507e+01,3.440625074137868467e+01
-2.679860180877171416e+01,3.443040007471201136e+01
-2.677445247543838036e+01,3.445454940804533805e+01
-2.675030314210505367e+01,3.447869874137867896e+01
-2.672615380877171987e+01,3.450284807471201987e+01
-2.670200447543838607e+01,3.452699740804534656e+01
-2.667785514210505227e+01,3.455114674137868747e+01
-2.665370580877172557e+01,3.457529607471202837e+01
-2.662955647543839177e+01,3.459944540804535507e+01
-2.660540714210505087e+01,3.462359474137868176e+01
-2.658125780877171707e+01,3.464774407471202267e+01
-2.655710847543838327e+01,3.467189340804534936e+01
-2.653295914210504947e+01,3.469604274137869027e+01
-2.649673514210505232e+01,3.469604274137869027e+01
-2.646051114210505517e+01,3.469604274137869027e+01
-2.642428714210505092e+01,3.469604274137869027e+01
-2.638806314210505377e+01,3.469604274137869027e+01
-2.635183914210504952e+01,3.469604274137869027e+01
-2.631561514210505237e+01,3.469604274137869027e+01
-2.627939114210505522e+01,3.469604274137869027e+01
-2.624316714210505097e+01,3.469604274137869027e+01
-2.620694314210505382e+01,3.469604274137869027e+01
-2.617071914210504957e+01,3.469604274137869027e+01
-2.613449514210505242e+01,3.469604274137869027e+01
-2.609827114210505528e+01,3.469604274137869027e+01
-2.606204714210505102e+01,3.469604274137869027e+01
-2.602582314210505388e+01,3.469604274137869027e+01
-2.598959914210504962e+01,3.469604274137869027e+01
-2.595337514210505248e+01,3.469604274137869027e+01
-2.591715114210505533e+01,3.469604274137869027e+01
-2.588092714210505108e+01,3.469604274137869027e+01
-2.584470314210505393e+01,3.469604274137869027e+01
-2.580847914210504968e+01,3.469604274137869027e+01
-2.577225514210505253e+01,3.469604274137869027e+01
-2.573603114210505538e+01,3.469604274137869027e+01
-2.569980714210505113e+01,3.469604274137869027e+01
-2.566358314210505398e+01,3.469604274137869027e+01
-2.562735914210504973e+01,3.469604274137869027e+01
-2.559113514210505258e+01,3.469604274137869027e+01
-2.555491114210505543e+01,3.469604274137869027e+01
-2.551868714210505118e+01,3.469604274137869027e+01
-2.548246314210505403e+01,3.469604274137869027e+01
-2.544623914210504978e+01,3.469604274137869027e+01
-2.541001514210505263e+01,3.469604274137869027e+01
-2.537379114210505548e+01,3.469604274137869027e+01
-2.533756714210505123e+01,3.469604274137869027e+01
-2.530134314210505408e+01,3.469604274137869027e+01
-2.526511914210504983e+01,3.469604274137869027e+01
-2.522889514210505268e+01,3.469604274137869027e+01
-2.519267114210505554e+01,3.469604274137869027e+01
-2.515644714210505128e+01,3.469604274137869027e+01
-2.512022314210505414e+01,3.469604274137869027e+01
-2.508399914210504988e+01,3.469604274137869027e+01
-2.504777514210505274e+01,3.469604274137869027e+01
-2.501155114210505559e+01,3.469604274137869027e+01
-2.497532714210505134e+01,3.469604274137869027e+01
-2.493910314210505419e+01,3.469604274137869027e+01
-2.490287914210504994e+01,3.469604274137869027e+01
-2.486665514210505279e+01,3.469604274137869027e+01
-2.483043114210505564e+01,3.469604274137869027e+01
-2.479420714210505139e+01,3.469604274137869027e+01
-2.475798314210505424e+01,3.469604274137869027e+01
-2.472175914210504999e+01,3.469604274137869027e+01
-2.468553514210505284e+01,3.469604274137869027e+01
-2.464931114210505569e+01,3.469604274137869027e+01
-2.461308714210505144e+01,3.469604274137869027e+01
-2.457686314210505429e+01,3.469604274137869027e+01
-2.454063914210505004e+01,3.469604274137869027e+01
-2.450441514210505289e+01,3.469604274137869027e+01
-2.446819114210505575e+01,3.469604274137869027e+01
-2.443196714210505149e+01,3.469604274137869027e+01
-2.439574314210505435e+01,3.469604274137869027e+01
-2.435951914210505009e+01,3.469604274137869027e+01
-2.432329514210505295e+01,3.469604274137869027e+01
-2.428707114210505580e+01,3.469604274137869027e+01
-2.425084714210505155e+01,3.469604274137869027e+01
-2.421462314210504729e+01,3.469604274137869027e+01
-2.417839914210505015e+01,3.469604274137869027e+01
-2.414217514210505300e+01,3.469604274137869027e+01
-2.410595114210505585e+01,3.469604274137869027e+01
-2.406972714210505160e+01,3.469604274137869027e+01
-2.403350314210504735e+01,3.469604274137869027e+01
-2.399727914210505020e+01,3.469604274137869027e+01
-2.397312980877172350e+01,3.472019207471201696e+01
-2.394898047543838970e+01,3.474434140804534366e+01
-2.392483114210505590e+01,3.476849074137868456e+01
-2.390068180877171500e+01,3.479264007471201126e+01
-2.387653247543838120e+01,3.481678940804533795e+01
-2.385238314210504740e+01,3.484093874137867886e+01
-2.382823380877172070e+01,3.486508807471201976e+01
-2.380408447543838690e+01,3.488923740804534646e+01
-2.377993514210505310e+01,3.491338674137868736e+01
-2.375578580877172641e+01,3.493753607471202827e+01
-2.373163647543839261e+01,3.496168540804535496e+01
-2.370748714210505170e+01,3.498583474137868166e+01
-2.368333780877171790e+01,3.500998407471202256e+01
-2.365918847543838410e+01,3.503413340804534926e+01
-2.363503914210505030e+01,3.505828274137869016e+01
-2.359881514210505316e+01,3.505828274137869016e+01
-2.356259114210505601e+01,3.505828274137869016e+01
-2.352636714210505176e+01,3.505828274137869016e+01
-2.349014314210504750e+01,3.505828274137869016e+01
-2.345391914210505035e+01,3.505828274137869016e+01
-2.341769514210505321e+01,3.505828274137869016e+01
-2.338147114210505606e+01,3.505828274137869016e+01
-2.334524714210505181e+01,3.505828274137869016e+01
-2.330902314210504755e+01,3.505828274137869016e+01
-2.327279914210505041e+01,3.505828274137869016e+01
-2.323657514210505326e+01,3.505828274137869016e+01
-2.320035114210505611e+01,3.505828274137869016e+01
-2.316412714210505186e+01,3.505828274137869016e+01
-2.312790314210504761e+01,3.505828274137869016e+01
-2.309167914210505046e+01,3.505828274137869016e+01
-2.305545514210505331e+01,3.505828274137869016e+01
-2.301923114210505616e+01,3.505828274137869016e+01
-2.298300714210505191e+01,3.505828274137869016e+01
-2.294678314210504766e+01,3.505828274137869016e+01
-2.291055914210505051e+01,3.505828274137869016e+01
-2.287433514210505336e+01,3.505828274137869016e+01
-2.283811114210505622e+01,3.505828274137869016e+01
-2.280188714210505196e+01,3.505828274137869016e+01
-2.276566314210504771e+01,3.505828274137869016e+01
-2.272943914210505056e+01,3.505828274137869016e+01
-2.269321514210505342e+01,3.505828274137869016e+01
-2.265699114210505627e+01,3.505828274137869016e+01
-2.262076714210505202e+01,3.505828274137869016e+01
-2.258454314210504776e+01,3.505828274137869016e+01
-2.254831914210505062e+01,3.505828274137869016e+01
-2.251209514210505347e+01,3.505828274137869016e+01
-2.247587114210505632e+01,3.505828274137869016e+01
-2.243964714210505207e+01,3.505828274137869016e+01
-2.240342314210504782e+01,3.505828274137869016e+01
-2.236719914210505067e+01,3.505828274137869016e+01
-2.233097514210505352e+01,3.505828274137869016e+01
-2.229475114210505637e+01,3.505828274137869016e+01
-2.225852714210505212e+01,3.505828274137869016e+01
-2.222230314210504787e+01,3.505828274137869016e+01
-2.218607914210505072e+01,3.505828274137869016e+01
-2.216192980877172403e+01,3.508243207471201686e+01
-2.213778047543839023e+01,3.510658140804534355e+01
-2.211363114210505643e+01,3.513073074137868446e+01
-2.208948180877171552e+01,3.515488007471201115e+01
-2.206533247543838172e+01,3.517902940804533785e+01
-2.204118314210504792e+01,3.520317874137867875e+01
-2.201703380877172123e+01,3.522732807471201966e+01
-2.199288447543838743e+01,3.525147740804534635e+01
-2.196873514210505363e+01,3.527562674137868726e+01
-2.194458580877171983e+01,3.529977607471202816e+01
-2.192043647543839313e+01,3.532392540804535486e+01
-2.189628714210505223e+01,3.534807474137868155e+01
-2.187213780877171843e+01,3.537222407471202246e+01
-2.184798847543838463e+01,3.539637340804534915e+01
-2.182383914210505083e+01,3.542052274137869006e+01
-2.178761514210505368e+01,3.542052274137869006e+01
-2.175139114210505653e+01,3.542052274137869006e+01
-2.171516714210504517e+01,3.542052274137869006e+01
-2.167894314210504803e+01,3.542052274137869006e+01
-2.164271914210505088e+01,3.542052274137869006e+01
-2.160649514210505373e+01,3.542052274137869006e+01
-2.157027114210505658e+01,3.542052274137869006e+01
-2.153404714210504522e+01,3.542052274137869006e+01
-2.149782314210504808e+01,3.542052274137869006e+01
-2.146159914210505093e+01,3.542052274137869006e+01
-2.142537514210505378e+01,3.542052274137869006e+01
-2.138915114210505664e+01,3.542052274137869006e+01
-2.135292714210504528e+01,3.542052274137869006e+01
-2.131670314210504813e+01,3.542052274137869006e+01
-2.128047914210505098e+01,3.542052274137869006e+01
-2.124425514210505384e+01,3.542052274137869006e+01
-2.120803114210505669e+01,3.542052274137869006e+01
-2.117180714210504533e+01,3.542052274137869006e+01
-2.113558314210504818e+01,3.542052274137869006e+01
-2.109935914210505103e+01,3.542052274137869006e+01
-2.106701628496219314e+01,3.543669416995011545e+01
-2.103467342781934235e+01,3.545286559852154085e+01
-2.100233057067648446e+01,3.546903702709296624e+01
-2.096998771353361946e+01,3.548520845566440585e+01
-2.093764485639076156e+01,3.550137988423581703e+01
-2.090530199924791077e+01,3.551755131280725664e+01
-2.087295914210505288e+01,3.553372274137868203e+01
-2.084061628496219498e+01,3.554989416995010743e+01
-2.080827342781934419e+01,3.556606559852154703e+01
-2.077593057067647919e+01,3.558223702709295821e+01
-2.074358771353362840e+01,3.559840845566439782e+01
-2.071124485639076340e+01,3.561457988423582322e+01
-2.067890199924791261e+01,3.563075131280724861e+01
-2.064655914210504761e+01,3.564692274137868822e+01
-2.061421628496219682e+01,3.566309416995011361e+01
-2.058187342781934603e+01,3.567926559852153900e+01
-2.054953057067648103e+01,3.569543702709296440e+01
-2.051718771353361603e+01,3.571160845566440400e+01
-2.048484485639076524e+01,3.572777988423582940e+01
-2.045250199924791445e+01,3.574395131280725479e+01
-2.042015914210504945e+01,3.576012274137868019e+01
-2.038781628496219867e+01,3.577629416995011979e+01
-2.035547342781934788e+01,3.579246559852154519e+01
-2.032313057067648288e+01,3.580863702709295637e+01
-2.029078771353361788e+01,3.582480845566441019e+01
-2.025844485639076709e+01,3.584097988423582137e+01
-2.022610199924791630e+01,3.585715131280724677e+01
-2.019375914210505130e+01,3.587332274137868637e+01
-2.016141628496218630e+01,3.588949416995011177e+01
-2.012907342781934972e+01,3.590566559852153716e+01
-2.009673057067648472e+01,3.592183702709296256e+01
-2.006438771353361972e+01,3.593800845566440216e+01
-2.003204485639076893e+01,3.595417988423582756e+01
-1.999970199924791814e+01,3.597035131280725295e+01
-1.996735914210505314e+01,3.598652274137867835e+01
-1.993501628496218814e+01,3.600269416995011795e+01
-1.990267342781933735e+01,3.601886559852154335e+01
-1.987033057067648656e+01,3.603503702709296874e+01
-1.983798771353362156e+01,3.605120845566440835e+01
-1.980564485639075656e+01,3.606737988423581953e+01
-1.977330199924790577e+01,3.608355131280725914e+01
-1.974095914210505498e+01,3.609972274137868453e+01
-1.970861628496218998e+01,3.611589416995010993e+01
-1.967627342781933919e+01,3.613206559852154953e+01
-1.964393057067648840e+01,3.614823702709296072e+01
-1.961158771353362340e+01,3.616440845566440032e+01
-1.957924485639075840e+01,3.618057988423582572e+01
-1.954690199924790761e+01,3.619675131280725111e+01
-1.951455914210505682e+01,3.621292274137869072e+01
-1.948221628496219182e+01,3.622909416995011611e+01
-1.944987342781934103e+01,3.624526559852154151e+01
-1.941753057067647603e+01,3.626143702709296690e+01
-1.938518771353362524e+01,3.627760845566440651e+01
-1.935284485639076024e+01,3.629377988423581769e+01
-1.932050199924790945e+01,3.630995131280725730e+01
-1.928815914210505866e+01,3.632612274137868269e+01
-1.925581628496219366e+01,3.634229416995010808e+01
-1.922347342781934287e+01,3.635846559852154769e+01
-1.919113057067647787e+01,3.637463702709295887e+01
-1.915878771353362708e+01,3.639080845566439848e+01
-1.912644485639076208e+01,3.640697988423582387e+01
-1.909410199924791129e+01,3.642315131280724927e+01
-1.906175914210504629e+01,3.643932274137868887e+01
-1.902941628496219550e+01,3.645549416995011427e+01
-1.899707342781934472e+01,3.647166559852153966e+01
-1.896473057067647972e+01,3.648783702709296506e+01
-1.893238771353362893e+01,3.650400845566440466e+01
-1.890004485639076393e+01,3.652017988423583006e+01
-1.886770199924791314e+01,3.653635131280725545e+01
-1.883535914210504814e+01,3.655252274137868085e+01
-1.880301628496219735e+01,3.656869416995012045e+01
-1.877067342781934656e+01,3.658486559852154585e+01
-1.873833057067648156e+01,3.660103702709295703e+01
-1.870598771353361656e+01,3.661720845566441085e+01
-1.867364485639076577e+01,3.663337988423582203e+01
-1.864130199924791498e+01,3.664955131280724743e+01
-1.860895914210504998e+01,3.666572274137868703e+01
-1.857661628496219919e+01,3.668189416995011243e+01
-1.854427342781934840e+01,3.669806559852153782e+01
-1.851193057067648340e+01,3.671423702709296322e+01
-1.847958771353361840e+01,3.673040845566440282e+01
-1.844724485639076761e+01,3.674657988423582822e+01
-1.841490199924791682e+01,3.676275131280725361e+01
-1.838255914210505182e+01,3.677892274137867901e+01
-1.835021628496218682e+01,3.679509416995011861e+01
-1.831787342781933603e+01,3.681126559852154401e+01
-1.828553057067648524e+01,3.682743702709296940e+01
-1.825318771353362024e+01,3.684360845566440901e+01
-1.822084485639076945e+01,3.685977988423582019e+01
-1.818850199924791866e+01,3.687595131280725980e+01
-1.815615914210505366e+01,3.689212274137868519e+01
-1.812381628496218866e+01,3.690829416995011059e+01
-1.809147342781933787e+01,3.692446559852155019e+01
-1.805913057067648708e+01,3.694063702709296138e+01
-1.802678771353362208e+01,3.695680845566440098e+01
-1.799444485639075708e+01,3.697297988423582638e+01
-1.796210199924790629e+01,3.698915131280725177e+01
-1.792975914210505550e+01,3.700532274137867716e+01
-1.789741628496219050e+01,3.702149416995011677e+01
-1.786507342781933971e+01,3.703766559852154217e+01
-1.783273057067648892e+01,3.705383702709296756e+01
-1.780038771353362392e+01,3.707000845566440717e+01
-1.776804485639075892e+01,3.708617988423581835e+01
-1.773570199924790813e+01,3.710235131280725795e+01
-1.770335914210505734e+01,3.711852274137868335e+01
-1.767101628496219234e+01,3.713469416995010874e+01
-1.763867342781934155e+01,3.715086559852154835e+01
-1.760633057067647655e+01,3.716703702709295953e+01
-1.757398771353362577e+01,3.718320845566439914e+01
-1.754164485639076076e+01,3.719937988423582453e+01
-1.750930199924790998e+01,3.721555131280724993e+01
-1.747695914210505919e+01,3.723172274137868953e+01
-1.745168658396551109e+01,3.725699529951820921e+01
-1.742641402582597721e+01,3.728226785765775730e+01
-1.740114146768644332e+01,3.730754041579729119e+01
-1.737586890954690944e+01,3.733281297393682507e+01
-1.735059635140737555e+01,3.735808553207635896e+01
-1.732532379326784167e+01,3.738335809021589284e+01
-1.730005123512830778e+01,3.740863064835542673e+01
-1.727477867698877390e+01,3.743390320649496061e+01
-1.724950611884924001e+01,3.745917576463449450e+01
-1.722423356070970613e+01,3.748444832277404259e+01
-1.719896100257017224e+01,3.750972088091356227e+01
-1.717368844443062414e+01,3.753499343905309615e+01
-1.714841588629110447e+01,3.756026599719264425e+01
-1.712314332815155637e+01,3.758553855533217813e+01
-1.709787077001203670e+01,3.761081111347169781e+01
-1.707259821187248860e+01,3.763608367161124590e+01
-1.704732565373296893e+01,3.766135622975077979e+01
-1.702205309559342084e+01,3.768662878789031367e+01
-1.699678053745388695e+01,3.771190134602983335e+01
-1.697150797931435307e+01,3.773717390416938144e+01
-1.694623542117481918e+01,3.776244646230891533e+01
-1.692096286303528530e+01,3.778771902044844921e+01
-1.689569030489575141e+01,3.781299157858798310e+01
-1.687041774675621753e+01,3.783826413672753119e+01
-1.684514518861668364e+01,3.786353669486705087e+01
-1.681987263047713554e+01,3.788880925300658475e+01
-1.679460007233761587e+01,3.791408181114611864e+01
-1.676932751419806777e+01,3.793935436928566673e+01
-1.674405495605854810e+01,3.796462692742518641e+01
-1.671878239791900000e+01,3.798989948556473450e+01
-1.669350983977948033e+01,3.801517204370426839e+01
-1.666823728163993223e+01,3.804044460184380227e+01
-1.664296472350041256e+01,3.806571715998333616e+01
-1.661769216536086446e+01,3.809098971812287004e+01
-1.659241960722133058e+01,3.811626227626240393e+01
-1.656714704908179669e+01,3.814153483440193781e+01
-1.654187449094226281e+01,3.816680739254147170e+01
-1.651660193280272892e+01,3.819207995068100558e+01
-1.649132937466319504e+01,3.821735250882053947e+01
-1.646605681652366115e+01,3.824262506696007335e+01
-1.644078425838412727e+01,3.826789762509962145e+01
-1.641551170024459338e+01,3.829317018323915534e+01
-1.639023914210505950e+01,3.831844274137868922e+01
-1.635401514210505525e+01,3.831844274137868922e+01
-1.631779114210505099e+01,3.831844274137868922e+01
-1.628156714210504674e+01,3.831844274137868922e+01
-1.624534314210505670e+01,3.831844274137868922e+01
-1.620911914210505245e+01,3.831844274137868922e+01
-1.617289514210504819e+01,3.831844274137868922e+01
-1.613667114210505815e+01,3.831844274137868922e+01
-1.610044714210505390e+01,3.831844274137868922e+01
-1.606422314210504965e+01,3.831844274137868922e+01
-1.602799914210505960e+01,3.831844274137868922e+01
-1.600248928295012263e+01,3.834395260053361199e+01
-1.597697942379519986e+01,3.836946245968853475e+01
-1.595146956464026289e+01,3.839497231884347173e+01
-1.592595970548534012e+01,3.842048217799839449e+01
-1.590044984633040315e+01,3.844599203715333147e+01
-1.587493998717546617e+01,3.847150189630825423e+01
-1.584943012802054341e+01,3.849701175546319121e+01
-1.582392026886562064e+01,3.852252161461812818e+01
-1.579841040971068367e+01,3.854803147377305095e+01
-1.577290055055576090e+01,3.857354133292797371e+01
-1.574739069140082393e+01,3.859905119208291069e+01
-1.572188083224590116e+01,3.862456105123784766e+01
-1.569637097309097840e+01,3.865007091039277043e+01
-1.567086111393602721e+01,3.867558076954770740e+01
-1.564535125478110444e+01,3.870109062870263017e+01
-1.561984139562618168e+01,3.872660048785755293e+01
-1.559433153647124470e+01,3.875211034701248991e+01
-1.556882167731632194e+01,3.877762020616741268e+01
-1.554331181816139917e+01,3.880313006532234965e+01
-1.551780195900646220e+01,3.882863992447727242e+01
-1.549229209985153943e+01,3.885414978363219518e+01
-1.546678224069660246e+01,3.887965964278713216e+01
-1.544127238154166548e+01,3.890516950194205492e+01
-1.541576252238674272e+01,3.893067936109699190e+01
-1.539025266323180574e+01,3.895618922025192887e+01
-1.536474280407688298e+01,3.898169907940685164e+01
-1.533923294492196021e+01,3.900720893856178861e+01
-1.531372308576702324e+01,3.903271879771671138e+01
-1.528821322661210047e+01,3.905822865687164835e+01
-1.526270336745716349e+01,3.908373851602657112e+01
-1.523719350830224073e+01,3.910924837518150810e+01
-1.521168364914730375e+01,3.913475823433643086e+01
-1.518617378999236678e+01,3.916026809349136784e+01
-1.516066393083744401e+01,3.918577795264629060e+01
-1.513515407168252125e+01,3.921128781180121337e+01
-1.510964421252758427e+01,3.923679767095615034e+01
-1.508413435337266151e+01,3.926230753011107311e+01
-1.505862449421773874e+01,3.928781738926601008e+01
-1.503311463506280177e+01,3.931332724842093285e+01
-1.500760477590786479e+01,3.933883710757585561e+01
-1.498209491675294203e+01,3.936434696673079259e+01
-1.495658505759800505e+01,3.938985682588571535e+01
-1.493107519844308229e+01,3.941536668504065233e+01
-1.490556533928814531e+01,3.944087654419558930e+01
-1.488005548013322255e+01,3.946638640335051207e+01
-1.485454562097829978e+01,3.949189626250544904e+01
-1.482903576182336280e+01,3.951740612166038602e+01
-1.480352590266844004e+01,3.954291598081530879e+01
-1.477801604351350306e+01,3.956842583997023155e+01
-1.475250618435856609e+01,3.959393569912516853e+01
-1.472699632520364332e+01,3.961944555828009129e+01
-1.470148646604870635e+01,3.964495541743502827e+01
-1.467597660689378358e+01,3.967046527658995103e+01
-1.465046674773886082e+01,3.969597513574487380e+01
-1.462495688858392384e+01,3.972148499489981077e+01
-1.459944702942900108e+01,3.974699485405473354e+01
-1.457393717027406410e+01,3.977250471320967051e+01
-1.454842731111912713e+01,3.979801457236459328e+01
-1.452291745196420436e+01,3.982352443151951604e+01
-1.449740759280928160e+01,3.984903429067446723e+01
-1.447189773365434462e+01,3.987454414982938999e+01
-1.444638787449942186e+01,3.990005400898431276e+01
-1.442087801534448488e+01,3.992556386813924973e+01
-1.439536815618956211e+01,3.995107372729417250e+01
-1.436985829703463935e+01,3.997658358644910948e+01
-1.434434843787970237e+01,4.000209344560404645e+01
-1.431883857872476540e+01,4.002760330475896922e+01
-1.429332871956984263e+01,4.005311316391389198e+01
-1.426781886041490566e+01,4.007862302306882896e+01
-1.424230900125998289e+01,4.010413288222375172e+01
-1.421679914210504592e+01,4.012964274137868870e+01
-1.421679914210504592e+01,4.016586674137867874e+01
-1.421679914210504592e+01,4.020209074137868299e+01
-1.421679914210504592e+01,4.023831474137868724e+01
-1.421679914210504592e+01,4.027453874137869150e+01
-1.421679914210504592e+01,4.031076274137868154e+01
-1.421679914210504592e+01,4.034698674137868579e+01
-1.421679914210504592e+01,4.038321074137867583e+01
-1.421679914210504592e+01,4.041943474137869430e+01
-1.421679914210504592e+01,4.045565874137868434e+01
-1.421679914210504592e+01,4.049188274137868859e+01
-1.419342881952441360e+01,4.051914811772276437e+01
-1.417005849694376707e+01,4.054641349406685435e+01
-1.414668817436312054e+01,4.057367887041094434e+01
-1.412331785178247401e+01,4.060094424675503433e+01
-1.409994752920182748e+01,4.062820962309911010e+01
-1.407657720662118095e+01,4.065547499944320009e+01
-1.405320688404053442e+01,4.068274037578729008e+01
-1.402983656145988789e+01,4.071000575213138006e+01
-1.400646623887924136e+01,4.073727112847545584e+01
-1.398309591629859483e+01,4.076453650481954583e+01
-1.395972559371794830e+01,4.079180188116362160e+01
-1.393635527113730177e+01,4.081906725750771159e+01
-1.391298494855666945e+01,4.084633263385181579e+01
-1.388961462597602292e+01,4.087359801019589156e+01
-1.386624430339537639e+01,4.090086338653996734e+01
-1.384287398081472986e+01,4.092812876288405732e+01
-1.381950365823408333e+01,4.095539413922814731e+01
-1.379613333565343680e+01,4.098265951557223730e+01
-1.377276301307279027e+01,4.100992489191632728e+01
-1.374939269049215795e+01,4.103719026826040306e+01
-1.372602236791151142e+01,4.106445564460447883e+01
-1.370265204533086489e+01,4.109172102094858303e+01
-1.367928172275021836e+01,4.111898639729267302e+01
-1.365591140016955762e+01,4.114625177363674879e+01
-1.363254107758892530e+01,4.117351714998083878e+01
-1.360917075500827877e+01,4.120078252632491456e+01
-1.358580043242763224e+01,4.122804790266900454e+01
-1.356243010984698572e+01,4.125531327901309453e+01
-1.353905978726633919e+01,4.128257865535718452e+01
-1.351568946468569266e+01,4.130984403170126029e+01
-1.349231914210504613e+01,4.133710940804535028e+01
-1.346894881952441381e+01,4.136437478438944026e+01
-1.344557849694376728e+01,4.139164016073353025e+01
-1.342220817436312075e+01,4.141890553707760603e+01
-1.339883785178247422e+01,4.144617091342169601e+01
-1.337546752920182769e+01,4.147343628976577179e+01
-1.335209720662118116e+01,4.150070166610986178e+01
-1.332872688404053463e+01,4.152796704245395176e+01
-1.330535656145988810e+01,4.155523241879804175e+01
-1.328198623887924157e+01,4.158249779514211752e+01
-1.325861591629859504e+01,4.160976317148620751e+01
-1.323524559371794851e+01,4.163702854783029750e+01
-1.321187527113730198e+01,4.166429392417438748e+01
-1.318850494855666966e+01,4.169155930051846326e+01
-1.316513462597602313e+01,4.171882467686255325e+01
-1.314176430339537660e+01,4.174609005320664323e+01
-1.311839398081473007e+01,4.177335542955071901e+01
-1.309502365823408354e+01,4.180062080589482321e+01
-1.307165333565343701e+01,4.182788618223889898e+01
-1.304828301307279048e+01,4.185515155858297476e+01
-1.302491269049215816e+01,4.188241693492707896e+01
-1.300154236791151163e+01,4.190968231127115473e+01
-1.297817204533086510e+01,4.193694768761524472e+01
-1.295480172275021857e+01,4.196421306395933470e+01
-1.293143140016955783e+01,4.199147844030341048e+01
-1.290806107758892551e+01,4.201874381664750047e+01
-1.288469075500827898e+01,4.204600919299159045e+01
-1.286132043242763245e+01,4.207327456933568044e+01
-1.283795010984698592e+01,4.210053994567975622e+01
-1.281457978726633939e+01,4.212780532202384620e+01
-1.279120946468569286e+01,4.215507069836793619e+01
-1.276783914210504634e+01,4.218233607471202617e+01
-1.274446881952441402e+01,4.220960145105610195e+01
-1.272109849694376749e+01,4.223686682740019194e+01
-1.269772817436312096e+01,4.226413220374426771e+01
-1.267435785178247443e+01,4.229139758008835770e+01
-1.265098752920182790e+01,4.231866295643244769e+01
-1.262761720662118137e+01,4.234592833277653767e+01
-1.260424688404053484e+01,4.237319370912061345e+01
-1.258087656145990252e+01,4.240045908546470343e+01
-1.255750623887924178e+01,4.242772446180879342e+01
-1.253413591629859525e+01,4.245498983815288341e+01
-1.251076559371794872e+01,4.248225521449695918e+01
-1.248739527113730219e+01,4.250952059084104917e+01
-1.246402494855666987e+01,4.253678596718512495e+01
-1.244065462597602334e+01,4.256405134352921493e+01
-1.241728430339537681e+01,4.259131671987331913e+01
-1.239391398081473028e+01,4.261858209621739491e+01
-1.237054365823408375e+01,4.264584747256147068e+01
-1.234717333565343722e+01,4.267311284890556067e+01
-1.232380301307279069e+01,4.270037822524965065e+01
-1.230043269049215837e+01,4.272764360159374064e+01
-1.227706236791151184e+01,4.275490897793783063e+01
-1.225369204533086531e+01,4.278217435428190640e+01
-1.223032172275020457e+01,4.280943973062599639e+01
-1.220695140016955804e+01,4.283670510697008638e+01
-1.218358107758892572e+01,4.286397048331417636e+01
-1.216021075500827919e+01,4.289123585965825214e+01
-1.213684043242763266e+01,4.291850123600234213e+01
-1.211347010984698613e+01,4.294576661234643211e+01
-1.209009978726633960e+01,4.297303198869050789e+01
-1.206672946468569307e+01,4.300029736503459787e+01
-1.204335914210504654e+01,4.302756274137868786e+01
-1.202725958654949068e+01,4.305976185248979959e+01
-1.201116003099393481e+01,4.309196096360091133e+01
-1.199506047543839315e+01,4.312416007471200885e+01
-1.197896091988283729e+01,4.315635918582313479e+01
-1.196286136432726721e+01,4.318855829693424653e+01
-1.194676180877171134e+01,4.322075740804534405e+01
-1.193066225321616969e+01,4.325295651915645578e+01
-1.191456269766061382e+01,4.328515563026756752e+01
-1.189846314210504374e+01,4.331735474137869346e+01
-1.188236358654948788e+01,4.334955385248979098e+01
-1.186626403099394622e+01,4.338175296360090272e+01
-1.185016447543839035e+01,4.341395207471201445e+01
-1.183406491988283449e+01,4.344615118582312618e+01
-1.181796536432726441e+01,4.347835029693423792e+01
-1.180186580877172275e+01,4.351054940804534965e+01
-1.178576625321616689e+01,4.354274851915646138e+01
-1.176966669766061102e+01,4.357494763026757312e+01
-1.175356714210505515e+01,4.360714674137868485e+01
-1.173746758654949929e+01,4.363934585248978237e+01
-1.172136803099394342e+01,4.367154496360090832e+01
-1.170526847543838755e+01,4.370374407471202005e+01
-1.168916891988283169e+01,4.373594318582313178e+01
-1.167306936432727582e+01,4.376814229693424352e+01
-1.165696980877171995e+01,4.380034140804534104e+01
-1.164087025321616409e+01,4.383254051915646698e+01
-1.162477069766060822e+01,4.386473963026757872e+01
-1.160867114210505235e+01,4.389693874137869045e+01
-1.159257158654949649e+01,4.392913785248978797e+01
-1.157647203099394062e+01,4.396133696360091392e+01
-1.156037247543838475e+01,4.399353607471202565e+01
-1.154427291988282889e+01,4.402573518582312317e+01
-1.152817336432727302e+01,4.405793429693423491e+01
-1.151207380877171715e+01,4.409013340804534664e+01
-1.149597425321616129e+01,4.412233251915647259e+01
-1.147987469766061963e+01,4.415453163026757011e+01
-1.146377514210504955e+01,4.418673074137868184e+01
-1.144767558654949369e+01,4.421892985248979357e+01
-1.143157603099393782e+01,4.425112896360090531e+01
-1.141547647543839616e+01,4.428332807471201704e+01
-1.139937691988282609e+01,4.431552718582312878e+01
-1.138327736432727022e+01,4.434772629693424051e+01
-1.136717780877171435e+01,4.437992540804535224e+01
-1.135107825321617270e+01,4.441212451915646398e+01
-1.133497869766061683e+01,4.444432363026756150e+01
-1.131887914210504675e+01,4.447652274137868744e+01
-1.131887914210504675e+01,4.451274674137867748e+01
-1.131887914210504675e+01,4.454897074137868174e+01
-1.131887914210504675e+01,4.458519474137868599e+01
-1.131887914210504675e+01,4.462141874137869024e+01
-1.131887914210504675e+01,4.465764274137868028e+01
-1.131887914210504675e+01,4.469386674137868454e+01
-1.131887914210504675e+01,4.473009074137867458e+01
-1.131887914210504675e+01,4.476631474137869304e+01
-1.131887914210504675e+01,4.480253874137868308e+01
-1.131887914210504675e+01,4.483876274137868734e+01
-1.131887914210504675e+01,4.487498674137867738e+01
-1.131887914210504675e+01,4.491121074137868163e+01
-1.131887914210504675e+01,4.494743474137868589e+01
-1.131887914210504675e+01,4.498365874137869014e+01
-1.131887914210504675e+01,4.501988274137868018e+01
-1.131887914210504675e+01,4.505610674137868443e+01
-1.131887914210504675e+01,4.509233074137867447e+01
-1.131887914210504675e+01,4.512855474137869294e+01
-1.131887914210504675e+01,4.516477874137868298e+01
-1.131887914210504675e+01,4.520100274137868723e+01
-1.129472980877172006e+01,4.522515207471201393e+01
-1.127058047543839336e+01,4.524930140804534062e+01
-1.124643114210505246e+01,4.527345074137868153e+01
-1.122228180877171155e+01,4.529760007471200822e+01
-1.119813247543838486e+01,4.532174940804534913e+01
-1.117398314210504395e+01,4.534589874137869003e+01
-1.114983380877171726e+01,4.537004807471201673e+01
-1.112568447543839056e+01,4.539419740804534342e+01
-1.110153514210504966e+01,4.541834674137868433e+01
-1.107738580877172296e+01,4.544249607471202523e+01
-1.105323647543839627e+01,4.546664540804535193e+01
-1.102908714210505536e+01,4.549079474137869283e+01
-1.100493780877171446e+01,4.551494407471201953e+01
-1.098078847543838776e+01,4.553909340804534622e+01
-1.095663914210504686e+01,4.556324274137868713e+01
-1.095663914210504686e+01,4.559946674137867717e+01
-1.095663914210504686e+01,4.563569074137868142e+01
-1.095663914210504686e+01,4.567191474137868568e+01
-1.095663914210504686e+01,4.570813874137868993e+01
-1.095663914210504686e+01,4.574436274137867997e+01
-1.095663914210504686e+01,4.578058674137868422e+01
-1.095663914210504686e+01,4.581681074137867427e+01
-1.095663914210504686e+01,4.585303474137869273e+01
-1.095663914210504686e+01,4.588925874137868277e+01
-1.095663914210504686e+01,4.592548274137868702e+01
-1.095663914210504686e+01,4.596170674137867707e+01
-1.095663914210504686e+01,4.599793074137868132e+01
-1.095663914210504686e+01,4.603415474137868557e+01
-1.095663914210504686e+01,4.607037874137868982e+01
-1.095663914210504686e+01,4.610660274137867987e+01
-1.095663914210504686e+01,4.614282674137868412e+01
-1.095663914210504686e+01,4.617905074137867416e+01
-1.095663914210504686e+01,4.621527474137869262e+01
-1.095663914210504686e+01,4.625149874137868267e+01
-1.095663914210504686e+01,4.628772274137868692e+01
-1.095663914210504686e+01,4.632394674137867696e+01
-1.095663914210504686e+01,4.636017074137868121e+01
-1.095663914210504686e+01,4.639639474137868547e+01
-1.095663914210504686e+01,4.643261874137868972e+01
-1.095663914210504686e+01,4.646884274137867976e+01
-1.095663914210504686e+01,4.650506674137868401e+01
-1.095663914210504686e+01,4.654129074137867406e+01
-1.095663914210504686e+01,4.657751474137869252e+01
-1.095663914210504686e+01,4.661373874137868256e+01
-1.095663914210504686e+01,4.664996274137868681e+01
-1.097273869766061694e+01,4.668216185248979855e+01
-1.098883825321617280e+01,4.671436096360091028e+01
-1.100493780877171446e+01,4.674656007471200780e+01
-1.102103736432727032e+01,4.677875918582313375e+01
-1.103713691988282619e+01,4.681095829693424548e+01
-1.105323647543839627e+01,4.684315740804534300e+01
-1.106933603099393792e+01,4.687535651915645474e+01
-1.108543558654949379e+01,4.690755563026756647e+01
-1.110153514210504966e+01,4.693975474137869242e+01
-1.111763469766061974e+01,4.697195385248978994e+01
-1.113373425321616139e+01,4.700415296360090167e+01
-1.114983380877171726e+01,4.703635207471201340e+01
-1.116593336432727313e+01,4.706855118582312514e+01
-1.118203291988282899e+01,4.710075029693423687e+01
-1.119813247543838486e+01,4.713294940804534860e+01
-1.121423203099394073e+01,4.716514851915646034e+01
-1.123033158654949659e+01,4.719734763026757207e+01
-1.124643114210505246e+01,4.722954674137868381e+01
-1.126253069766060833e+01,4.726174585248978133e+01
-1.127863025321616419e+01,4.729394496360090727e+01
-1.129472980877172006e+01,4.732614407471201901e+01
-1.131082936432727593e+01,4.735834318582313074e+01
-1.132692891988283179e+01,4.739054229693424247e+01
-1.134302847543838766e+01,4.742274140804535421e+01
-1.135912803099394353e+01,4.745494051915646594e+01
-1.137522758654949939e+01,4.748713963026757767e+01
-1.139132714210505526e+01,4.751933874137868941e+01
-1.140742669766061113e+01,4.755153785248978693e+01
-1.142352625321616699e+01,4.758373696360091287e+01
-1.143962580877172286e+01,4.761593607471202461e+01
-1.145572536432726451e+01,4.764813518582313634e+01
-1.147182491988283459e+01,4.768033429693423386e+01
-1.148792447543839046e+01,4.771253340804534560e+01
-1.150402403099394633e+01,4.774473251915647154e+01
-1.152012358654948798e+01,4.777693163026756906e+01
-1.153622314210504385e+01,4.780913074137868080e+01
-1.155232269766061393e+01,4.784132985248979253e+01
-1.156842225321616979e+01,4.787352896360091847e+01
-1.158452180877171145e+01,4.790572807471201600e+01
-1.160062136432726732e+01,4.793792718582312773e+01
-1.161672091988283739e+01,4.797012629693423946e+01
-1.163282047543839326e+01,4.800232540804535120e+01
-1.164892003099393492e+01,4.803452451915646293e+01
-1.166501958654949078e+01,4.806672363026757466e+01
-1.168111914210504665e+01,4.809892274137868640e+01
-1.171181744718980156e+01,4.811734172442953650e+01
-1.174251575227454225e+01,4.813576070748038660e+01
-1.177321405735928295e+01,4.815417969053122249e+01
-1.180391236244403785e+01,4.817259867358207259e+01
-1.183461066752879276e+01,4.819101765663292269e+01
-1.186530897261353346e+01,4.820943663968377280e+01
-1.189600727769827415e+01,4.822785562273462290e+01
-1.192670558278301485e+01,4.824627460578547300e+01
-1.195740388786776975e+01,4.826469358883630889e+01
-1.198810219295251045e+01,4.828311257188715899e+01
-1.201880049803725115e+01,4.830153155493800909e+01
-1.204949880312200605e+01,4.831995053798885920e+01
-1.208019710820674675e+01,4.833836952103970930e+01
-1.211089541329148744e+01,4.835678850409055940e+01
-1.214159371837624235e+01,4.837520748714139529e+01
-1.217229202346098305e+01,4.839362647019223118e+01
-1.220299032854573795e+01,4.841204545324308128e+01
-1.223368863363047865e+01,4.843046443629394560e+01
-1.226438693871521934e+01,4.844888341934479570e+01
-1.229508524379997425e+01,4.846730240239563159e+01
-1.232578354888471495e+01,4.848572138544648169e+01
-1.235648185396945564e+01,4.850414036849731758e+01
-1.238718015905419634e+01,4.852255935154816768e+01
-1.241787846413895124e+01,4.854097833459901778e+01
-1.244857676922370615e+01,4.855939731764988210e+01
-1.247927507430844685e+01,4.857781630070071799e+01
-1.250997337939318754e+01,4.859623528375156809e+01
-1.254067168447794245e+01,4.861465426680240398e+01
-1.257136998956268314e+01,4.863307324985325408e+01
-1.260206829464742384e+01,4.865149223290410418e+01
-1.263276659973216454e+01,4.866991121595495429e+01
-1.266346490481691944e+01,4.868833019900580439e+01
-1.269416320990166014e+01,4.870674918205665449e+01
-1.272486151498640083e+01,4.872516816510749038e+01
-1.275555982007115574e+01,4.874358714815834048e+01
-1.278625812515591065e+01,4.876200613120919058e+01
-1.281695643024065134e+01,4.878042511426004069e+01
-1.284765473532539204e+01,4.879884409731089079e+01
-1.287835304041013273e+01,4.881726308036174089e+01
-1.290905134549488764e+01,4.883568206341257678e+01
-1.293974965057962834e+01,4.885410104646342688e+01
-1.297044795566436903e+01,4.887252002951427698e+01
-1.300114626074910973e+01,4.889093901256512709e+01
-1.303184456583386464e+01,4.890935799561597719e+01
-1.306254287091861954e+01,4.892777697866682729e+01
-1.309324117600336024e+01,4.894619596171766318e+01
-1.312393948108810093e+01,4.896461494476851328e+01
-1.315463778617285584e+01,4.898303392781936338e+01
-1.318533609125759654e+01,4.900145291087021349e+01
-1.321603439634233723e+01,4.901987189392104938e+01
-1.324673270142707793e+01,4.903829087697189948e+01
-1.327743100651183283e+01,4.905670986002274958e+01
-1.330812931159657353e+01,4.907512884307359968e+01
-1.333882761668132844e+01,4.909354782612444978e+01
-1.336952592176606913e+01,4.911196680917529989e+01
-1.340022422685082404e+01,4.913038579222613578e+01
-1.343092253193556473e+01,4.914880477527698588e+01
-1.346162083702030543e+01,4.916722375832783598e+01
-1.349231914210504613e+01,4.918564274137868608e+01
-1.352854314210505038e+01,4.918564274137868608e+01
-1.356476714210505463e+01,4.918564274137868608e+01
-1.360099114210505888e+01,4.918564274137868608e+01
-1.363721514210504893e+01,4.918564274137868608e+01
-1.367343914210505318e+01,4.918564274137868608e+01
-1.370966314210505743e+01,4.918564274137868608e+01
-1.374588714210504747e+01,4.918564274137868608e+01
-1.378211114210505173e+01,4.918564274137868608e+01
-1.381833514210505598e+01,4.918564274137868608e+01
-1.385455914210504602e+01,4.918564274137868608e+01
-1.389078314210505027e+01,4.918564274137868608e+01
-1.392700714210505453e+01,4.918564274137868608e+01
-1.396323114210505878e+01,4.918564274137868608e+01
-1.399945514210504882e+01,4.918564274137868608e+01
-1.403567914210505307e+01,4.918564274137868608e+01
-1.407190314210505733e+01,4.918564274137868608e+01
-1.410812714210504737e+01,4.918564274137868608e+01
-1.414435114210505162e+01,4.918564274137868608e+01
-1.418057514210505587e+01,4.918564274137868608e+01
-1.421679914210504592e+01,4.918564274137868608e+01
-1.425302314210505017e+01,4.918564274137868608e+01
-1.428924714210505442e+01,4.918564274137868608e+01
-1.432547114210505868e+01,4.918564274137868608e+01
-1.436169514210504872e+01,4.918564274137868608e+01
-1.439791914210505297e+01,4.918564274137868608e+01
-1.443414314210505722e+01,4.918564274137868608e+01
-1.447036714210504726e+01,4.918564274137868608e+01
-1.450659114210505152e+01,4.918564274137868608e+01
-1.454281514210505577e+01,4.918564274137868608e+01
-1.457903914210504581e+01,4.918564274137868608e+01
-1.461526314210505006e+01,4.918564274137868608e+01
-1.465148714210505432e+01,4.918564274137868608e+01
-1.468771114210505857e+01,4.918564274137868608e+01
-1.472393514210504861e+01,4.918564274137868608e+01
-1.476015914210505287e+01,4.918564274137868608e+01
-1.479638314210505712e+01,4.918564274137868608e+01
-1.483260714210504716e+01,4.918564274137868608e+01
-1.486883114210505141e+01,4.918564274137868608e+01
-1.490505514210505567e+01,4.918564274137868608e+01
-1.494127914210504571e+01,4.918564274137868608e+01
-1.497750314210504996e+01,4.918564274137868608e+01
-1.501372714210505421e+01,4.918564274137868608e+01
-1.504995114210505847e+01,4.918564274137868608e+01
-1.508617514210504851e+01,4.918564274137868608e+01
-1.512239914210505276e+01,4.918564274137868608e+01
-1.515862314210505701e+01,4.918564274137868608e+01
-1.519484714210504706e+01,4.918564274137868608e+01
-1.523107114210505131e+01,4.918564274137868608e+01
-1.526729514210505556e+01,4.918564274137868608e+01
-1.530351914210504560e+01,4.918564274137868608e+01
-1.533974314210504986e+01,4.918564274137868608e+01
-1.537596714210505411e+01,4.918564274137868608e+01
-1.541219114210505836e+01,4.918564274137868608e+01
-1.544841514210504840e+01,4.918564274137868608e+01
-1.548463914210505266e+01,4.918564274137868608e+01
-1.552086314210505691e+01,4.918564274137868608e+01
-1.555708714210504695e+01,4.918564274137868608e+01
-1.559331114210505120e+01,4.918564274137868608e+01
-1.562953514210505546e+01,4.918564274137868608e+01
-1.566575914210505971e+01,4.918564274137868608e+01
-1.570198314210504975e+01,4.918564274137868608e+01
-1.573820714210505400e+01,4.918564274137868608e+01
-1.577443114210505826e+01,4.918564274137868608e+01
-1.581065514210504830e+01,4.918564274137868608e+01
-1.584687914210505255e+01,4.918564274137868608e+01
-1.588310314210505680e+01,4.918564274137868608e+01
-1.591932714210504685e+01,4.918564274137868608e+01
-1.595555114210505110e+01,4.918564274137868608e+01
-1.599177514210505535e+01,4.918564274137868608e+01
-1.602799914210505960e+01,4.918564274137868608e+01
-1.606422314210504965e+01,4.918564274137868608e+01
-1.610044714210505390e+01,4.918564274137868608e+01
-1.613667114210505815e+01,4.918564274137868608e+01
-1.617289514210504819e+01,4.918564274137868608e+01
-1.620911914210505245e+01,4.918564274137868608e+01
-1.624534314210505670e+01,4.918564274137868608e+01
-1.628156714210504674e+01,4.918564274137868608e+01
-1.631779114210505099e+01,4.918564274137868608e+01
-1.635401514210505525e+01,4.918564274137868608e+01
-1.639023914210505950e+01,4.918564274137868608e+01
-1.642646314210504954e+01,4.918564274137868608e+01
-1.646268714210505379e+01,4.918564274137868608e+01
-1.649891114210505805e+01,4.918564274137868608e+01
-1.653513514210504809e+01,4.918564274137868608e+01
-1.657135914210505234e+01,4.918564274137868608e+01
-1.660758314210505660e+01,4.918564274137868608e+01
-1.664380714210504664e+01,4.918564274137868608e+01
-1.668003114210505089e+01,4.918564274137868608e+01
-1.671625514210505514e+01,4.918564274137868608e+01
-1.675247914210505940e+01,4.918564274137868608e+01
-1.677662847543838609e+01,4.920979207471201278e+01
-1.680077780877171278e+01,4.923394140804535368e+01
-1.682492714210505369e+01,4.925809074137868038e+01
-1.684907647543839460e+01,4.928224007471200707e+01
-1.687322580877172129e+01,4.930638940804534798e+01
-1.689737514210504798e+01,4.933053874137868888e+01
-1.692152447543838889e+01,4.935468807471201558e+01
-1.694567380877171558e+01,4.937883740804535648e+01
-1.696982314210505649e+01,4.940298674137868318e+01
-1.699397247543838319e+01,4.942713607471202408e+01
-1.701812180877170988e+01,4.945128540804535078e+01
-1.704227114210505079e+01,4.947543474137869168e+01
-1.706642047543839169e+01,4.949958407471201838e+01
-1.709056980877171839e+01,4.952373340804534507e+01
-1.711471914210505929e+01,4.954788274137868598e+01
-1.715094314210504933e+01,4.954788274137868598e+01
-1.718716714210505359e+01,4.954788274137868598e+01
-1.722339114210505784e+01,4.954788274137868598e+01
-1.725961514210504788e+01,4.954788274137868598e+01
-1.729583914210505213e+01,4.954788274137868598e+01
-1.733206314210505639e+01,4.954788274137868598e+01
-1.736828714210504643e+01,4.954788274137868598e+01
-1.740451114210505068e+01,4.954788274137868598e+01
-1.744073514210505493e+01,4.954788274137868598e+01
-1.747695914210505919e+01,4.954788274137868598e+01
-1.751318314210504923e+01,4.954788274137868598e+01
-1.754940714210505348e+01,4.954788274137868598e+01
-1.758563114210505773e+01,4.954788274137868598e+01
-1.762185514210504778e+01,4.954788274137868598e+01
-1.765807914210505203e+01,4.954788274137868598e+01
-1.769430314210505628e+01,4.954788274137868598e+01
-1.773052714210504632e+01,4.954788274137868598e+01
-1.776675114210505058e+01,4.954788274137868598e+01
-1.780297514210505483e+01,4.954788274137868598e+01
-1.783919914210505908e+01,4.954788274137868598e+01
-1.787542314210504912e+01,4.954788274137868598e+01
-1.791164714210505338e+01,4.954788274137868598e+01
-1.794787114210505763e+01,4.954788274137868598e+01
-1.798409514210506188e+01,4.954788274137868598e+01
-1.802031914210505192e+01,4.954788274137868598e+01
-1.805654314210505618e+01,4.954788274137868598e+01
-1.809276714210504622e+01,4.954788274137868598e+01
-1.812899114210505047e+01,4.954788274137868598e+01
-1.816521514210505472e+01,4.954788274137868598e+01
-1.820143914210505898e+01,4.954788274137868598e+01
-1.823766314210504902e+01,4.954788274137868598e+01
-1.827388714210505327e+01,4.954788274137868598e+01
-1.831011114210505752e+01,4.954788274137868598e+01
-1.834633514210506178e+01,4.954788274137868598e+01
-1.838255914210505182e+01,4.954788274137868598e+01
-1.841878314210505607e+01,4.954788274137868598e+01
-1.845500714210504611e+01,4.954788274137868598e+01
-1.849123114210505037e+01,4.954788274137868598e+01
-1.852745514210505462e+01,4.954788274137868598e+01
-1.856367914210505887e+01,4.954788274137868598e+01
-1.859990314210504891e+01,4.954788274137868598e+01
-1.863612714210505317e+01,4.954788274137868598e+01
-1.867235114210505742e+01,4.954788274137868598e+01
-1.870857514210506167e+01,4.954788274137868598e+01
-1.874479914210505171e+01,4.954788274137868598e+01
-1.878102314210505597e+01,4.954788274137868598e+01
-1.881724714210504601e+01,4.954788274137868598e+01
-1.885347114210505026e+01,4.954788274137868598e+01
-1.888969514210505452e+01,4.954788274137868598e+01
-1.892591914210505877e+01,4.954788274137868598e+01
-1.896214314210504881e+01,4.954788274137868598e+01
-1.899836714210505306e+01,4.954788274137868598e+01
-1.903459114210505732e+01,4.954788274137868598e+01
-1.907081514210506157e+01,4.954788274137868598e+01
-1.910703914210505161e+01,4.954788274137868598e+01
-1.914326314210505586e+01,4.954788274137868598e+01
-1.917948714210504590e+01,4.954788274137868598e+01
-1.921571114210505016e+01,4.954788274137868598e+01
-1.925193514210505441e+01,4.954788274137868598e+01
-1.928815914210505866e+01,4.954788274137868598e+01
-1.932438314210504871e+01,4.954788274137868598e+01
-1.936060714210505296e+01,4.954788274137868598e+01
-1.939683114210505721e+01,4.954788274137868598e+01
-1.943305514210506146e+01,4.954788274137868598e+01
-1.946927914210505151e+01,4.954788274137868598e+01
-1.950550314210505576e+01,4.954788274137868598e+01
-1.954172714210504580e+01,4.954788274137868598e+01
-1.957795114210505005e+01,4.954788274137868598e+01
-1.961417514210505431e+01,4.954788274137868598e+01
-1.965039914210505856e+01,4.954788274137868598e+01
-1.968662314210504860e+01,4.954788274137868598e+01
-1.972284714210505285e+01,4.954788274137868598e+01
-1.975907114210505711e+01,4.954788274137868598e+01
-1.979529514210506136e+01,4.954788274137868598e+01
-1.983151914210505140e+01,4.954788274137868598e+01
-1.986774314210505565e+01,4.954788274137868598e+01
-1.990396714210504570e+01,4.954788274137868598e+01
-1.994019114210504995e+01,4.954788274137868598e+01
-1.997641514210505420e+01,4.954788274137868598e+01
-2.001263914210505845e+01,4.954788274137868598e+01
-2.004886314210504850e+01,4.954788274137868598e+01
-2.008508714210505275e+01,4.954788274137868598e+01
-2.012131114210505700e+01,4.954788274137868598e+01
-2.015753514210506125e+01,4.954788274137868598e+01
-2.019375914210505130e+01,4.954788274137868598e+01
-2.022998314210505555e+01,4.954788274137868598e+01
-2.026620714210504559e+01,4.954788274137868598e+01
-2.030243114210504984e+01,4.954788274137868598e+01
-2.033865514210505410e+01,4.954788274137868598e+01
-2.037487914210505835e+01,4.954788274137868598e+01
-2.041110314210504839e+01,4.954788274137868598e+01
-2.044732714210505264e+01,4.954788274137868598e+01
-2.048355114210505690e+01,4.954788274137868598e+01
-2.051977514210506115e+01,4.954788274137868598e+01
-2.055599914210505119e+01,4.954788274137868598e+01
-2.059222314210505544e+01,4.954788274137868598e+01
-2.062844714210504549e+01,4.954788274137868598e+01
-2.066467114210506395e+01,4.954788274137868598e+01
-2.070089514210505399e+01,4.954788274137868598e+01
-2.073711914210505824e+01,4.954788274137868598e+01
-2.077334314210504829e+01,4.954788274137868598e+01
-2.080956714210505254e+01,4.954788274137868598e+01
-2.084579114210505679e+01,4.954788274137868598e+01
-2.088201514210505394e+01,4.954788274137868598e+01
-2.091823914210505109e+01,4.954788274137868598e+01
-2.095446314210504823e+01,4.954788274137868598e+01
-2.099068714210504538e+01,4.954788274137868598e+01
-2.102691114210505674e+01,4.954788274137868598e+01
-2.106313514210505389e+01,4.954788274137868598e+01
-2.109935914210505103e+01,4.954788274137868598e+01
-2.113558314210504818e+01,4.954788274137868598e+01
-2.117180714210504533e+01,4.954788274137868598e+01
-2.120803114210505669e+01,4.954788274137868598e+01
-2.124425514210505384e+01,4.954788274137868598e+01
-2.128047914210505098e+01,4.954788274137868598e+01
-2.131670314210504813e+01,4.954788274137868598e+01
-2.135292714210504528e+01,4.954788274137868598e+01
-2.138915114210505664e+01,4.954788274137868598e+01
-2.142537514210505378e+01,4.954788274137868598e+01
-2.146159914210505093e+01,4.954788274137868598e+01
-2.149782314210504808e+01,4.954788274137868598e+01
-2.153404714210504522e+01,4.954788274137868598e+01
-2.157027114210505658e+01,4.954788274137868598e+01
-2.160649514210505373e+01,4.954788274137868598e+01
-2.164271914210505088e+01,4.954788274137868598e+01
-2.167894314210504803e+01,4.954788274137868598e+01
-2.171516714210504517e+01,4.954788274137868598e+01
-2.175139114210505653e+01,4.954788274137868598e+01
-2.178761514210505368e+01,4.954788274137868598e+01
-2.182383914210505083e+01,4.954788274137868598e+01
-2.186006314210504797e+01,4.954788274137868598e+01
-2.189628714210505223e+01,4.954788274137868598e+01
-2.193251114210505648e+01,4.954788274137868598e+01
-2.196873514210505363e+01,4.954788274137868598e+01
-2.200495914210505077e+01,4.954788274137868598e+01
-2.204118314210504792e+01,4.954788274137868598e+01
-2.207740714210505217e+01,4.954788274137868598e+01
-2.211363114210505643e+01,4.954788274137868598e+01
-2.214985514210505357e+01,4.954788274137868598e+01
-2.218607914210505072e+01,4.954788274137868598e+01
-2.222230314210504787e+01,4.954788274137868598e+01
-2.225852714210505212e+01,4.954788274137868598e+01
-2.229475114210505637e+01,4.954788274137868598e+01
-2.233097514210505352e+01,4.954788274137868598e+01
-2.236719914210505067e+01,4.954788274137868598e+01
-2.240342314210504782e+01,4.954788274137868598e+01
-2.243964714210505207e+01,4.954788274137868598e+01
-2.247587114210505632e+01,4.954788274137868598e+01
-2.251209514210505347e+01,4.954788274137868598e+01
-2.254831914210505062e+01,4.954788274137868598e+01
-2.258454314210504776e+01,4.954788274137868598e+01
-2.262076714210505202e+01,4.954788274137868598e+01
-2.265699114210505627e+01,4.954788274137868598e+01
-2.269321514210505342e+01,4.954788274137868598e+01
-2.272943914210505056e+01,4.954788274137868598e+01
-2.276566314210504771e+01,4.954788274137868598e+01
-2.280188714210505196e+01,4.954788274137868598e+01
-2.283811114210505622e+01,4.954788274137868598e+01
-2.287433514210505336e+01,4.954788274137868598e+01
-2.291055914210505051e+01,4.954788274137868598e+01
-2.294678314210504766e+01,4.954788274137868598e+01
-2.298300714210505191e+01,4.954788274137868598e+01
-2.301923114210505616e+01,4.954788274137868598e+01
-2.305545514210505331e+01,4.954788274137868598e+01
-2.309167914210505046e+01,4.954788274137868598e+01
-2.312790314210504761e+01,4.954788274137868598e+01
-2.316412714210505186e+01,4.954788274137868598e+01
-2.320035114210505611e+01,4.954788274137868598e+01
-2.323657514210505326e+01,4.954788274137868598e+01
-2.327279914210505041e+01,4.954788274137868598e+01
-2.330902314210504755e+01,4.954788274137868598e+01
-2.334524714210505181e+01,4.954788274137868598e+01
-2.338147114210505606e+01,4.954788274137868598e+01
-2.341769514210505321e+01,4.954788274137868598e+01
-2.345391914210505035e+01,4.954788274137868598e+01
-2.349014314210504750e+01,4.954788274137868598e+01
-2.352636714210505176e+01,4.954788274137868598e+01
-2.356259114210505601e+01,4.954788274137868598e+01
-2.359881514210505316e+01,4.954788274137868598e+01
-2.363503914210505030e+01,4.954788274137868598e+01
-2.367126314210504745e+01,4.954788274137868598e+01
-2.370748714210505170e+01,4.954788274137868598e+01
-2.374371114210505596e+01,4.954788274137868598e+01
-2.377993514210505310e+01,4.954788274137868598e+01
-2.381615914210505025e+01,4.954788274137868598e+01
-2.385238314210504740e+01,4.954788274137868598e+01
-2.388860714210505165e+01,4.954788274137868598e+01
-2.392483114210505590e+01,4.954788274137868598e+01
-2.396105514210505305e+01,4.954788274137868598e+01
-2.399727914210505020e+01,4.954788274137868598e+01
-2.403350314210504735e+01,4.954788274137868598e+01
-2.406972714210505160e+01,4.954788274137868598e+01
-2.410595114210505585e+01,4.954788274137868598e+01
-2.414217514210505300e+01,4.954788274137868598e+01
-2.417839914210505015e+01,4.954788274137868598e+01
-2.421462314210504729e+01,4.954788274137868598e+01
-2.425084714210505155e+01,4.954788274137868598e+01
-2.428707114210505580e+01,4.954788274137868598e+01
-2.432329514210505295e+01,4.954788274137868598e+01
-2.435951914210505009e+01,4.954788274137868598e+01
-2.439574314210505435e+01,4.954788274137868598e+01
-2.443196714210505149e+01,4.954788274137868598e+01
-2.446819114210505575e+01,4.954788274137868598e+01
-2.450441514210505289e+01,4.954788274137868598e+01
-2.454063914210505004e+01,4.954788274137868598e+01
-2.457686314210505429e+01,4.954788274137868598e+01
-2.461308714210505144e+01,4.954788274137868598e+01
-2.464931114210505569e+01,4.954788274137868598e+01
-2.468553514210505284e+01,4.954788274137868598e+01
-2.472175914210504999e+01,4.954788274137868598e+01
-2.475798314210505424e+01,4.954788274137868598e+01
-2.479420714210505139e+01,4.954788274137868598e+01
-2.483043114210505564e+01,4.954788274137868598e+01
-2.486665514210505279e+01,4.954788274137868598e+01
-2.490287914210504994e+01,4.954788274137868598e+01
-2.493910314210505419e+01,4.954788274137868598e+01
-2.497532714210505134e+01,4.954788274137868598e+01
-2.501155114210505559e+01,4.954788274137868598e+01
-2.504777514210505274e+01,4.954788274137868598e+01
-2.508399914210504988e+01,4.954788274137868598e+01
-2.510814847543838368e+01,4.957203207471201267e+01
-2.513229780877171748e+01,4.959618140804535358e+01
-2.515644714210505128e+01,4.962033074137868027e+01
-2.518059647543839219e+01,4.964448007471200697e+01
-2.520474580877172599e+01,4.966862940804534787e+01
-2.522889514210505268e+01,4.969277874137868878e+01
-2.525304447543838648e+01,4.971692807471201547e+01
-2.527719380877172028e+01,4.974107740804535638e+01
-2.530134314210505408e+01,4.976522674137868307e+01
-2.532549247543838078e+01,4.978937607471202398e+01
-2.534964180877171458e+01,4.981352540804535067e+01
-2.537379114210505548e+01,4.983767474137869158e+01
-2.539794047543838929e+01,4.986182407471201827e+01
-2.542208980877172309e+01,4.988597340804534497e+01
-2.544623914210504978e+01,4.991012274137868587e+01
-2.548246314210505403e+01,4.991012274137868587e+01
-2.551868714210505118e+01,4.991012274137868587e+01
-2.555491114210505543e+01,4.991012274137868587e+01
-2.559113514210505258e+01,4.991012274137868587e+01
-2.562735914210504973e+01,4.991012274137868587e+01
-2.566358314210505398e+01,4.991012274137868587e+01
-2.569980714210505113e+01,4.991012274137868587e+01
-2.573603114210505538e+01,4.991012274137868587e+01
-2.577225514210505253e+01,4.991012274137868587e+01
-2.580847914210504968e+01,4.991012274137868587e+01
-2.584470314210505393e+01,4.991012274137868587e+01
-2.588092714210505108e+01,4.991012274137868587e+01
-2.591715114210505533e+01,4.991012274137868587e+01
-2.595337514210505248e+01,4.991012274137868587e+01
-2.598959914210504962e+01,4.991012274137868587e+01
-2.602582314210505388e+01,4.991012274137868587e+01
-2.606204714210505102e+01,4.991012274137868587e+01
-2.609827114210505528e+01,4.991012274137868587e+01
-2.613449514210505242e+01,4.991012274137868587e+01
-2.617071914210504957e+01,4.991012274137868587e+01
-2.620694314210505382e+01,4.991012274137868587e+01
-2.624316714210505097e+01,4.991012274137868587e+01
-2.627939114210505522e+01,4.991012274137868587e+01
-2.631561514210505237e+01,4.991012274137868587e+01
-2.635183914210504952e+01,4.991012274137868587e+01
-2.638806314210505377e+01,4.991012274137868587e+01
-2.642428714210505092e+01,4.991012274137868587e+01
-2.646051114210505517e+01,4.991012274137868587e+01
-2.649673514210505232e+01,4.991012274137868587e+01
-2.653295914210504947e+01,4.991012274137868587e+01
-2.656918314210505372e+01,4.991012274137868587e+01
-2.660540714210505087e+01,4.991012274137868587e+01
-2.664163114210505512e+01,4.991012274137868587e+01
-2.667785514210505227e+01,4.991012274137868587e+01
-2.671407914210504941e+01,4.991012274137868587e+01
-2.675030314210505367e+01,4.991012274137868587e+01
-2.678652714210505081e+01,4.991012274137868587e+01
-2.682275114210505507e+01,4.991012274137868587e+01
-2.685897514210505221e+01,4.991012274137868587e+01
-2.689519914210505647e+01,4.991012274137868587e+01
-2.693142314210505361e+01,4.991012274137868587e+01
-2.696764714210505076e+01,4.991012274137868587e+01
-2.700387114210505501e+01,4.991012274137868587e+01
-2.704009514210505216e+01,4.991012274137868587e+01
-2.707631914210505641e+01,4.991012274137868587e+01
-2.711254314210505356e+01,4.991012274137868587e+01
-2.714876714210505071e+01,4.991012274137868587e+01
-2.718499114210505496e+01,4.991012274137868587e+01
-2.722121514210505211e+01,4.991012274137868587e+01
-2.725743914210505636e+01,4.991012274137868587e+01
-2.729366314210505351e+01,4.991012274137868587e+01
-2.732988714210505066e+01,4.991012274137868587e+01
-2.736611114210505491e+01,4.991012274137868587e+01
-2.740233514210505206e+01,4.991012274137868587e+01
-2.743855914210505631e+01,4.991012274137868587e+01
-2.747478314210505346e+01,4.991012274137868587e+01
-2.751100714210505060e+01,4.991012274137868587e+01
-2.754723114210505486e+01,4.991012274137868587e+01
-2.758345514210505200e+01,4.991012274137868587e+01
-2.761967914210505626e+01,4.991012274137868587e+01
-2.765590314210505340e+01,4.991012274137868587e+01
-2.769212714210505055e+01,4.991012274137868587e+01
-2.772835114210505481e+01,4.991012274137868587e+01
-2.776457514210505195e+01,4.991012274137868587e+01
-2.780079914210505621e+01,4.991012274137868587e+01
-2.783702314210505335e+01,4.991012274137868587e+01
-2.787324714210505050e+01,4.991012274137868587e+01
-2.790947114210505475e+01,4.991012274137868587e+01
-2.794569514210505190e+01,4.991012274137868587e+01
-2.798191914210505615e+01,4.991012274137868587e+01
-2.801814314210505330e+01,4.991012274137868587e+01
-2.805436714210505045e+01,4.991012274137868587e+01
-2.809059114210505470e+01,4.991012274137868587e+01
-2.812681514210505185e+01,4.991012274137868587e+01
-2.816303914210505610e+01,4.991012274137868587e+01
-2.819926314210505325e+01,4.991012274137868587e+01
-2.823548714210505040e+01,4.991012274137868587e+01
-2.827171114210505465e+01,4.991012274137868587e+01
-2.830793514210505180e+01,4.991012274137868587e+01
-2.834415914210505605e+01,4.991012274137868587e+01
-2.838038314210505320e+01,4.991012274137868587e+01
-2.841660714210505034e+01,4.991012274137868587e+01
-2.845283114210505460e+01,4.991012274137868587e+01
-2.848905514210505174e+01,4.991012274137868587e+01
-2.852527914210505600e+01,4.991012274137868587e+01
-2.856150314210505314e+01,4.991012274137868587e+01
-2.859772714210505029e+01,4.991012274137868587e+01
-2.863395114210505454e+01,4.991012274137868587e+01
-2.867017514210505169e+01,4.991012274137868587e+01
-2.870639914210505594e+01,4.991012274137868587e+01
-2.874262314210505309e+01,4.991012274137868587e+01
-2.877884714210505024e+01,4.991012274137868587e+01
-2.881507114210505449e+01,4.991012274137868587e+01
-2.885129514210505164e+01,4.991012274137868587e+01
-2.888751914210505589e+01,4.991012274137868587e+01
-2.892374314210505304e+01,4.991012274137868587e+01
-2.895996714210505019e+01,4.991012274137868587e+01
-2.899619114210505444e+01,4.991012274137868587e+01
-2.903241514210505159e+01,4.991012274137868587e+01
-2.906863914210505584e+01,4.991012274137868587e+01
-2.910486314210505299e+01,4.991012274137868587e+01
-2.914108714210505013e+01,4.991012274137868587e+01
-2.917731114210505439e+01,4.991012274137868587e+01
-2.921353514210505153e+01,4.991012274137868587e+01
-2.924975914210505579e+01,4.991012274137868587e+01
-2.928598314210505293e+01,4.991012274137868587e+01
-2.932220714210505008e+01,4.991012274137868587e+01
-2.935843114210505433e+01,4.991012274137868587e+01
-2.939465514210505148e+01,4.991012274137868587e+01
-2.943087914210505573e+01,4.991012274137868587e+01
-2.946710314210505288e+01,4.991012274137868587e+01
-2.950332714210505003e+01,4.991012274137868587e+01
-2.953955114210505428e+01,4.991012274137868587e+01
-2.957577514210505853e+01,4.991012274137868587e+01
-2.961199914210505568e+01,4.991012274137868587e+01
-2.964822314210505283e+01,4.991012274137868587e+01
-2.968444714210504998e+01,4.991012274137868587e+01
-2.972067114210505423e+01,4.991012274137868587e+01
-2.975689514210505848e+01,4.991012274137868587e+01
-2.979311914210505563e+01,4.991012274137868587e+01
-2.982934314210505278e+01,4.991012274137868587e+01
-2.986556714210504992e+01,4.991012274137868587e+01
-2.990179114210505418e+01,4.991012274137868587e+01
-2.993801514210505843e+01,4.991012274137868587e+01
-2.997423914210505558e+01,4.991012274137868587e+01
-3.001046314210505273e+01,4.991012274137868587e+01
-3.004668714210504987e+01,4.991012274137868587e+01
-3.008291114210505413e+01,4.991012274137868587e+01
-3.011913514210505838e+01,4.991012274137868587e+01
-3.015535914210505553e+01,4.991012274137868587e+01
-3.019158314210505267e+01,4.991012274137868587e+01
-3.022780714210504982e+01,4.991012274137868587e+01
-3.026403114210505407e+01,4.991012274137868587e+01
-3.030025514210505833e+01,4.991012274137868587e+01
-3.033647914210505547e+01,4.991012274137868587e+01
-3.037270314210505262e+01,4.991012274137868587e+01
-3.040892714210504977e+01,4.991012274137868587e+01
-3.044515114210505402e+01,4.991012274137868587e+01
-3.048137514210505827e+01,4.991012274137868587e+01
-3.051759914210505542e+01,4.991012274137868587e+01
-3.055382314210505257e+01,4.991012274137868587e+01
-3.059004714210504972e+01,4.991012274137868587e+01
-3.062627114210505397e+01,4.991012274137868587e+01
-3.066249514210505822e+01,4.991012274137868587e+01
-3.069871914210505537e+01,4.991012274137868587e+01
-3.073494314210505252e+01,4.991012274137868587e+01
-3.077116714210504966e+01,4.991012274137868587e+01
-3.080739114210505392e+01,4.991012274137868587e+01
-3.084361514210505817e+01,4.991012274137868587e+01
-3.087983914210505532e+01,4.991012274137868587e+01
-3.091606314210505246e+01,4.991012274137868587e+01
-3.095228714210504961e+01,4.991012274137868587e+01
-3.098851114210505386e+01,4.991012274137868587e+01
-3.102473514210505812e+01,4.991012274137868587e+01
-3.106095914210505526e+01,4.991012274137868587e+01
-3.109718314210505241e+01,4.991012274137868587e+01
-3.113340714210504956e+01,4.991012274137868587e+01
-3.116963114210505381e+01,4.991012274137868587e+01
-3.120585514210505806e+01,4.991012274137868587e+01
-3.124207914210505521e+01,4.991012274137868587e+01
-3.126622847543838191e+01,4.993427207471201257e+01
-3.129037780877171571e+01,4.995842140804535347e+01
-3.131452714210504951e+01,4.998257074137868017e+01
-3.133867647543839041e+01,5.000672007471200686e+01
-3.136282580877172421e+01,5.003086940804534777e+01
-3.138697514210505801e+01,5.005501874137868867e+01
-3.141112447543838471e+01,5.007916807471201537e+01
-3.143527380877171851e+01,5.010331740804535627e+01
-3.145942314210505231e+01,5.012746674137868297e+01
-3.148357247543838611e+01,5.015161607471202387e+01
-3.150772180877171280e+01,5.017576540804535057e+01
-3.153187114210505371e+01,5.019991474137869147e+01
-3.155602047543838751e+01,5.022406407471201817e+01
-3.158016980877172131e+01,5.024821340804534486e+01
-3.160431914210505511e+01,5.027236274137868577e+01
-3.164054314210505225e+01,5.027236274137868577e+01
-3.167676714210504940e+01,5.027236274137868577e+01
-3.171299114210505365e+01,5.027236274137868577e+01
-3.174921514210505791e+01,5.027236274137868577e+01
-3.178543914210505505e+01,5.027236274137868577e+01
-3.182166314210505220e+01,5.027236274137868577e+01
-3.185788714210504935e+01,5.027236274137868577e+01
-3.189411114210505360e+01,5.027236274137868577e+01
-3.193033514210505786e+01,5.027236274137868577e+01
-3.196655914210505500e+01,5.027236274137868577e+01
-3.200278314210505215e+01,5.027236274137868577e+01
-3.203900714210504930e+01,5.027236274137868577e+01
-3.207523114210506066e+01,5.027236274137868577e+01
-3.211145514210505780e+01,5.027236274137868577e+01
-3.214767914210505495e+01,5.027236274137868577e+01
-3.218390314210505210e+01,5.027236274137868577e+01
-3.222012714210504924e+01,5.027236274137868577e+01
-3.225635114210506060e+01,5.027236274137868577e+01
-3.229257514210505775e+01,5.027236274137868577e+01
-3.232879914210505490e+01,5.027236274137868577e+01
-3.236502314210505205e+01,5.027236274137868577e+01
-3.240124714210504919e+01,5.027236274137868577e+01
-3.243747114210506055e+01,5.027236274137868577e+01
-3.247369514210505770e+01,5.027236274137868577e+01
-3.250991914210505485e+01,5.027236274137868577e+01
-3.254614314210505199e+01,5.027236274137868577e+01
-3.258236714210504914e+01,5.027236274137868577e+01
-3.261859114210506050e+01,5.027236274137868577e+01
-3.265481514210505765e+01,5.027236274137868577e+01
-3.269103914210505479e+01,5.027236274137868577e+01
-3.272726314210505194e+01,5.027236274137868577e+01
-3.276348714210504909e+01,5.027236274137868577e+01
-3.279971114210506045e+01,5.027236274137868577e+01
-3.283593514210505759e+01,5.027236274137868577e+01
-3.287215914210505474e+01,5.027236274137868577e+01
-3.290838314210505189e+01,5.027236274137868577e+01
-3.294460714210504904e+01,5.027236274137868577e+01
-3.298083114210506039e+01,5.027236274137868577e+01
-3.301705514210505754e+01,5.027236274137868577e+01
-3.305327914210505469e+01,5.027236274137868577e+01
-3.308950314210505184e+01,5.027236274137868577e+01
-3.312572714210504898e+01,5.027236274137868577e+01
-3.316195114210506034e+01,5.027236274137868577e+01
-3.319817514210505749e+01,5.027236274137868577e+01
-3.323439914210505464e+01,5.027236274137868577e+01
-3.327062314210505178e+01,5.027236274137868577e+01
-3.330684714210504893e+01,5.027236274137868577e+01
-3.334307114210506029e+01,5.027236274137868577e+01
-3.337929514210505744e+01,5.027236274137868577e+01
-3.341551914210505458e+01,5.027236274137868577e+01
-3.345174314210505173e+01,5.027236274137868577e+01
-3.348796714210504888e+01,5.027236274137868577e+01
-3.352419114210506024e+01,5.027236274137868577e+01
-3.356041514210505738e+01,5.027236274137868577e+01
-3.359663914210505453e+01,5.027236274137868577e+01
-3.363286314210505168e+01,5.027236274137868577e+01
-3.366908714210504883e+01,5.027236274137868577e+01
-3.370531114210506018e+01,5.027236274137868577e+01
-3.374153514210505733e+01,5.027236274137868577e+01
-3.377775914210505448e+01,5.027236274137868577e+01
-3.381398314210505163e+01,5.027236274137868577e+01
-3.385020714210504877e+01,5.027236274137868577e+01
-3.388643114210506013e+01,5.027236274137868577e+01
-3.392265514210505728e+01,5.027236274137868577e+01
-3.395887914210505443e+01,5.027236274137868577e+01
-3.399510314210505157e+01,5.027236274137868577e+01
-3.403132714210504872e+01,5.027236274137868577e+01
-3.406755114210506008e+01,5.027236274137868577e+01
-3.410377514210505723e+01,5.027236274137868577e+01
-3.413999914210505437e+01,5.027236274137868577e+01
-3.416414847543838818e+01,5.029651207471201246e+01
-3.418829780877171487e+01,5.032066140804535337e+01
-3.421244714210504867e+01,5.034481074137868006e+01
-3.423659647543838958e+01,5.036896007471200676e+01
-3.426074580877172338e+01,5.039310940804534766e+01
-3.428489514210505718e+01,5.041725874137868857e+01
-3.430904447543838387e+01,5.044140807471201526e+01
-3.433319380877171767e+01,5.046555740804535617e+01
-3.435734314210505147e+01,5.048970674137868286e+01
-3.438149247543838527e+01,5.051385607471202377e+01
-3.440564180877171196e+01,5.053800540804535046e+01
-3.442979114210505998e+01,5.056215474137869137e+01
-3.445394047543838667e+01,5.058630407471201806e+01
-3.447808980877172047e+01,5.061045340804535897e+01
-3.450223914210505427e+01,5.063460274137868566e+01
-3.453846314210505142e+01,5.063460274137868566e+01
-3.457468714210504857e+01,5.063460274137868566e+01
-3.461091114210505992e+01,5.063460274137868566e+01
-3.464713514210505707e+01,5.063460274137868566e+01
-3.468335914210505422e+01,5.063460274137868566e+01
-3.471958314210505137e+01,5.063460274137868566e+01
-3.475580714210504851e+01,5.063460274137868566e+01
-3.479203114210505987e+01,5.063460274137868566e+01
-3.482825514210505702e+01,5.063460274137868566e+01
-3.486447914210505417e+01,5.063460274137868566e+01
-3.490070314210505131e+01,5.063460274137868566e+01
-3.493692714210504846e+01,5.063460274137868566e+01
-3.497315114210505982e+01,5.063460274137868566e+01
-3.500937514210505697e+01,5.063460274137868566e+01
-3.504559914210505411e+01,5.063460274137868566e+01
-3.508182314210505126e+01,5.063460274137868566e+01
-3.511804714210504841e+01,5.063460274137868566e+01
-3.515427114210505977e+01,5.063460274137868566e+01
-3.519049514210505691e+01,5.063460274137868566e+01
-3.522671914210505406e+01,5.063460274137868566e+01
-3.526294314210505121e+01,5.063460274137868566e+01
-3.529916714210504836e+01,5.063460274137868566e+01
-3.533539114210505971e+01,5.063460274137868566e+01
-3.537161514210505686e+01,5.063460274137868566e+01
-3.540783914210505401e+01,5.063460274137868566e+01
-3.544406314210505116e+01,5.063460274137868566e+01
-3.548028714210504830e+01,5.063460274137868566e+01
-3.551651114210505966e+01,5.063460274137868566e+01
-3.555273514210505681e+01,5.063460274137868566e+01
-3.558895914210505396e+01,5.063460274137868566e+01
-3.562518314210505110e+01,5.063460274137868566e+01
-3.566140714210504825e+01,5.063460274137868566e+01
-3.569763114210505961e+01,5.063460274137868566e+01
-3.573385514210505676e+01,5.063460274137868566e+01
-3.577007914210505390e+01,5.063460274137868566e+01
-3.580630314210505105e+01,5.063460274137868566e+01
-3.584252714210504820e+01,5.063460274137868566e+01
-3.587875114210505956e+01,5.063460274137868566e+01
-3.591497514210505670e+01,5.063460274137868566e+01
-3.595119914210505385e+01,5.063460274137868566e+01
-3.598742314210505100e+01,5.063460274137868566e+01
-3.602364714210504815e+01,5.063460274137868566e+01
-3.605987114210505950e+01,5.063460274137868566e+01
-3.609609514210505665e+01,5.063460274137868566e+01
-3.613231914210505380e+01,5.063460274137868566e+01
-3.616854314210505095e+01,5.063460274137868566e+01
-3.620476714210504809e+01,5.063460274137868566e+01
-3.624099114210505945e+01,5.063460274137868566e+01
-3.627721514210505660e+01,5.063460274137868566e+01
-3.631343914210505375e+01,5.063460274137868566e+01
-3.633758847543838755e+01,5.065875207471201236e+01
-3.636173780877171424e+01,5.068290140804535326e+01
-3.638588714210504804e+01,5.070705074137867996e+01
-3.641003647543838895e+01,5.073120007471200665e+01
-3.643418580877172275e+01,5.075534940804534756e+01
-3.645833514210505655e+01,5.077949874137868846e+01
-3.648248447543839035e+01,5.080364807471201516e+01
-3.650663380877171704e+01,5.082779740804535606e+01
-3.653078314210505084e+01,5.085194674137868276e+01
-3.655493247543838464e+01,5.087609607471202366e+01
-3.657908180877171844e+01,5.090024540804535036e+01
-3.660323114210505935e+01,5.092439474137869126e+01
-3.662738047543838604e+01,5.094854407471201796e+01
-3.665152980877171984e+01,5.097269340804535886e+01
-3.667567914210505364e+01,5.099684274137868556e+01
-3.671190314210505079e+01,5.099684274137868556e+01
-3.674812714210504794e+01,5.099684274137868556e+01
-3.678435114210505930e+01,5.099684274137868556e+01
-3.682057514210505644e+01,5.099684274137868556e+01
-3.685679914210505359e+01,5.099684274137868556e+01
-3.689302314210505074e+01,5.099684274137868556e+01
-3.692924714210504789e+01,5.099684274137868556e+01
-3.696547114210505924e+01,5.099684274137868556e+01
-3.700169514210505639e+01,5.099684274137868556e+01
-3.703791914210505354e+01,5.099684274137868556e+01
-3.707414314210505069e+01,5.099684274137868556e+01
-3.711036714210504783e+01,5.099684274137868556e+01
-3.714659114210505919e+01,5.099684274137868556e+01
-3.718281514210505634e+01,5.099684274137868556e+01
-3.721903914210505349e+01,5.099684274137868556e+01
-3.725526314210505063e+01,5.099684274137868556e+01
-3.729148714210504778e+01,5.099684274137868556e+01
-3.732771114210505914e+01,5.099684274137868556e+01
-3.736393514210505629e+01,5.099684274137868556e+01
-3.740015914210505343e+01,5.099684274137868556e+01
-3.743638314210505058e+01,5.099684274137868556e+01
-3.747260714210504773e+01,5.099684274137868556e+01
-3.750883114210505909e+01,5.099684274137868556e+01
-3.754505514210505623e+01,5.099684274137868556e+01
-3.758127914210505338e+01,5.099684274137868556e+01
-3.761750314210505053e+01,5.099684274137868556e+01
-3.765372714210504768e+01,5.099684274137868556e+01
-3.768995114210505903e+01,5.099684274137868556e+01
-3.772617514210505618e+01,5.099684274137868556e+01
-3.776239914210505333e+01,5.099684274137868556e+01
-3.779862314210505048e+01,5.099684274137868556e+01
-3.783484714210504762e+01,5.099684274137868556e+01
-3.787107114210505898e+01,5.099684274137868556e+01
-3.790729514210505613e+01,5.099684274137868556e+01
-3.794351914210505328e+01,5.099684274137868556e+01
-3.797974314210505042e+01,5.099684274137868556e+01
-3.801596714210504757e+01,5.099684274137868556e+01
-3.805219114210505893e+01,5.099684274137868556e+01
-3.808841514210505608e+01,5.099684274137868556e+01
-3.812463914210505322e+01,5.099684274137868556e+01
-3.814878847543838702e+01,5.102099207471201225e+01
-3.817293780877171372e+01,5.104514140804535316e+01
-3.819708714210504752e+01,5.106929074137867985e+01
-3.822123647543838842e+01,5.109344007471200655e+01
-3.824538580877172222e+01,5.111758940804534745e+01
-3.826953514210505602e+01,5.114173874137868836e+01
-3.829368447543838982e+01,5.116588807471201505e+01
-3.831783380877171652e+01,5.119003740804535596e+01
-3.834198314210505032e+01,5.121418674137868265e+01
-3.836613247543838412e+01,5.123833607471202356e+01
-3.839028180877171792e+01,5.126248540804535025e+01
-3.841443114210505883e+01,5.128663474137869116e+01
-3.843858047543839263e+01,5.131078407471201785e+01
-3.846272980877171932e+01,5.133493340804535876e+01
-3.848687914210505312e+01,5.135908274137868545e+01
-3.852310314210505027e+01,5.135908274137868545e+01
-3.855932714210505452e+01,5.135908274137868545e+01
-3.859555114210505167e+01,5.135908274137868545e+01
-3.863177514210505592e+01,5.135908274137868545e+01
-3.866799914210505307e+01,5.135908274137868545e+01
-3.870422314210505021e+01,5.135908274137868545e+01
-3.874044714210505447e+01,5.135908274137868545e+01
-3.877667114210505162e+01,5.135908274137868545e+01
-3.881289514210505587e+01,5.135908274137868545e+01
-3.884911914210505302e+01,5.135908274137868545e+01
-3.888534314210505016e+01,5.135908274137868545e+01
-3.892156714210505442e+01,5.135908274137868545e+01
-3.895779114210505156e+01,5.135908274137868545e+01
-3.899401514210505582e+01,5.135908274137868545e+01
-3.903023914210505296e+01,5.135908274137868545e+01
-3.906646314210505011e+01,5.135908274137868545e+01
-3.910268714210505436e+01,5.135908274137868545e+01
-3.913891114210505151e+01,5.135908274137868545e+01
-3.917513514210505576e+01,5.135908274137868545e+01
-3.921135914210505291e+01,5.135908274137868545e+01
-3.924758314210505006e+01,5.135908274137868545e+01
-3.928380714210505431e+01,5.135908274137868545e+01
-3.932003114210505146e+01,5.135908274137868545e+01
-3.935625514210505571e+01,5.135908274137868545e+01
-3.939247914210505286e+01,5.135908274137868545e+01
-3.942870314210505001e+01,5.135908274137868545e+01
-3.946492714210505426e+01,5.135908274137868545e+01
-3.950115114210505141e+01,5.135908274137868545e+01
-3.953737514210505566e+01,5.135908274137868545e+01
-3.957359914210505281e+01,5.135908274137868545e+01
-3.960982314210504995e+01,5.135908274137868545e+01
-3.964604714210505421e+01,5.135908274137868545e+01
-3.968227114210505135e+01,5.135908274137868545e+01
-3.971849514210505561e+01,5.135908274137868545e+01
-3.975471914210505275e+01,5.135908274137868545e+01
-3.979094314210504990e+01,5.135908274137868545e+01
-3.982716714210505415e+01,5.135908274137868545e+01
-3.986339114210505130e+01,5.135908274137868545e+01
-3.989961514210505555e+01,5.135908274137868545e+01
-3.993583914210505270e+01,5.135908274137868545e+01
-3.995998847543838650e+01,5.138323207471201215e+01
-3.998413780877172030e+01,5.140738140804535306e+01
-4.000828714210505410e+01,5.143153074137867975e+01
-4.003243647543838790e+01,5.145568007471200644e+01
-4.005658580877171460e+01,5.147982940804534735e+01
-4.008073514210505550e+01,5.150397874137868826e+01
-4.010488447543838930e+01,5.152812807471201495e+01
-4.012903380877171600e+01,5.155227740804535586e+01
-4.015318314210504980e+01,5.157642674137868255e+01
-4.017733247543839070e+01,5.160057607471202346e+01
-4.020148180877171740e+01,5.162472540804535015e+01
-4.022563114210505120e+01,5.164887474137869106e+01
-4.024978047543838500e+01,5.167302407471201775e+01
-4.027392980877171880e+01,5.169717340804535866e+01
-4.029807914210505260e+01,5.172132274137868535e+01
-4.033430314210504974e+01,5.172132274137868535e+01
-4.037052714210505400e+01,5.172132274137868535e+01
-4.040675114210505114e+01,5.172132274137868535e+01
-4.044297514210505540e+01,5.172132274137868535e+01
-4.047919914210505254e+01,5.172132274137868535e+01
-4.051542314210504969e+01,5.172132274137868535e+01
-4.055164714210505394e+01,5.172132274137868535e+01
-4.058787114210505109e+01,5.172132274137868535e+01
-4.062409514210505534e+01,5.172132274137868535e+01
-4.066031914210505249e+01,5.172132274137868535e+01
-4.069654314210504964e+01,5.172132274137868535e+01
-4.073276714210505389e+01,5.172132274137868535e+01
-4.076899114210505104e+01,5.172132274137868535e+01
-4.080521514210505529e+01,5.172132274137868535e+01
-4.084143914210505244e+01,5.172132274137868535e+01
-4.087766314210504959e+01,5.172132274137868535e+01
-4.091388714210505384e+01,5.172132274137868535e+01
-4.095011114210505099e+01,5.172132274137868535e+01
-4.098633514210505524e+01,5.172132274137868535e+01
-4.102255914210505239e+01,5.172132274137868535e+01
-4.105878314210504954e+01,5.172132274137868535e+01
-4.109500714210505379e+01,5.172132274137868535e+01
-4.113123114210505094e+01,5.172132274137868535e+01
-4.116745514210505519e+01,5.172132274137868535e+01
-4.120367914210505234e+01,5.172132274137868535e+01
-4.123990314210504948e+01,5.172132274137868535e+01
-4.127612714210505374e+01,5.172132274137868535e+01
-4.131235114210505088e+01,5.172132274137868535e+01
-4.134857514210505514e+01,5.172132274137868535e+01
-4.138479914210505228e+01,5.172132274137868535e+01
-4.142102314210504943e+01,5.172132274137868535e+01
-4.145724714210505368e+01,5.172132274137868535e+01
-4.149347114210505083e+01,5.172132274137868535e+01
-4.152969514210505508e+01,5.172132274137868535e+01
-4.156591914210505223e+01,5.172132274137868535e+01
-4.160214314210504938e+01,5.172132274137868535e+01
-4.163836714210505363e+01,5.172132274137868535e+01
-4.167459114210505078e+01,5.172132274137868535e+01
-4.171081514210505503e+01,5.172132274137868535e+01
-4.174703914210505218e+01,5.172132274137868535e+01
-4.177118847543838598e+01,5.174547207471201204e+01
-4.179533780877171978e+01,5.176962140804535295e+01
-4.181948714210505358e+01,5.179377074137867965e+01
-4.184363647543838738e+01,5.181792007471200634e+01
-4.186778580877172118e+01,5.184206940804534725e+01
-4.189193514210505498e+01,5.186621874137868815e+01
-4.191608447543838878e+01,5.189036807471201485e+01
-4.194023380877172258e+01,5.191451740804535575e+01
-4.196438314210504927e+01,5.193866674137868245e+01
-4.198853247543839018e+01,5.196281607471202335e+01
-4.201268180877171687e+01,5.198696540804535005e+01
-4.203683114210505067e+01,5.201111474137869095e+01
-4.206098047543838447e+01,5.203526407471201765e+01
-4.208512980877171827e+01,5.205941340804535855e+01
-4.210927914210505207e+01,5.208356274137868525e+01
-4.214550314210504922e+01,5.208356274137868525e+01
-4.218172714210505347e+01,5.208356274137868525e+01
-4.221795114210505062e+01,5.208356274137868525e+01
-4.225417514210505487e+01,5.208356274137868525e+01
-4.229039914210505202e+01,5.208356274137868525e+01
-4.232662314210504917e+01,5.208356274137868525e+01
-4.236284714210505342e+01,5.208356274137868525e+01
-4.239907114210505057e+01,5.208356274137868525e+01
-4.243529514210505482e+01,5.208356274137868525e+01
-4.247151914210505197e+01,5.208356274137868525e+01
-4.250774314210504912e+01,5.208356274137868525e+01
-4.254396714210505337e+01,5.208356274137868525e+01
-4.258019114210505052e+01,5.208356274137868525e+01
-4.261641514210505477e+01,5.208356274137868525e+01
-4.265263914210505192e+01,5.208356274137868525e+01
-4.268886314210504906e+01,5.208356274137868525e+01
-4.272508714210505332e+01,5.208356274137868525e+01
-4.276131114210505046e+01,5.208356274137868525e+01
-4.279753514210505472e+01,5.208356274137868525e+01
-4.283375914210505186e+01,5.208356274137868525e+01
-4.286998314210504901e+01,5.208356274137868525e+01
-4.290620714210505326e+01,5.208356274137868525e+01
-4.294243114210505041e+01,5.208356274137868525e+01
-4.297865514210505467e+01,5.208356274137868525e+01
-4.301487914210505181e+01,5.208356274137868525e+01
-4.305110314210504896e+01,5.208356274137868525e+01
-4.308732714210505321e+01,5.208356274137868525e+01
-4.312355114210505036e+01,5.208356274137868525e+01
-4.315977514210505461e+01,5.208356274137868525e+01
-4.319599914210505176e+01,5.208356274137868525e+01
-4.323222314210504891e+01,5.208356274137868525e+01
-4.326844714210505316e+01,5.208356274137868525e+01
-4.330467114210505031e+01,5.208356274137868525e+01
-4.334089514210505456e+01,5.208356274137868525e+01
-4.337711914210505171e+01,5.208356274137868525e+01
-4.341334314210504886e+01,5.208356274137868525e+01
-4.344956714210505311e+01,5.208356274137868525e+01
-4.348579114210505026e+01,5.208356274137868525e+01
-4.352201514210505451e+01,5.208356274137868525e+01
-4.355823914210505166e+01,5.208356274137868525e+01
-4.358238847543838546e+01,5.210771207471201194e+01
-4.360653780877171926e+01,5.213186140804535285e+01
-4.363068714210505306e+01,5.215601074137867954e+01
-4.365483647543838686e+01,5.218016007471200624e+01
-4.367898580877172066e+01,5.220430940804534714e+01
-4.370313514210505446e+01,5.222845874137868805e+01
-4.372728447543838826e+01,5.225260807471201474e+01
-4.375143380877172206e+01,5.227675740804535565e+01
-4.377558314210504875e+01,5.230090674137868234e+01
-4.379973247543838966e+01,5.232505607471202325e+01
-4.382388180877172346e+01,5.234920540804534994e+01
-4.384803114210505015e+01,5.237335474137869085e+01
-4.387218047543838395e+01,5.239750407471201754e+01
-4.389632980877171775e+01,5.242165340804535845e+01
-4.392047914210505155e+01,5.244580274137868514e+01
-4.395670314210504870e+01,5.244580274137868514e+01
-4.399292714210505295e+01,5.244580274137868514e+01
-4.402915114210505010e+01,5.244580274137868514e+01
-4.406537514210505435e+01,5.244580274137868514e+01
-4.410159914210505150e+01,5.244580274137868514e+01
-4.413782314210504865e+01,5.244580274137868514e+01
-4.417404714210505290e+01,5.244580274137868514e+01
-4.421027114210505005e+01,5.244580274137868514e+01
-4.424649514210505430e+01,5.244580274137868514e+01
-4.428271914210505145e+01,5.244580274137868514e+01
-4.431894314210504859e+01,5.244580274137868514e+01
-4.435516714210505285e+01,5.244580274137868514e+01
-4.439139114210504999e+01,5.244580274137868514e+01
-4.442761514210505425e+01,5.244580274137868514e+01
-4.446383914210505139e+01,5.244580274137868514e+01
-4.450006314210504854e+01,5.244580274137868514e+01
-4.453628714210505279e+01,5.244580274137868514e+01
-4.457251114210504994e+01,5.244580274137868514e+01
-4.460873514210505419e+01,5.244580274137868514e+01
-4.464495914210505134e+01,5.244580274137868514e+01
-4.468118314210504849e+01,5.244580274137868514e+01
-4.471740714210505274e+01,5.244580274137868514e+01
-4.475363114210504989e+01,5.244580274137868514e+01
-4.478985514210505414e+01,5.244580274137868514e+01
-4.482607914210505129e+01,5.244580274137868514e+01
-4.486230314210504844e+01,5.244580274137868514e+01
-4.489852714210505269e+01,5.244580274137868514e+01
-4.493475114210504984e+01,5.244580274137868514e+01
-4.497097514210505409e+01,5.244580274137868514e+01
-4.500719914210505124e+01,5.244580274137868514e+01
-4.504342314210504838e+01,5.244580274137868514e+01
-4.507964714210505264e+01,5.244580274137868514e+01
-4.511587114210504978e+01,5.244580274137868514e+01
-4.515209514210505404e+01,5.244580274137868514e+01
-4.518831914210505118e+01,5.244580274137868514e+01
-4.522454314210504833e+01,5.244580274137868514e+01
-4.526076714210505259e+01,5.244580274137868514e+01
-4.529699114210504973e+01,5.244580274137868514e+01
-4.533321514210505399e+01,5.244580274137868514e+01
-4.536943914210505113e+01,5.244580274137868514e+01
-4.539358847543838493e+01,5.246995207471201184e+01
-4.541773780877172584e+01,5.249410140804535274e+01
-4.544188714210505253e+01,5.251825074137867944e+01
-4.546603647543838633e+01,5.254240007471200613e+01
-4.549018580877172013e+01,5.256654940804534704e+01
-4.551433514210505393e+01,5.259069874137868794e+01
-4.553848447543838773e+01,5.261484807471201464e+01
-4.556263380877172153e+01,5.263899740804535554e+01
-4.558678314210504823e+01,5.266314674137868224e+01
-4.561093247543838913e+01,5.268729607471202314e+01
-4.563508180877172293e+01,5.271144540804534984e+01
-4.565923114210504963e+01,5.273559474137869074e+01
-4.568338047543838343e+01,5.275974407471201744e+01
-4.570752980877172433e+01,5.278389340804535834e+01
-4.573167914210505103e+01,5.280804274137868504e+01
-4.576790314210504818e+01,5.280804274137868504e+01
-4.580412714210505243e+01,5.280804274137868504e+01
-4.584035114210504958e+01,5.280804274137868504e+01
-4.587657514210505383e+01,5.280804274137868504e+01
-4.591279914210505098e+01,5.280804274137868504e+01
-4.594902314210504812e+01,5.280804274137868504e+01
-4.598524714210505238e+01,5.280804274137868504e+01
-4.602147114210504952e+01,5.280804274137868504e+01
-4.605769514210505378e+01,5.280804274137868504e+01
-4.609391914210505092e+01,5.280804274137868504e+01
-4.613014314210504807e+01,5.280804274137868504e+01
-4.616636714210505232e+01,5.280804274137868504e+01
-4.620259114210504947e+01,5.280804274137868504e+01
-4.623881514210505372e+01,5.280804274137868504e+01
-4.627503914210505087e+01,5.280804274137868504e+01
-4.631126314210504802e+01,5.280804274137868504e+01
-4.634748714210505227e+01,5.280804274137868504e+01
-4.638371114210504942e+01,5.280804274137868504e+01
-4.641993514210505367e+01,5.280804274137868504e+01
-4.645615914210505082e+01,5.280804274137868504e+01
-4.649238314210504797e+01,5.280804274137868504e+01
-4.652860714210505222e+01,5.280804274137868504e+01
-4.656483114210504937e+01,5.280804274137868504e+01
-4.660105514210505362e+01,5.280804274137868504e+01
-4.663727914210505077e+01,5.280804274137868504e+01
-4.667350314210504791e+01,5.280804274137868504e+01
-4.670972714210505217e+01,5.280804274137868504e+01
-4.674595114210504931e+01,5.280804274137868504e+01
-4.678217514210505357e+01,5.280804274137868504e+01
-4.681839914210505071e+01,5.280804274137868504e+01
-4.685462314210504786e+01,5.280804274137868504e+01
-4.689084714210505211e+01,5.280804274137868504e+01
-4.692707114210504926e+01,5.280804274137868504e+01
-4.696329514210505351e+01,5.280804274137868504e+01
-4.699951914210505066e+01,5.280804274137868504e+01
-4.703574314210504781e+01,5.280804274137868504e+01
-4.707196714210505206e+01,5.280804274137868504e+01
-4.710819114210504921e+01,5.280804274137868504e+01
-4.714441514210505346e+01,5.280804274137868504e+01
-4.718063914210505061e+01,5.280804274137868504e+01
-4.720478847543838441e+01,5.283219207471201173e+01
-4.722893780877172532e+01,5.285634140804535264e+01
-4.725308714210505201e+01,5.288049074137867933e+01
-4.727723647543838581e+01,5.290464007471200603e+01
-4.730138580877171961e+01,5.292878940804534693e+01
-4.732553514210505341e+01,5.295293874137868784e+01
-4.734968447543838721e+01,5.297708807471201453e+01
-4.737383380877172101e+01,5.300123740804535544e+01
-4.739798314210504770e+01,5.302538674137868213e+01
-4.742213247543838861e+01,5.304953607471202304e+01
-4.744628180877172241e+01,5.307368540804534973e+01
-4.747043114210504910e+01,5.309783474137869064e+01
-4.749458047543838290e+01,5.312198407471201733e+01
-4.751872980877172381e+01,5.314613340804535824e+01
-4.754287914210505051e+01,5.317028274137868493e+01
-4.757910314210505476e+01,5.317028274137868493e+01
-4.761532714210505191e+01,5.317028274137868493e+01
-4.765155114210504905e+01,5.317028274137868493e+01
-4.768777514210505331e+01,5.317028274137868493e+01
-4.772399914210505045e+01,5.317028274137868493e+01
-4.776022314210505471e+01,5.317028274137868493e+01
-4.779644714210505185e+01,5.317028274137868493e+01
-4.783267114210504900e+01,5.317028274137868493e+01
-4.786889514210505325e+01,5.317028274137868493e+01
-4.790511914210505040e+01,5.317028274137868493e+01
-4.794134314210505465e+01,5.317028274137868493e+01
-4.797756714210505180e+01,5.317028274137868493e+01
-4.801379114210504895e+01,5.317028274137868493e+01
-4.805001514210505320e+01,5.317028274137868493e+01
-4.808623914210505035e+01,5.317028274137868493e+01
-4.812246314210505460e+01,5.317028274137868493e+01
-4.815868714210505175e+01,5.317028274137868493e+01
-4.819491114210504890e+01,5.317028274137868493e+01
-4.823113514210505315e+01,5.317028274137868493e+01
-4.826735914210505030e+01,5.317028274137868493e+01
-4.830358314210505455e+01,5.317028274137868493e+01
-4.833980714210505170e+01,5.317028274137868493e+01
-4.837603114210504884e+01,5.317028274137868493e+01
-4.841225514210505310e+01,5.317028274137868493e+01
-4.844847914210505024e+01,5.317028274137868493e+01
-4.848470314210505450e+01,5.317028274137868493e+01
-4.852092714210505164e+01,5.317028274137868493e+01
-4.855715114210504879e+01,5.317028274137868493e+01
-4.859337514210505304e+01,5.317028274137868493e+01
-4.862959914210505019e+01,5.317028274137868493e+01
-4.866582314210505444e+01,5.317028274137868493e+01
-4.870204714210505159e+01,5.317028274137868493e+01
-4.873827114210504874e+01,5.317028274137868493e+01
-4.877449514210505299e+01,5.317028274137868493e+01
-4.881071914210505014e+01,5.317028274137868493e+01
-4.884694314210505439e+01,5.317028274137868493e+01
-4.888316714210505154e+01,5.317028274137868493e+01
-4.891939114210505579e+01,5.317028274137868493e+01
-4.895561514210505294e+01,5.317028274137868493e+01
-4.899183914210505009e+01,5.317028274137868493e+01
-4.901598847543838389e+01,5.319443207471201163e+01
-4.904013780877172479e+01,5.321858140804535253e+01
-4.906428714210505149e+01,5.324273074137867923e+01
-4.908843647543838529e+01,5.326688007471200592e+01
-4.911258580877171909e+01,5.329102940804534683e+01
-4.913673514210505289e+01,5.331517874137868773e+01
-4.916088447543838669e+01,5.333932807471201443e+01
-4.918503380877172049e+01,5.336347740804535533e+01
-4.920918314210505429e+01,5.338762674137868203e+01
-4.923333247543838809e+01,5.341177607471202293e+01
-4.925748180877172189e+01,5.343592540804534963e+01
-4.928163114210505569e+01,5.346007474137869053e+01
-4.930578047543838238e+01,5.348422407471201723e+01
-4.932992980877172329e+01,5.350837340804535813e+01
-4.935407914210504998e+01,5.353252274137868483e+01
-4.939030314210505423e+01,5.353252274137868483e+01
-4.942652714210505138e+01,5.353252274137868483e+01
-4.946275114210505564e+01,5.353252274137868483e+01
-4.949897514210505278e+01,5.353252274137868483e+01
-4.953519914210504993e+01,5.353252274137868483e+01
-4.957142314210505418e+01,5.353252274137868483e+01
-4.960764714210505133e+01,5.353252274137868483e+01
-4.964387114210505558e+01,5.353252274137868483e+01
-4.968009514210505273e+01,5.353252274137868483e+01
-4.971631914210504988e+01,5.353252274137868483e+01
-4.975254314210505413e+01,5.353252274137868483e+01
-4.978876714210505128e+01,5.353252274137868483e+01
-4.982499114210505553e+01,5.353252274137868483e+01
-4.986121514210505268e+01,5.353252274137868483e+01
-4.989743914210504983e+01,5.353252274137868483e+01
-4.993366314210505408e+01,5.353252274137868483e+01
-4.996988714210505123e+01,5.353252274137868483e+01
-5.000611114210505548e+01,5.353252274137868483e+01
-5.004233514210505263e+01,5.353252274137868483e+01
-5.007855914210504977e+01,5.353252274137868483e+01
-5.011478314210505403e+01,5.353252274137868483e+01
-5.015100714210505117e+01,5.353252274137868483e+01
-5.018723114210505543e+01,5.353252274137868483e+01
-5.022345514210505257e+01,5.353252274137868483e+01
-5.025967914210505683e+01,5.353252274137868483e+01
-5.029590314210505397e+01,5.353252274137868483e+01
-5.033212714210505112e+01,5.353252274137868483e+01
-5.036835114210505537e+01,5.353252274137868483e+01
-5.040457514210505252e+01,5.353252274137868483e+01
-5.044079914210505677e+01,5.353252274137868483e+01
-5.047702314210505392e+01,5.353252274137868483e+01
-5.051324714210505107e+01,5.353252274137868483e+01
-5.054947114210505532e+01,5.353252274137868483e+01
-5.058569514210505247e+01,5.353252274137868483e+01
-5.062191914210505672e+01,5.353252274137868483e+01
-5.065814314210505387e+01,5.353252274137868483e+01
-5.069436714210505102e+01,5.353252274137868483e+01
-5.073059114210505527e+01,5.353252274137868483e+01
-5.076681514210505242e+01,5.353252274137868483e+01
-5.080303914210505667e+01,5.353252274137868483e+01
-5.083926314210505382e+01,5.353252274137868483e+01
-5.087548714210505096e+01,5.353252274137868483e+01
-5.091171114210505522e+01,5.353252274137868483e+01
-5.094793514210505236e+01,5.353252274137868483e+01
-5.098415914210505662e+01,5.353252274137868483e+01
-5.102038314210505376e+01,5.353252274137868483e+01
-5.105660714210505091e+01,5.353252274137868483e+01
-5.109283114210505516e+01,5.353252274137868483e+01
-5.112905514210505231e+01,5.353252274137868483e+01
-5.116527914210505656e+01,5.353252274137868483e+01
-5.118942847543838326e+01,5.355667207471201152e+01
-5.121357780877172416e+01,5.358082140804535243e+01
-5.123772714210505086e+01,5.360497074137867912e+01
-5.126187647543838466e+01,5.362912007471200582e+01
-5.128602580877171846e+01,5.365326940804534672e+01
-5.131017514210505226e+01,5.367741874137868763e+01
-5.133432447543838606e+01,5.370156807471201432e+01
-5.135847380877171986e+01,5.372571740804535523e+01
-5.138262314210505366e+01,5.374986674137868192e+01
-5.140677247543838746e+01,5.377401607471202283e+01
-5.143092180877172126e+01,5.379816540804534952e+01
-5.145507114210505506e+01,5.382231474137869043e+01
-5.147922047543838175e+01,5.384646407471201712e+01
-5.150336980877172266e+01,5.387061340804535803e+01
-5.152751914210505646e+01,5.389476274137868472e+01
-5.156374314210505361e+01,5.389476274137868472e+01
-5.159996714210505786e+01,5.389476274137868472e+01
-5.163619114210505501e+01,5.389476274137868472e+01
-5.167241514210505215e+01,5.389476274137868472e+01
-5.170863914210505641e+01,5.389476274137868472e+01
-5.174486314210505356e+01,5.389476274137868472e+01
-5.178108714210505781e+01,5.389476274137868472e+01
-5.181731114210505496e+01,5.389476274137868472e+01
-5.185353514210505210e+01,5.389476274137868472e+01
-5.188975914210505636e+01,5.389476274137868472e+01
-5.192598314210505350e+01,5.389476274137868472e+01
-5.196220714210505776e+01,5.389476274137868472e+01
-5.199843114210505490e+01,5.389476274137868472e+01
-5.203465514210505205e+01,5.389476274137868472e+01
-5.207087914210505630e+01,5.389476274137868472e+01
-5.210710314210505345e+01,5.389476274137868472e+01
-5.214332714210505770e+01,5.389476274137868472e+01
-5.217955114210505485e+01,5.389476274137868472e+01
-5.221577514210505200e+01,5.389476274137868472e+01
-5.225199914210505625e+01,5.389476274137868472e+01
-5.228822314210505340e+01,5.389476274137868472e+01
-5.232444714210505765e+01,5.389476274137868472e+01
-5.236067114210505480e+01,5.389476274137868472e+01
-5.239689514210505195e+01,5.389476274137868472e+01
-5.243311914210505620e+01,5.389476274137868472e+01
-5.246934314210505335e+01,5.389476274137868472e+01
-5.250556714210505760e+01,5.389476274137868472e+01
-5.254179114210505475e+01,5.389476274137868472e+01
-5.257801514210505189e+01,5.389476274137868472e+01
-5.261423914210505615e+01,5.389476274137868472e+01
-5.265046314210505329e+01,5.389476274137868472e+01
-5.268668714210505755e+01,5.389476274137868472e+01
-5.272291114210505469e+01,5.389476274137868472e+01
-5.275913514210505895e+01,5.389476274137868472e+01
-5.279535914210505609e+01,5.389476274137868472e+01
-5.283158314210505324e+01,5.389476274137868472e+01
-5.286780714210505039e+01,5.389476274137868472e+01
-5.290403114210505464e+01,5.389476274137868472e+01
-5.294025514210505889e+01,5.389476274137868472e+01
-5.297647914210504894e+01,5.389476274137868472e+01
-5.300062847543838984e+01,5.391891207471201142e+01
-5.302477780877172364e+01,5.394306140804535232e+01
-5.304892714210505744e+01,5.396721074137867902e+01
-5.307307647543838414e+01,5.399136007471200571e+01
-5.309722580877171794e+01,5.401550940804534662e+01
-5.312137514210505174e+01,5.403965874137868752e+01
-5.314552447543839264e+01,5.406380807471201422e+01
-5.316967380877171934e+01,5.408795740804535512e+01
-5.319382314210504603e+01,5.411210674137868182e+01
-5.321797247543838694e+01,5.413625607471202272e+01
-5.324212180877172074e+01,5.416040540804534942e+01
-5.326627114210505454e+01,5.418455474137869032e+01
-5.329042047543838123e+01,5.420870407471201702e+01
-5.331456980877172214e+01,5.423285340804535792e+01
-5.333871914210504883e+01,5.425700274137868462e+01
-5.337494314210505308e+01,5.425700274137868462e+01
-5.341116714210505734e+01,5.425700274137868462e+01
-5.344739114210504738e+01,5.425700274137868462e+01
-5.348361514210505163e+01,5.425700274137868462e+01
-5.351983914210505588e+01,5.425700274137868462e+01
-5.355606314210505303e+01,5.425700274137868462e+01
-5.359228714210505018e+01,5.425700274137868462e+01
-5.362851114210505443e+01,5.425700274137868462e+01
-5.366473514210505869e+01,5.425700274137868462e+01
-5.370095914210504873e+01,5.425700274137868462e+01
-5.373718314210505298e+01,5.425700274137868462e+01
-5.377340714210505723e+01,5.425700274137868462e+01
-5.380963114210504727e+01,5.425700274137868462e+01
-5.384585514210505153e+01,5.425700274137868462e+01
-5.388207914210505578e+01,5.425700274137868462e+01
-5.391830314210505293e+01,5.425700274137868462e+01
-5.395452714210505007e+01,5.425700274137868462e+01
-5.399075114210505433e+01,5.425700274137868462e+01
-5.402697514210505858e+01,5.425700274137868462e+01
-5.406319914210504862e+01,5.425700274137868462e+01
-5.409942314210505288e+01,5.425700274137868462e+01
-5.413564714210505713e+01,5.425700274137868462e+01
-5.417187114210504717e+01,5.425700274137868462e+01
-5.420809514210505142e+01,5.425700274137868462e+01
-5.424431914210505568e+01,5.425700274137868462e+01
-5.428054314210505282e+01,5.425700274137868462e+01
-5.431676714210504997e+01,5.425700274137868462e+01
-5.435299114210505422e+01,5.425700274137868462e+01
-5.438921514210505848e+01,5.425700274137868462e+01
-5.442543914210504852e+01,5.425700274137868462e+01
-5.446166314210505277e+01,5.425700274137868462e+01
-5.449788714210505702e+01,5.425700274137868462e+01
-5.453411114210504707e+01,5.425700274137868462e+01
-5.457033514210505132e+01,5.425700274137868462e+01
-5.460655914210505557e+01,5.425700274137868462e+01
-5.464278314210505272e+01,5.425700274137868462e+01
-5.467900714210504987e+01,5.425700274137868462e+01
-5.471523114210505412e+01,5.425700274137868462e+01
-5.475145514210505837e+01,5.425700274137868462e+01
-5.478767914210504841e+01,5.425700274137868462e+01
-5.481182847543838932e+01,5.428115207471201131e+01
-5.483597780877172312e+01,5.430530140804535222e+01
-5.486012714210505692e+01,5.432945074137867891e+01
-5.488427647543838361e+01,5.435360007471200561e+01
-5.490842580877171741e+01,5.437774940804534651e+01
-5.493257514210505121e+01,5.440189874137868742e+01
-5.495672447543839212e+01,5.442604807471201411e+01
-5.498087380877171881e+01,5.445019740804535502e+01
-5.500502314210505261e+01,5.447434674137868171e+01
-5.502917247543838641e+01,5.449849607471202262e+01
-5.505332180877172021e+01,5.452264540804534931e+01
-5.507747114210505401e+01,5.454679474137869022e+01
-5.510162047543838071e+01,5.457094407471201691e+01
-5.512576980877172161e+01,5.459509340804535782e+01
-5.514991914210504831e+01,5.461924274137868451e+01
-5.518614314210505256e+01,5.461924274137868451e+01
-5.522236714210505681e+01,5.461924274137868451e+01
-5.525859114210505396e+01,5.461924274137868451e+01
-5.529481514210505111e+01,5.461924274137868451e+01
-5.533103914210505536e+01,5.461924274137868451e+01
-5.536726314210505251e+01,5.461924274137868451e+01
-5.540348714210504966e+01,5.461924274137868451e+01
-5.543971114210505391e+01,5.461924274137868451e+01
-5.547593514210505816e+01,5.461924274137868451e+01
-5.551215914210504820e+01,5.461924274137868451e+01
-5.554838314210505246e+01,5.461924274137868451e+01
-5.558460714210505671e+01,5.461924274137868451e+01
-5.562083114210505386e+01,5.461924274137868451e+01
-5.565705514210505100e+01,5.461924274137868451e+01
-5.569327914210505526e+01,5.461924274137868451e+01
-5.572950314210505240e+01,5.461924274137868451e+01
-5.576572714210504955e+01,5.461924274137868451e+01
-5.580195114210505380e+01,5.461924274137868451e+01
-5.583817514210505806e+01,5.461924274137868451e+01
-5.587439914210505520e+01,5.461924274137868451e+01
-5.591062314210505235e+01,5.461924274137868451e+01
-5.594684714210505661e+01,5.461924274137868451e+01
-5.598307114210505375e+01,5.461924274137868451e+01
-5.601929514210505090e+01,5.461924274137868451e+01
-5.605551914210505515e+01,5.461924274137868451e+01
-5.609174314210505230e+01,5.461924274137868451e+01
-5.612796714210504945e+01,5.461924274137868451e+01
-5.616419114210505370e+01,5.461924274137868451e+01
-5.620041514210505795e+01,5.461924274137868451e+01
-5.623663914210505510e+01,5.461924274137868451e+01
-5.627286314210505225e+01,5.461924274137868451e+01
-5.630908714210505650e+01,5.461924274137868451e+01
-5.634531114210505365e+01,5.461924274137868451e+01
-5.638153514210505080e+01,5.461924274137868451e+01
-5.641775914210505505e+01,5.461924274137868451e+01
-5.645398314210505220e+01,5.461924274137868451e+01
-5.649020714210504934e+01,5.461924274137868451e+01
-5.652643114210505360e+01,5.461924274137868451e+01
-5.656265514210505785e+01,5.461924274137868451e+01
-5.659887914210505500e+01,5.461924274137868451e+01
-5.663510314210505214e+01,5.461924274137868451e+01
-5.667132714210505640e+01,5.461924274137868451e+01
-5.670755114210505354e+01,5.461924274137868451e+01
-5.674377514210505069e+01,5.461924274137868451e+01
-5.677999914210505494e+01,5.461924274137868451e+01
-5.681622314210505209e+01,5.461924274137868451e+01
-5.685244714210504924e+01,5.461924274137868451e+01
-5.688867114210505349e+01,5.461924274137868451e+01
-5.692489514210505774e+01,5.461924274137868451e+01
-5.696111914210505489e+01,5.461924274137868451e+01
-5.698526847543838869e+01,5.464339207471201121e+01
-5.700941780877172249e+01,5.466754140804535211e+01
-5.703356714210505629e+01,5.469169074137867881e+01
-5.705771647543838299e+01,5.471584007471200550e+01
-5.708186580877171679e+01,5.473998940804534641e+01
-5.710601514210505059e+01,5.476413874137868731e+01
-5.713016447543839149e+01,5.478828807471201401e+01
-5.715431380877171819e+01,5.481243740804535491e+01
-5.717846314210505199e+01,5.483658674137868161e+01
-5.720261247543838579e+01,5.486073607471202251e+01
-5.722676180877171959e+01,5.488488540804534921e+01
-5.725091114210505339e+01,5.490903474137869011e+01
-5.727506047543838008e+01,5.493318407471201681e+01
-5.729920980877172099e+01,5.495733340804535771e+01
-5.732335914210505479e+01,5.498148274137868441e+01
-5.735958314210505193e+01,5.498148274137868441e+01
-5.739580714210505619e+01,5.498148274137868441e+01
-5.743203114210505333e+01,5.498148274137868441e+01
-5.746825514210505048e+01,5.498148274137868441e+01
-5.750447914210505473e+01,5.498148274137868441e+01
-5.754070314210505188e+01,5.498148274137868441e+01
-5.757692714210505613e+01,5.498148274137868441e+01
-5.761315114210505328e+01,5.498148274137868441e+01
-5.764937514210505753e+01,5.498148274137868441e+01
-5.768559914210505468e+01,5.498148274137868441e+01
-5.772182314210505183e+01,5.498148274137868441e+01
-5.775804714210505608e+01,5.498148274137868441e+01
-5.779427114210505323e+01,5.498148274137868441e+01
-5.783049514210505038e+01,5.498148274137868441e+01
-5.786671914210505463e+01,5.498148274137868441e+01
-5.790294314210505178e+01,5.498148274137868441e+01
-5.793916714210505603e+01,5.498148274137868441e+01
-5.797539114210505318e+01,5.498148274137868441e+01
-5.801161514210505743e+01,5.498148274137868441e+01
-5.804783914210505458e+01,5.498148274137868441e+01
-5.808406314210505172e+01,5.498148274137868441e+01
-5.812028714210505598e+01,5.498148274137868441e+01
-5.815651114210505312e+01,5.498148274137868441e+01
-5.819273514210505027e+01,5.498148274137868441e+01
-5.822895914210505453e+01,5.498148274137868441e+01
-5.826518314210505167e+01,5.498148274137868441e+01
-5.830140714210505593e+01,5.498148274137868441e+01
-5.833763114210505307e+01,5.498148274137868441e+01
-5.837385514210505733e+01,5.498148274137868441e+01
-5.841007914210505447e+01,5.498148274137868441e+01
-5.844630314210505162e+01,5.498148274137868441e+01
-5.848252714210505587e+01,5.498148274137868441e+01
-5.851875114210505302e+01,5.498148274137868441e+01
-5.855497514210505727e+01,5.498148274137868441e+01
-5.859119914210505442e+01,5.498148274137868441e+01
-5.862742314210505157e+01,5.498148274137868441e+01
-5.866364714210505582e+01,5.498148274137868441e+01
-5.869987114210505297e+01,5.498148274137868441e+01
-5.873609514210505722e+01,5.498148274137868441e+01
-5.877231914210505437e+01,5.498148274137868441e+01
-5.880854314210505152e+01,5.498148274137868441e+01
-5.884476714210505577e+01,5.498148274137868441e+01
-5.888099114210505292e+01,5.498148274137868441e+01
-5.891721514210505717e+01,5.498148274137868441e+01
-5.895343914210505432e+01,5.498148274137868441e+01
-5.898966314210505146e+01,5.498148274137868441e+01
-5.902588714210505572e+01,5.498148274137868441e+01
-5.906211114210505286e+01,5.498148274137868441e+01
-5.909833514210505712e+01,5.498148274137868441e+01
-5.913455914210505426e+01,5.498148274137868441e+01
-5.917078314210505141e+01,5.498148274137868441e+01
-5.920700714210505566e+01,5.498148274137868441e+01
-5.924323114210505281e+01,5.498148274137868441e+01
-5.927945514210505706e+01,5.498148274137868441e+01
-5.931567914210505421e+01,5.498148274137868441e+01
-5.935190314210505136e+01,5.498148274137868441e+01
-5.938812714210505561e+01,5.498148274137868441e+01
-5.942435114210505276e+01,5.498148274137868441e+01
-5.946057514210505701e+01,5.498148274137868441e+01
-5.949679914210505416e+01,5.498148274137868441e+01
-5.953302314210505131e+01,5.498148274137868441e+01
-5.956924714210505556e+01,5.498148274137868441e+01
-5.960547114210505271e+01,5.498148274137868441e+01
-5.964169514210505696e+01,5.498148274137868441e+01
-5.967791914210505411e+01,5.498148274137868441e+01
-5.971414314210505125e+01,5.498148274137868441e+01
-5.975036714210505551e+01,5.498148274137868441e+01
-5.978659114210505265e+01,5.498148274137868441e+01
-5.982281514210505691e+01,5.498148274137868441e+01
-5.985903914210505405e+01,5.498148274137868441e+01
-5.989526314210505120e+01,5.498148274137868441e+01
-5.993148714210505545e+01,5.498148274137868441e+01
-5.996771114210505260e+01,5.498148274137868441e+01
-6.000393514210505685e+01,5.498148274137868441e+01
-6.004015914210505400e+01,5.498148274137868441e+01
-6.007638314210505115e+01,5.498148274137868441e+01
-6.011260714210505540e+01,5.498148274137868441e+01
-6.014883114210505255e+01,5.498148274137868441e+01
-6.018505514210505680e+01,5.498148274137868441e+01
-6.022127914210505395e+01,5.498148274137868441e+01
-6.025750314210505110e+01,5.498148274137868441e+01
-6.029372714210505535e+01,5.498148274137868441e+01
-6.032995114210505250e+01,5.498148274137868441e+01
-6.036617514210505675e+01,5.498148274137868441e+01
-6.040239914210505390e+01,5.498148274137868441e+01
-6.043862314210505104e+01,5.498148274137868441e+01
-6.047484714210505530e+01,5.498148274137868441e+01
-6.051107114210505245e+01,5.498148274137868441e+01
-6.054729514210505670e+01,5.498148274137868441e+01
-6.058351914210505385e+01,5.498148274137868441e+01
-6.060766847543838765e+01,5.500563207471201110e+01
-6.063181780877172145e+01,5.502978140804535201e+01
-6.065596714210505525e+01,5.505393074137867870e+01
-6.068011647543838194e+01,5.507808007471200540e+01
-6.070426580877172285e+01,5.510222940804534630e+01
-6.072841514210505665e+01,5.512637874137868721e+01
-6.075256447543839045e+01,5.515052807471201390e+01
-6.077671380877171714e+01,5.517467740804535481e+01
-6.080086314210505094e+01,5.519882674137868150e+01
-6.082501247543838474e+01,5.522297607471202241e+01
-6.084916180877172565e+01,5.524712540804534910e+01
-6.087331114210505234e+01,5.527127474137869001e+01
-6.089746047543838614e+01,5.529542407471201670e+01
-6.092160980877171994e+01,5.531957340804535761e+01
-6.094575914210505374e+01,5.534372274137868430e+01
-6.098198314210505089e+01,5.534372274137868430e+01
-6.101820714210505514e+01,5.534372274137868430e+01
-6.105443114210505229e+01,5.534372274137868430e+01
-6.109065514210505654e+01,5.534372274137868430e+01
-6.112687914210505369e+01,5.534372274137868430e+01
-6.116310314210505084e+01,5.534372274137868430e+01
-6.119932714210505509e+01,5.534372274137868430e+01
-6.123555114210505224e+01,5.534372274137868430e+01
-6.127177514210505649e+01,5.534372274137868430e+01
-6.130799914210505364e+01,5.534372274137868430e+01
-6.134422314210505078e+01,5.534372274137868430e+01
-6.138044714210505504e+01,5.534372274137868430e+01
-6.141667114210505218e+01,5.534372274137868430e+01
-6.145289514210505644e+01,5.534372274137868430e+01
-6.148911914210505358e+01,5.534372274137868430e+01
-6.152534314210505073e+01,5.534372274137868430e+01
-6.156156714210505498e+01,5.534372274137868430e+01
-6.159779114210505213e+01,5.534372274137868430e+01
-6.163401514210505638e+01,5.534372274137868430e+01
-6.167023914210505353e+01,5.534372274137868430e+01
-6.170646314210505068e+01,5.534372274137868430e+01
-6.174268714210505493e+01,5.534372274137868430e+01
-6.177891114210505208e+01,5.534372274137868430e+01
-6.181513514210504923e+01,5.534372274137868430e+01
-6.185135914210505348e+01,5.534372274137868430e+01
-6.188758314210505773e+01,5.534372274137868430e+01
-6.192380714210505488e+01,5.534372274137868430e+01
-6.196003114210505203e+01,5.534372274137868430e+01
-6.199625514210505628e+01,5.534372274137868430e+01
-6.203247914210505343e+01,5.534372274137868430e+01
-6.206870314210505057e+01,5.534372274137868430e+01
-6.210492714210505483e+01,5.534372274137868430e+01
-6.214115114210505197e+01,5.534372274137868430e+01
-6.217737514210504912e+01,5.534372274137868430e+01
-6.221359914210505337e+01,5.534372274137868430e+01
-6.224982314210505763e+01,5.534372274137868430e+01
-6.228604714210505477e+01,5.534372274137868430e+01
-6.232227114210505192e+01,5.534372274137868430e+01
-6.235849514210505617e+01,5.534372274137868430e+01
-6.239471914210505332e+01,5.534372274137868430e+01
-6.243094314210505047e+01,5.534372274137868430e+01
-6.246716714210505472e+01,5.534372274137868430e+01
-6.250339114210505187e+01,5.534372274137868430e+01
-6.253961514210504902e+01,5.534372274137868430e+01
-6.257583914210505327e+01,5.534372274137868430e+01
-6.261206314210505752e+01,5.534372274137868430e+01
-6.264828714210505467e+01,5.534372274137868430e+01
-6.268451114210505182e+01,5.534372274137868430e+01
-6.272073514210505607e+01,5.534372274137868430e+01
-6.275695914210505322e+01,5.534372274137868430e+01
-6.279318314210505036e+01,5.534372274137868430e+01
-6.282940714210505462e+01,5.534372274137868430e+01
-6.286563114210505177e+01,5.534372274137868430e+01
-6.290185514210504891e+01,5.534372274137868430e+01
-6.293807914210505317e+01,5.534372274137868430e+01
-6.297430314210505742e+01,5.534372274137868430e+01
-6.301052714210505457e+01,5.534372274137868430e+01
-6.304675114210505171e+01,5.534372274137868430e+01
-6.308297514210505597e+01,5.534372274137868430e+01
-6.311919914210505311e+01,5.534372274137868430e+01
-6.315542314210505026e+01,5.534372274137868430e+01
-6.319164714210505451e+01,5.534372274137868430e+01
-6.322787114210505166e+01,5.534372274137868430e+01
-6.326409514210504881e+01,5.534372274137868430e+01
-6.330031914210505306e+01,5.534372274137868430e+01
-6.333654314210505731e+01,5.534372274137868430e+01
-6.337276714210505446e+01,5.534372274137868430e+01
-6.340899114210505161e+01,5.534372274137868430e+01
-6.344521514210505586e+01,5.534372274137868430e+01
-6.348143914210505301e+01,5.534372274137868430e+01
-6.351766314210505016e+01,5.534372274137868430e+01
-6.355388714210505441e+01,5.534372274137868430e+01
-6.359011114210505156e+01,5.534372274137868430e+01
-6.362633514210504870e+01,5.534372274137868430e+01
-6.366255914210505296e+01,5.534372274137868430e+01
-6.369878314210505721e+01,5.534372274137868430e+01
-6.373500714210505436e+01,5.534372274137868430e+01
-6.377123114210505150e+01,5.534372274137868430e+01
-6.380745514210505576e+01,5.534372274137868430e+01
-6.384367914210505290e+01,5.534372274137868430e+01
-6.387990314210505005e+01,5.534372274137868430e+01
-6.391612714210505430e+01,5.534372274137868430e+01
-6.395235114210505145e+01,5.534372274137868430e+01
-6.398857514210504860e+01,5.534372274137868430e+01
-6.402479914210505285e+01,5.534372274137868430e+01
-6.406102314210505710e+01,5.534372274137868430e+01
-6.409724714210506136e+01,5.534372274137868430e+01
-6.413347114210505140e+01,5.534372274137868430e+01
-6.416969514210505565e+01,5.534372274137868430e+01
-6.420591914210504569e+01,5.534372274137868430e+01
-6.424214314210504995e+01,5.534372274137868430e+01
-6.427836714210505420e+01,5.534372274137868430e+01
-6.431459114210505845e+01,5.534372274137868430e+01
-6.435081514210504849e+01,5.534372274137868430e+01
-6.438703914210505275e+01,5.534372274137868430e+01
-6.442326314210505700e+01,5.534372274137868430e+01
-6.445948714210504704e+01,5.534372274137868430e+01
-6.449571114210505129e+01,5.534372274137868430e+01
-6.453193514210505555e+01,5.534372274137868430e+01
-6.456815914210505980e+01,5.534372274137868430e+01
-6.460438314210504984e+01,5.534372274137868430e+01
-6.464060714210505409e+01,5.534372274137868430e+01
-6.467683114210504414e+01,5.534372274137868430e+01
-6.471305514210504839e+01,5.534372274137868430e+01
-6.474927914210505264e+01,5.534372274137868430e+01
-6.478550314210505690e+01,5.534372274137868430e+01
-6.482172714210506115e+01,5.534372274137868430e+01
-6.485795114210505119e+01,5.534372274137868430e+01
-6.489417514210505544e+01,5.534372274137868430e+01
-6.493039914210504548e+01,5.534372274137868430e+01
-6.496662314210504974e+01,5.534372274137868430e+01
-6.500284714210505399e+01,5.534372274137868430e+01
-6.503907114210505824e+01,5.534372274137868430e+01
-6.507529514210504828e+01,5.534372274137868430e+01
-6.511151914210505254e+01,5.534372274137868430e+01
-6.514774314210505679e+01,5.534372274137868430e+01
-6.518396714210504683e+01,5.534372274137868430e+01
-6.522019114210505109e+01,5.534372274137868430e+01
-6.525641514210505534e+01,5.534372274137868430e+01
-6.529263914210505959e+01,5.534372274137868430e+01
-6.532886314210504963e+01,5.534372274137868430e+01
-6.536508714210505389e+01,5.534372274137868430e+01
-6.540131114210504393e+01,5.534372274137868430e+01
-6.543753514210504818e+01,5.534372274137868430e+01
-6.547375914210505243e+01,5.534372274137868430e+01
-6.550998314210505669e+01,5.534372274137868430e+01
-6.554620714210506094e+01,5.534372274137868430e+01
-6.558243114210505098e+01,5.534372274137868430e+01
-6.561865514210505523e+01,5.534372274137868430e+01
-6.565487914210504528e+01,5.534372274137868430e+01
-6.569110314210504953e+01,5.534372274137868430e+01
-6.572732714210505378e+01,5.534372274137868430e+01
-6.576355114210505803e+01,5.534372274137868430e+01
-6.579977514210504808e+01,5.534372274137868430e+01
-6.583599914210505233e+01,5.534372274137868430e+01
-6.587222314210505658e+01,5.534372274137868430e+01
-6.590844714210504662e+01,5.534372274137868430e+01
-6.594467114210505088e+01,5.534372274137868430e+01
-6.598089514210505513e+01,5.534372274137868430e+01
-6.601711914210505938e+01,5.534372274137868430e+01
-6.605334314210504942e+01,5.534372274137868430e+01
-6.608956714210505368e+01,5.534372274137868430e+01
-6.612579114210504372e+01,5.534372274137868430e+01
-6.616201514210504797e+01,5.534372274137868430e+01
-6.619823914210505222e+01,5.534372274137868430e+01
-6.623446314210505648e+01,5.534372274137868430e+01
-6.627068714210506073e+01,5.534372274137868430e+01
-6.630691114210505077e+01,5.534372274137868430e+01
-6.634313514210505502e+01,5.534372274137868430e+01
-6.637935914210504507e+01,5.534372274137868430e+01
-6.641558314210504932e+01,5.534372274137868430e+01
-6.645180714210505357e+01,5.534372274137868430e+01
-6.648803114210505782e+01,5.534372274137868430e+01
-6.652425514210506208e+01,5.534372274137868430e+01
-6.656047914210505212e+01,5.534372274137868430e+01
-6.659670314210505637e+01,5.534372274137868430e+01
-6.663292714210504641e+01,5.534372274137868430e+01
-6.666915114210505067e+01,5.534372274137868430e+01
-6.670537514210505492e+01,5.534372274137868430e+01
-6.674159914210505917e+01,5.534372274137868430e+01
-6.677782314210504921e+01,5.534372274137868430e+01
-6.681404714210505347e+01,5.534372274137868430e+01
-6.685027114210505772e+01,5.534372274137868430e+01
-6.688649514210504776e+01,5.534372274137868430e+01
-6.692271914210505201e+01,5.534372274137868430e+01
-6.695894314210505627e+01,5.534372274137868430e+01
-6.699516714210506052e+01,5.534372274137868430e+01
-6.703139114210505056e+01,5.534372274137868430e+01
-6.706761514210505482e+01,5.534372274137868430e+01
-6.710383914210504486e+01,5.534372274137868430e+01
-6.714006314210504911e+01,5.534372274137868430e+01
-6.717628714210505336e+01,5.534372274137868430e+01
-6.721251114210505762e+01,5.534372274137868430e+01
-6.724873514210506187e+01,5.534372274137868430e+01
-6.728495914210505191e+01,5.534372274137868430e+01
-6.732118314210505616e+01,5.534372274137868430e+01
-6.735740714210504620e+01,5.534372274137868430e+01
-6.739363114210505046e+01,5.534372274137868430e+01
-6.742985514210505471e+01,5.534372274137868430e+01
-6.746607914210505896e+01,5.534372274137868430e+01
-6.750230314210504901e+01,5.534372274137868430e+01
-6.753852714210505326e+01,5.534372274137868430e+01
-6.757475114210505751e+01,5.534372274137868430e+01
-6.761097514210504755e+01,5.534372274137868430e+01
-6.764719914210505181e+01,5.534372274137868430e+01
-6.768342314210505606e+01,5.534372274137868430e+01
-6.771964714210506031e+01,5.534372274137868430e+01
-6.775587114210505035e+01,5.534372274137868430e+01
-6.779209514210505461e+01,5.534372274137868430e+01
-6.782831914210505886e+01,5.534372274137868430e+01
-6.786454314210504890e+01,5.534372274137868430e+01
-6.790076714210505315e+01,5.534372274137868430e+01
-6.793699114210505741e+01,5.534372274137868430e+01
-6.797321514210506166e+01,5.534372274137868430e+01
-6.800943914210505170e+01,5.534372274137868430e+01
-6.804566314210505595e+01,5.534372274137868430e+01
-6.808188714210504600e+01,5.534372274137868430e+01
-6.811811114210505025e+01,5.534372274137868430e+01
-6.815433514210505450e+01,5.534372274137868430e+01
-6.819055914210505875e+01,5.534372274137868430e+01
-6.822678314210506301e+01,5.534372274137868430e+01
-6.826300714210505305e+01,5.534372274137868430e+01
-6.829923114210505730e+01,5.534372274137868430e+01
-6.833545514210504734e+01,5.534372274137868430e+01
-6.837167914210505160e+01,5.534372274137868430e+01
-6.840790314210505585e+01,5.534372274137868430e+01
-6.844412714210506010e+01,5.534372274137868430e+01
-6.848035114210505014e+01,5.534372274137868430e+01
-6.851657514210505440e+01,5.534372274137868430e+01
-6.855279914210505865e+01,5.534372274137868430e+01
-6.858902314210504869e+01,5.534372274137868430e+01
-6.862524714210505294e+01,5.534372274137868430e+01
-6.866147114210505720e+01,5.534372274137868430e+01
-6.869769514210506145e+01,5.534372274137868430e+01
-6.873391914210505149e+01,5.534372274137868430e+01
-6.877014314210505574e+01,5.534372274137868430e+01
-6.880636714210506000e+01,5.534372274137868430e+01
-6.884259114210505004e+01,5.534372274137868430e+01
-6.887881514210505429e+01,5.534372274137868430e+01
-6.891503914210505854e+01,5.534372274137868430e+01
-6.895126314210504859e+01,5.534372274137868430e+01
-6.898748714210505284e+01,5.534372274137868430e+01
-6.902371114210505709e+01,5.534372274137868430e+01
-6.905993514210506135e+01,5.534372274137868430e+01
-6.909615914210505139e+01,5.534372274137868430e+01
-6.913238314210505564e+01,5.534372274137868430e+01
-6.916860714210505989e+01,5.534372274137868430e+01
-6.920483114210504993e+01,5.534372274137868430e+01
-6.924105514210505419e+01,5.534372274137868430e+01
-6.927727914210505844e+01,5.534372274137868430e+01
-6.931350314210504848e+01,5.534372274137868430e+01
-6.934972714210505274e+01,5.534372274137868430e+01
-6.938595114210505699e+01,5.534372274137868430e+01
-6.942217514210506124e+01,5.534372274137868430e+01
-6.945839914210505128e+01,5.534372274137868430e+01
-6.949462314210505554e+01,5.534372274137868430e+01
-6.953084714210505979e+01,5.534372274137868430e+01
-6.956707114210504983e+01,5.534372274137868430e+01
-6.960329514210505408e+01,5.534372274137868430e+01
-6.963951914210505834e+01,5.534372274137868430e+01
