[0.000000] (-) TimerEvent: {}
[0.000661] (turtlesim) JobQueued: {'identifier': 'turtlesim', 'dependencies': OrderedDict()}
[0.001288] (turtlesim) JobStarted: {'identifier': 'turtlesim'}
[0.027343] (turtlesim) JobProgress: {'identifier': 'turtlesim', 'progress': 'cmake'}
[0.027741] (turtlesim) Command: {'cmd': ['/usr/bin/cmake', '/home/emelie/ba_ws_com/src/ros_tutorials/turtlesim', '-DCMAKE_INSTALL_PREFIX=/home/emelie/ba_ws_com/install/turtlesim'], 'cwd': '/home/emelie/ba_ws_com/build/turtlesim', 'env': OrderedDict([('LESSOPEN', '| /usr/bin/lesspipe %s'), ('USER', 'emelie'), ('SHLVL', '1'), ('LD_LIBRARY_PATH', '/opt/ros/foxy/opt/yaml_cpp_vendor/lib:/opt/ros/foxy/opt/rviz_ogre_vendor/lib:/opt/ros/foxy/lib/x86_64-linux-gnu:/opt/ros/foxy/lib'), ('MOTD_SHOWN', 'update-motd'), ('HOME', '/home/emelie'), ('OLDPWD', '/home/emelie'), ('ROS_PYTHON_VERSION', '3'), ('DBUS_SESSION_BUS_ADDRESS', 'unix:path=/run/user/1000/bus'), ('WSL_DISTRO_NAME', 'Ubuntu-20.04'), ('WAYLAND_DISPLAY', 'wayland-0'), ('ROS_DISTRO', 'foxy'), ('LOGNAME', 'emelie'), ('NAME', 'DESKTOP-RDCIGQM'), ('WSL_INTEROP', '/run/WSL/656_interop'), ('PULSE_SERVER', 'unix:/mnt/wslg/PulseServer'), ('_', '/usr/bin/colcon'), ('ROS_VERSION', '2'), ('TERM', 'xterm-256color'), ('ROS_LOCALHOST_ONLY', '0'), ('PATH', '/opt/ros/foxy/bin:/home/emelie/.local/bin:/usr/local/sbin:/usr/local/bin:/usr/sbin:/usr/bin:/sbin:/bin:/usr/games:/usr/local/games:/usr/lib/wsl/lib:/mnt/c/Program Files/WindowsApps/CanonicalGroupLimited.Ubuntu20.04LTS_2004.6.16.0_x64__79rhkp1fndgsc:/mnt/c/Program Files/Common Files/Oracle/Java/javapath:/mnt/c/Windows/system32:/mnt/c/Windows:/mnt/c/Windows/System32/Wbem:/mnt/c/Windows/System32/WindowsPowerShell/v1.0/:/mnt/c/Windows/System32/OpenSSH/:/mnt/c/Program Files/Intel/WiFi/bin/:/mnt/c/Program Files/Common Files/Intel/WirelessCommon/:/mnt/c/Program Files/apache-maven-3.9.1/bin:/mnt/c/Program Files/Java/jdk-17/bin:/mnt/c/Program Files/WireGuard/:/mnt/c/Users/Admin/AppData/Local/Programs/Python/Python312/Scripts/:/mnt/c/Users/Admin/AppData/Local/Programs/Python/Python312/:/mnt/c/Users/Admin/AppData/Local/Microsoft/WindowsApps:/mnt/c/Program Files/JetBrains/IntelliJ IDEA Community Edition 2023.1/bin:/mnt/c/Users/Admin/AppData/Local/Programs/Microsoft VS Code/bin:/snap/bin'), ('XDG_RUNTIME_DIR', '/run/user/1000/'), ('DISPLAY', ':0'), ('LANG', 'C.UTF-8'), ('LS_COLORS', 'rs=0:di=01;34:ln=01;36:mh=00:pi=40;33:so=01;35:do=01;35:bd=40;33;01:cd=40;33;01:or=40;31;01:mi=00:su=37;41:sg=30;43:ca=30;41:tw=30;42:ow=34;42:st=37;44:ex=01;32:*.tar=01;31:*.tgz=01;31:*.arc=01;31:*.arj=01;31:*.taz=01;31:*.lha=01;31:*.lz4=01;31:*.lzh=01;31:*.lzma=01;31:*.tlz=01;31:*.txz=01;31:*.tzo=01;31:*.t7z=01;31:*.zip=01;31:*.z=01;31:*.dz=01;31:*.gz=01;31:*.lrz=01;31:*.lz=01;31:*.lzo=01;31:*.xz=01;31:*.zst=01;31:*.tzst=01;31:*.bz2=01;31:*.bz=01;31:*.tbz=01;31:*.tbz2=01;31:*.tz=01;31:*.deb=01;31:*.rpm=01;31:*.jar=01;31:*.war=01;31:*.ear=01;31:*.sar=01;31:*.rar=01;31:*.alz=01;31:*.ace=01;31:*.zoo=01;31:*.cpio=01;31:*.7z=01;31:*.rz=01;31:*.cab=01;31:*.wim=01;31:*.swm=01;31:*.dwm=01;31:*.esd=01;31:*.jpg=01;35:*.jpeg=01;35:*.mjpg=01;35:*.mjpeg=01;35:*.gif=01;35:*.bmp=01;35:*.pbm=01;35:*.pgm=01;35:*.ppm=01;35:*.tga=01;35:*.xbm=01;35:*.xpm=01;35:*.tif=01;35:*.tiff=01;35:*.png=01;35:*.svg=01;35:*.svgz=01;35:*.mng=01;35:*.pcx=01;35:*.mov=01;35:*.mpg=01;35:*.mpeg=01;35:*.m2v=01;35:*.mkv=01;35:*.webm=01;35:*.ogm=01;35:*.mp4=01;35:*.m4v=01;35:*.mp4v=01;35:*.vob=01;35:*.qt=01;35:*.nuv=01;35:*.wmv=01;35:*.asf=01;35:*.rm=01;35:*.rmvb=01;35:*.flc=01;35:*.avi=01;35:*.fli=01;35:*.flv=01;35:*.gl=01;35:*.dl=01;35:*.xcf=01;35:*.xwd=01;35:*.yuv=01;35:*.cgm=01;35:*.emf=01;35:*.ogv=01;35:*.ogx=01;35:*.aac=00;36:*.au=00;36:*.flac=00;36:*.m4a=00;36:*.mid=00;36:*.midi=00;36:*.mka=00;36:*.mp3=00;36:*.mpc=00;36:*.ogg=00;36:*.ra=00;36:*.wav=00;36:*.oga=00;36:*.opus=00;36:*.spx=00;36:*.xspf=00;36:'), ('AMENT_PREFIX_PATH', '/opt/ros/foxy'), ('SHELL', '/bin/bash'), ('LESSCLOSE', '/usr/bin/lesspipe %s %s'), ('PWD', '/home/emelie/ba_ws_com/build/turtlesim'), ('XDG_DATA_DIRS', '/usr/local/share:/usr/share:/var/lib/snapd/desktop'), ('PYTHONPATH', '/opt/ros/foxy/lib/python3.8/site-packages'), ('COLCON', '1'), ('WSL2_GUI_APPS_ENABLED', '1'), ('HOSTTYPE', 'x86_64'), ('WSLENV', ''), ('CMAKE_PREFIX_PATH', '/opt/ros/foxy')]), 'shell': False}
[0.098919] (-) TimerEvent: {}
[0.199453] (-) TimerEvent: {}
[0.300089] (-) TimerEvent: {}
[0.400676] (-) TimerEvent: {}
[0.501333] (-) TimerEvent: {}
[0.551434] (turtlesim) StdoutLine: {'line': b'-- The C compiler identification is GNU 9.4.0\n'}
[0.601460] (-) TimerEvent: {}
[0.701985] (-) TimerEvent: {}
[0.802850] (-) TimerEvent: {}
[0.903458] (-) TimerEvent: {}
[1.003880] (-) TimerEvent: {}
[1.028258] (turtlesim) StdoutLine: {'line': b'-- The CXX compiler identification is GNU 9.4.0\n'}
[1.104044] (-) TimerEvent: {}
[1.149098] (turtlesim) StdoutLine: {'line': b'-- Check for working C compiler: /usr/bin/cc\n'}
[1.204257] (-) TimerEvent: {}
[1.304707] (-) TimerEvent: {}
[1.350887] (turtlesim) StdoutLine: {'line': b'-- Check for working C compiler: /usr/bin/cc -- works\n'}
[1.354639] (turtlesim) StdoutLine: {'line': b'-- Detecting C compiler ABI info\n'}
[1.404871] (-) TimerEvent: {}
[1.505286] (-) TimerEvent: {}
[1.517760] (turtlesim) StdoutLine: {'line': b'-- Detecting C compiler ABI info - done\n'}
[1.531457] (turtlesim) StdoutLine: {'line': b'-- Detecting C compile features\n'}
[1.532473] (turtlesim) StdoutLine: {'line': b'-- Detecting C compile features - done\n'}
[1.539017] (turtlesim) StdoutLine: {'line': b'-- Check for working CXX compiler: /usr/bin/c++\n'}
[1.605453] (-) TimerEvent: {}
[1.706037] (-) TimerEvent: {}
[1.757817] (turtlesim) StdoutLine: {'line': b'-- Check for working CXX compiler: /usr/bin/c++ -- works\n'}
[1.759112] (turtlesim) StdoutLine: {'line': b'-- Detecting CXX compiler ABI info\n'}
[1.806177] (-) TimerEvent: {}
[1.906538] (-) TimerEvent: {}
[1.946801] (turtlesim) StdoutLine: {'line': b'-- Detecting CXX compiler ABI info - done\n'}
[1.959072] (turtlesim) StdoutLine: {'line': b'-- Detecting CXX compile features\n'}
[1.959649] (turtlesim) StdoutLine: {'line': b'-- Detecting CXX compile features - done\n'}
[1.992840] (turtlesim) StdoutLine: {'line': b'-- Found ament_cmake: 0.9.12 (/opt/ros/foxy/share/ament_cmake/cmake)\n'}
[2.006857] (-) TimerEvent: {}
[2.043474] (turtlesim) StdoutLine: {'line': b'-- Found PythonInterp: /usr/bin/python3 (found suitable version "3.8.10", minimum required is "3") \n'}
[2.043851] (turtlesim) StdoutLine: {'line': b'-- Using PYTHON_EXECUTABLE: /usr/bin/python3\n'}
[2.107101] (-) TimerEvent: {}
[2.207513] (-) TimerEvent: {}
[2.307963] (-) TimerEvent: {}
[2.371853] (turtlesim) StdoutLine: {'line': b'-- Found ament_index_cpp: 1.1.0 (/opt/ros/foxy/share/ament_index_cpp/cmake)\n'}
[2.385233] (turtlesim) StdoutLine: {'line': b'-- Found geometry_msgs: 2.0.5 (/opt/ros/foxy/share/geometry_msgs/cmake)\n'}
[2.408398] (-) TimerEvent: {}
[2.508957] (-) TimerEvent: {}
[2.609479] (-) TimerEvent: {}
[2.709947] (-) TimerEvent: {}
[2.768822] (turtlesim) StdoutLine: {'line': b'-- Using all available rosidl_typesupport_c: rosidl_typesupport_fastrtps_c;rosidl_typesupport_introspection_c\n'}
[2.787309] (turtlesim) StdoutLine: {'line': b'-- Found rosidl_adapter: 1.3.1 (/opt/ros/foxy/share/rosidl_adapter/cmake)\n'}
[2.810168] (-) TimerEvent: {}
[2.911102] (-) TimerEvent: {}
[3.012628] (-) TimerEvent: {}
[3.114565] (-) TimerEvent: {}
[3.215160] (-) TimerEvent: {}
[3.315577] (-) TimerEvent: {}
[3.415934] (-) TimerEvent: {}
[3.516310] (-) TimerEvent: {}
[3.616642] (-) TimerEvent: {}
[3.717401] (-) TimerEvent: {}
[3.818254] (-) TimerEvent: {}
[3.919287] (-) TimerEvent: {}
[4.020336] (-) TimerEvent: {}
[4.121651] (-) TimerEvent: {}
[4.222635] (-) TimerEvent: {}
[4.323615] (-) TimerEvent: {}
[4.425234] (-) TimerEvent: {}
[4.526261] (-) TimerEvent: {}
[4.627938] (-) TimerEvent: {}
[4.729497] (-) TimerEvent: {}
[4.830182] (-) TimerEvent: {}
[4.930832] (-) TimerEvent: {}
[5.031488] (-) TimerEvent: {}
[5.132104] (-) TimerEvent: {}
[5.232554] (-) TimerEvent: {}
[5.333072] (-) TimerEvent: {}
[5.433522] (-) TimerEvent: {}
[5.457008] (turtlesim) StdoutLine: {'line': b'-- Found OpenSSL: /usr/lib/x86_64-linux-gnu/libcrypto.so (found version "1.1.1f")  \n'}
[5.533677] (-) TimerEvent: {}
[5.634161] (-) TimerEvent: {}
[5.734606] (-) TimerEvent: {}
[5.835048] (-) TimerEvent: {}
[5.935443] (-) TimerEvent: {}
[6.035817] (-) TimerEvent: {}
[6.136237] (-) TimerEvent: {}
[6.236966] (-) TimerEvent: {}
[6.337464] (-) TimerEvent: {}
[6.437985] (-) TimerEvent: {}
[6.538659] (-) TimerEvent: {}
[6.639238] (-) TimerEvent: {}
[6.707374] (turtlesim) StdoutLine: {'line': b'-- Found FastRTPS: /opt/ros/foxy/include  \n'}
[6.739450] (-) TimerEvent: {}
[6.839828] (-) TimerEvent: {}
[6.940187] (-) TimerEvent: {}
[7.040628] (-) TimerEvent: {}
[7.141037] (-) TimerEvent: {}
[7.241575] (-) TimerEvent: {}
[7.342101] (-) TimerEvent: {}
[7.442727] (-) TimerEvent: {}
[7.543110] (-) TimerEvent: {}
[7.643547] (-) TimerEvent: {}
[7.743961] (-) TimerEvent: {}
[7.844417] (-) TimerEvent: {}
[7.944851] (-) TimerEvent: {}
[8.045334] (-) TimerEvent: {}
[8.145824] (-) TimerEvent: {}
[8.246246] (-) TimerEvent: {}
[8.346611] (-) TimerEvent: {}
[8.446964] (-) TimerEvent: {}
[8.547338] (-) TimerEvent: {}
[8.647765] (-) TimerEvent: {}
[8.748167] (-) TimerEvent: {}
[8.848734] (-) TimerEvent: {}
[8.949552] (-) TimerEvent: {}
[8.952662] (turtlesim) StdoutLine: {'line': b'-- Using all available rosidl_typesupport_cpp: rosidl_typesupport_fastrtps_cpp;rosidl_typesupport_introspection_cpp\n'}
[9.049693] (-) TimerEvent: {}
[9.150048] (-) TimerEvent: {}
[9.194023] (turtlesim) StdoutLine: {'line': b'-- Found rclcpp: 2.4.3 (/opt/ros/foxy/share/rclcpp/cmake)\n'}
[9.250238] (-) TimerEvent: {}
[9.312634] (turtlesim) StdoutLine: {'line': b'-- Found rmw_implementation_cmake: 1.0.4 (/opt/ros/foxy/share/rmw_implementation_cmake/cmake)\n'}
[9.317061] (turtlesim) StdoutLine: {'line': b"-- Using RMW implementation 'rmw_fastrtps_cpp' as default\n"}
[9.320385] (turtlesim) StdoutLine: {'line': b'-- Looking for pthread.h\n'}
[9.350400] (-) TimerEvent: {}
[9.450798] (-) TimerEvent: {}
[9.551170] (-) TimerEvent: {}
[9.552835] (turtlesim) StdoutLine: {'line': b'-- Looking for pthread.h - found\n'}
[9.553220] (turtlesim) StdoutLine: {'line': b'-- Performing Test CMAKE_HAVE_LIBC_PTHREAD\n'}
[9.651313] (-) TimerEvent: {}
[9.732347] (turtlesim) StdoutLine: {'line': b'-- Performing Test CMAKE_HAVE_LIBC_PTHREAD - Failed\n'}
[9.732773] (turtlesim) StdoutLine: {'line': b'-- Looking for pthread_create in pthreads\n'}
[9.751494] (-) TimerEvent: {}
[9.851850] (-) TimerEvent: {}
[9.889165] (turtlesim) StdoutLine: {'line': b'-- Looking for pthread_create in pthreads - not found\n'}
[9.889600] (turtlesim) StdoutLine: {'line': b'-- Looking for pthread_create in pthread\n'}
[9.952008] (-) TimerEvent: {}
[10.052403] (-) TimerEvent: {}
[10.058222] (turtlesim) StdoutLine: {'line': b'-- Looking for pthread_create in pthread - found\n'}
[10.059845] (turtlesim) StdoutLine: {'line': b'-- Found Threads: TRUE  \n'}
[10.152609] (-) TimerEvent: {}
[10.253014] (-) TimerEvent: {}
[10.297918] (turtlesim) StdoutLine: {'line': b'-- Found rclcpp_action: 2.4.3 (/opt/ros/foxy/share/rclcpp_action/cmake)\n'}
[10.353202] (-) TimerEvent: {}
[10.446724] (turtlesim) StdoutLine: {'line': b'-- Found rosidl_default_generators: 1.0.1 (/opt/ros/foxy/share/rosidl_default_generators/cmake)\n'}
[10.453329] (-) TimerEvent: {}
[10.469114] (turtlesim) StdoutLine: {'line': b'-- Found std_srvs: 2.0.5 (/opt/ros/foxy/share/std_srvs/cmake)\n'}
[10.520097] (turtlesim) StdoutLine: {'line': b'-- Found PythonInterp: /usr/bin/python3 (found version "3.8.10") \n'}
[10.553495] (-) TimerEvent: {}
[10.653849] (-) TimerEvent: {}
[10.754264] (-) TimerEvent: {}
[10.771141] (turtlesim) StdoutLine: {'line': b'-- Found ament_cmake_ros: 0.9.2 (/opt/ros/foxy/share/ament_cmake_ros/cmake)\n'}
[10.854434] (-) TimerEvent: {}
[10.954901] (-) TimerEvent: {}
[11.055366] (-) TimerEvent: {}
[11.155855] (-) TimerEvent: {}
[11.256370] (-) TimerEvent: {}
[11.356821] (-) TimerEvent: {}
[11.457313] (-) TimerEvent: {}
[11.557955] (-) TimerEvent: {}
[11.658393] (-) TimerEvent: {}
[11.758974] (-) TimerEvent: {}
[11.859565] (-) TimerEvent: {}
[11.960049] (-) TimerEvent: {}
[12.060405] (-) TimerEvent: {}
[12.161004] (-) TimerEvent: {}
[12.261518] (-) TimerEvent: {}
[12.362000] (-) TimerEvent: {}
[12.462743] (-) TimerEvent: {}
[12.563182] (-) TimerEvent: {}
[12.663683] (-) TimerEvent: {}
[12.764127] (-) TimerEvent: {}
[12.865460] (-) TimerEvent: {}
[12.966032] (-) TimerEvent: {}
[13.066513] (-) TimerEvent: {}
[13.166926] (-) TimerEvent: {}
[13.267397] (-) TimerEvent: {}
[13.367794] (-) TimerEvent: {}
[13.468287] (-) TimerEvent: {}
[13.568703] (-) TimerEvent: {}
[13.669196] (-) TimerEvent: {}
[13.769708] (-) TimerEvent: {}
[13.870327] (-) TimerEvent: {}
[13.970722] (-) TimerEvent: {}
[14.071264] (-) TimerEvent: {}
[14.171772] (-) TimerEvent: {}
[14.272309] (-) TimerEvent: {}
[14.372728] (-) TimerEvent: {}
[14.473346] (-) TimerEvent: {}
[14.573867] (-) TimerEvent: {}
[14.674323] (-) TimerEvent: {}
[14.742973] (turtlesim) StdoutLine: {'line': b'-- Using all available rosidl_typesupport_c: rosidl_typesupport_fastrtps_c;rosidl_typesupport_introspection_c\n'}
[14.774498] (-) TimerEvent: {}
[14.785501] (turtlesim) StdoutLine: {'line': b'-- Using all available rosidl_typesupport_cpp: rosidl_typesupport_fastrtps_cpp;rosidl_typesupport_introspection_cpp\n'}
[14.820389] (turtlesim) StdoutLine: {'line': b'-- Found PythonInterp: /usr/bin/python3 (found suitable version "3.8.10", minimum required is "3.5") \n'}
[14.825327] (turtlesim) StdoutLine: {'line': b'-- Found python_cmake_module: 0.8.1 (/opt/ros/foxy/share/python_cmake_module/cmake)\n'}
[14.874689] (-) TimerEvent: {}
[14.975179] (-) TimerEvent: {}
[15.075614] (-) TimerEvent: {}
[15.176016] (-) TimerEvent: {}
[15.249109] (turtlesim) StdoutLine: {'line': b'-- Found PythonLibs: /usr/lib/x86_64-linux-gnu/libpython3.8.so (found suitable version "3.8.10", minimum required is "3.5") \n'}
[15.249467] (turtlesim) StdoutLine: {'line': b'-- Using PYTHON_EXECUTABLE: /usr/bin/python3\n'}
[15.249560] (turtlesim) StdoutLine: {'line': b'-- Using PYTHON_INCLUDE_DIRS: /usr/include/python3.8\n'}
[15.249629] (turtlesim) StdoutLine: {'line': b'-- Using PYTHON_LIBRARIES: /usr/lib/x86_64-linux-gnu/libpython3.8.so\n'}
[15.276187] (-) TimerEvent: {}
[15.281133] (turtlesim) StdoutLine: {'line': b'-- Found PythonExtra: .so  \n'}
[15.376328] (-) TimerEvent: {}
[15.446810] (turtlesim) StdoutLine: {'line': b'-- Configuring done\n'}
[15.476532] (-) TimerEvent: {}
[15.576894] (-) TimerEvent: {}
[15.628896] (turtlesim) StdoutLine: {'line': b'-- Generating done\n'}
[15.634835] (turtlesim) StdoutLine: {'line': b'-- Build files have been written to: /home/emelie/ba_ws_com/build/turtlesim\n'}
[15.653009] (turtlesim) CommandEnded: {'returncode': 0}
[15.654454] (turtlesim) JobProgress: {'identifier': 'turtlesim', 'progress': 'build'}
[15.654561] (turtlesim) Command: {'cmd': ['/usr/bin/cmake', '--build', '/home/emelie/ba_ws_com/build/turtlesim', '--', '-j4', '-l4'], 'cwd': '/home/emelie/ba_ws_com/build/turtlesim', 'env': OrderedDict([('LESSOPEN', '| /usr/bin/lesspipe %s'), ('USER', 'emelie'), ('SHLVL', '1'), ('LD_LIBRARY_PATH', '/opt/ros/foxy/opt/yaml_cpp_vendor/lib:/opt/ros/foxy/opt/rviz_ogre_vendor/lib:/opt/ros/foxy/lib/x86_64-linux-gnu:/opt/ros/foxy/lib'), ('MOTD_SHOWN', 'update-motd'), ('HOME', '/home/emelie'), ('OLDPWD', '/home/emelie'), ('ROS_PYTHON_VERSION', '3'), ('DBUS_SESSION_BUS_ADDRESS', 'unix:path=/run/user/1000/bus'), ('WSL_DISTRO_NAME', 'Ubuntu-20.04'), ('WAYLAND_DISPLAY', 'wayland-0'), ('ROS_DISTRO', 'foxy'), ('LOGNAME', 'emelie'), ('NAME', 'DESKTOP-RDCIGQM'), ('WSL_INTEROP', '/run/WSL/656_interop'), ('PULSE_SERVER', 'unix:/mnt/wslg/PulseServer'), ('_', '/usr/bin/colcon'), ('ROS_VERSION', '2'), ('TERM', 'xterm-256color'), ('ROS_LOCALHOST_ONLY', '0'), ('PATH', '/opt/ros/foxy/bin:/home/emelie/.local/bin:/usr/local/sbin:/usr/local/bin:/usr/sbin:/usr/bin:/sbin:/bin:/usr/games:/usr/local/games:/usr/lib/wsl/lib:/mnt/c/Program Files/WindowsApps/CanonicalGroupLimited.Ubuntu20.04LTS_2004.6.16.0_x64__79rhkp1fndgsc:/mnt/c/Program Files/Common Files/Oracle/Java/javapath:/mnt/c/Windows/system32:/mnt/c/Windows:/mnt/c/Windows/System32/Wbem:/mnt/c/Windows/System32/WindowsPowerShell/v1.0/:/mnt/c/Windows/System32/OpenSSH/:/mnt/c/Program Files/Intel/WiFi/bin/:/mnt/c/Program Files/Common Files/Intel/WirelessCommon/:/mnt/c/Program Files/apache-maven-3.9.1/bin:/mnt/c/Program Files/Java/jdk-17/bin:/mnt/c/Program Files/WireGuard/:/mnt/c/Users/Admin/AppData/Local/Programs/Python/Python312/Scripts/:/mnt/c/Users/Admin/AppData/Local/Programs/Python/Python312/:/mnt/c/Users/Admin/AppData/Local/Microsoft/WindowsApps:/mnt/c/Program Files/JetBrains/IntelliJ IDEA Community Edition 2023.1/bin:/mnt/c/Users/Admin/AppData/Local/Programs/Microsoft VS Code/bin:/snap/bin'), ('XDG_RUNTIME_DIR', '/run/user/1000/'), ('DISPLAY', ':0'), ('LANG', 'C.UTF-8'), ('LS_COLORS', 'rs=0:di=01;34:ln=01;36:mh=00:pi=40;33:so=01;35:do=01;35:bd=40;33;01:cd=40;33;01:or=40;31;01:mi=00:su=37;41:sg=30;43:ca=30;41:tw=30;42:ow=34;42:st=37;44:ex=01;32:*.tar=01;31:*.tgz=01;31:*.arc=01;31:*.arj=01;31:*.taz=01;31:*.lha=01;31:*.lz4=01;31:*.lzh=01;31:*.lzma=01;31:*.tlz=01;31:*.txz=01;31:*.tzo=01;31:*.t7z=01;31:*.zip=01;31:*.z=01;31:*.dz=01;31:*.gz=01;31:*.lrz=01;31:*.lz=01;31:*.lzo=01;31:*.xz=01;31:*.zst=01;31:*.tzst=01;31:*.bz2=01;31:*.bz=01;31:*.tbz=01;31:*.tbz2=01;31:*.tz=01;31:*.deb=01;31:*.rpm=01;31:*.jar=01;31:*.war=01;31:*.ear=01;31:*.sar=01;31:*.rar=01;31:*.alz=01;31:*.ace=01;31:*.zoo=01;31:*.cpio=01;31:*.7z=01;31:*.rz=01;31:*.cab=01;31:*.wim=01;31:*.swm=01;31:*.dwm=01;31:*.esd=01;31:*.jpg=01;35:*.jpeg=01;35:*.mjpg=01;35:*.mjpeg=01;35:*.gif=01;35:*.bmp=01;35:*.pbm=01;35:*.pgm=01;35:*.ppm=01;35:*.tga=01;35:*.xbm=01;35:*.xpm=01;35:*.tif=01;35:*.tiff=01;35:*.png=01;35:*.svg=01;35:*.svgz=01;35:*.mng=01;35:*.pcx=01;35:*.mov=01;35:*.mpg=01;35:*.mpeg=01;35:*.m2v=01;35:*.mkv=01;35:*.webm=01;35:*.ogm=01;35:*.mp4=01;35:*.m4v=01;35:*.mp4v=01;35:*.vob=01;35:*.qt=01;35:*.nuv=01;35:*.wmv=01;35:*.asf=01;35:*.rm=01;35:*.rmvb=01;35:*.flc=01;35:*.avi=01;35:*.fli=01;35:*.flv=01;35:*.gl=01;35:*.dl=01;35:*.xcf=01;35:*.xwd=01;35:*.yuv=01;35:*.cgm=01;35:*.emf=01;35:*.ogv=01;35:*.ogx=01;35:*.aac=00;36:*.au=00;36:*.flac=00;36:*.m4a=00;36:*.mid=00;36:*.midi=00;36:*.mka=00;36:*.mp3=00;36:*.mpc=00;36:*.ogg=00;36:*.ra=00;36:*.wav=00;36:*.oga=00;36:*.opus=00;36:*.spx=00;36:*.xspf=00;36:'), ('AMENT_PREFIX_PATH', '/opt/ros/foxy'), ('SHELL', '/bin/bash'), ('LESSCLOSE', '/usr/bin/lesspipe %s %s'), ('PWD', '/home/emelie/ba_ws_com/build/turtlesim'), ('XDG_DATA_DIRS', '/usr/local/share:/usr/share:/var/lib/snapd/desktop'), ('PYTHONPATH', '/opt/ros/foxy/lib/python3.8/site-packages'), ('COLCON', '1'), ('WSL2_GUI_APPS_ENABLED', '1'), ('HOSTTYPE', 'x86_64'), ('WSLENV', ''), ('CMAKE_PREFIX_PATH', '/opt/ros/foxy')]), 'shell': False}
[15.677073] (-) TimerEvent: {}
[15.720214] (turtlesim) StdoutLine: {'line': b'[  1%] \x1b[34m\x1b[1mGenerating C code for ROS interfaces\x1b[0m\n'}
[15.722197] (turtlesim) StdoutLine: {'line': b'\x1b[35m\x1b[1mScanning dependencies of target turtlesim__cpp\x1b[0m\n'}
[15.743197] (turtlesim) StdoutLine: {'line': b'[  2%] \x1b[34m\x1b[1mGenerating C++ code for ROS interfaces\x1b[0m\n'}
[15.777204] (-) TimerEvent: {}
[15.877580] (-) TimerEvent: {}
[15.977947] (-) TimerEvent: {}
[16.078312] (-) TimerEvent: {}
[16.178698] (-) TimerEvent: {}
[16.279110] (-) TimerEvent: {}
[16.379494] (-) TimerEvent: {}
[16.479912] (-) TimerEvent: {}
[16.580279] (-) TimerEvent: {}
[16.680685] (-) TimerEvent: {}
[16.782558] (-) TimerEvent: {}
[16.885070] (-) TimerEvent: {}
[16.956382] (turtlesim) StdoutLine: {'line': b'[  2%] Built target turtlesim__cpp\n'}
[16.985195] (-) TimerEvent: {}
[16.992692] (turtlesim) StdoutLine: {'line': b'[  3%] \x1b[34m\x1b[1mGenerating C++ type support dispatch for ROS interfaces\x1b[0m\n'}
[16.996756] (turtlesim) StdoutLine: {'line': b'[  4%] \x1b[34m\x1b[1mGenerating C++ introspection for ROS interfaces\x1b[0m\n'}
[17.085321] (-) TimerEvent: {}
[17.096509] (turtlesim) StdoutLine: {'line': b'[  5%] \x1b[34m\x1b[1mGenerating C++ type support for eProsima Fast-RTPS\x1b[0m\n'}
[17.185435] (-) TimerEvent: {}
[17.289384] (-) TimerEvent: {}
[17.380538] (turtlesim) StdoutLine: {'line': b'\x1b[35m\x1b[1mScanning dependencies of target turtlesim__rosidl_generator_c\x1b[0m\n'}
[17.389554] (-) TimerEvent: {}
[17.436478] (turtlesim) StdoutLine: {'line': b'[  6%] \x1b[32mBuilding C object CMakeFiles/turtlesim__rosidl_generator_c.dir/rosidl_generator_c/turtlesim/action/detail/rotate_absolute__functions.c.o\x1b[0m\n'}
[17.489671] (-) TimerEvent: {}
[17.596996] (-) TimerEvent: {}
[17.697328] (-) TimerEvent: {}
[17.742367] (turtlesim) StdoutLine: {'line': b'[  7%] \x1b[32mBuilding C object CMakeFiles/turtlesim__rosidl_generator_c.dir/rosidl_generator_c/turtlesim/msg/detail/color__functions.c.o\x1b[0m\n'}
[17.797439] (-) TimerEvent: {}
[17.837541] (turtlesim) StdoutLine: {'line': b'[  8%] \x1b[32mBuilding C object CMakeFiles/turtlesim__rosidl_generator_c.dir/rosidl_generator_c/turtlesim/msg/detail/pose__functions.c.o\x1b[0m\n'}
[17.897555] (-) TimerEvent: {}
[17.932829] (turtlesim) StdoutLine: {'line': b'[  9%] \x1b[32mBuilding C object CMakeFiles/turtlesim__rosidl_generator_c.dir/rosidl_generator_c/turtlesim/srv/detail/kill__functions.c.o\x1b[0m\n'}
[17.997667] (-) TimerEvent: {}
[18.054703] (turtlesim) StdoutLine: {'line': b'[ 10%] \x1b[32mBuilding C object CMakeFiles/turtlesim__rosidl_generator_c.dir/rosidl_generator_c/turtlesim/srv/detail/set_pen__functions.c.o\x1b[0m\n'}
[18.097808] (-) TimerEvent: {}
[18.128767] (turtlesim) StdoutLine: {'line': b'\x1b[35m\x1b[1mScanning dependencies of target turtlesim__rosidl_typesupport_cpp\x1b[0m\n'}
[18.170435] (turtlesim) StdoutLine: {'line': b'[ 11%] \x1b[32mBuilding C object CMakeFiles/turtlesim__rosidl_generator_c.dir/rosidl_generator_c/turtlesim/srv/detail/spawn__functions.c.o\x1b[0m\n'}
[18.189797] (turtlesim) StdoutLine: {'line': b'[ 12%] \x1b[32mBuilding CXX object CMakeFiles/turtlesim__rosidl_typesupport_cpp.dir/rosidl_typesupport_cpp/turtlesim/action/rotate_absolute__type_support.cpp.o\x1b[0m\n'}
[18.197930] (-) TimerEvent: {}
[18.298368] (-) TimerEvent: {}
[18.302469] (turtlesim) StdoutLine: {'line': b'[ 13%] \x1b[32mBuilding C object CMakeFiles/turtlesim__rosidl_generator_c.dir/rosidl_generator_c/turtlesim/srv/detail/teleport_absolute__functions.c.o\x1b[0m\n'}
[18.398505] (-) TimerEvent: {}
[18.426348] (turtlesim) StdoutLine: {'line': b'[ 14%] \x1b[32mBuilding C object CMakeFiles/turtlesim__rosidl_generator_c.dir/rosidl_generator_c/turtlesim/srv/detail/teleport_relative__functions.c.o\x1b[0m\n'}
[18.498637] (-) TimerEvent: {}
[18.510603] (turtlesim) StdoutLine: {'line': b'\x1b[35m\x1b[1mScanning dependencies of target turtlesim__rosidl_typesupport_introspection_cpp\x1b[0m\n'}
[18.548533] (turtlesim) StdoutLine: {'line': b'[ 15%] \x1b[32m\x1b[1mLinking C shared library libturtlesim__rosidl_generator_c.so\x1b[0m\n'}
[18.558163] (turtlesim) StdoutLine: {'line': b'[ 16%] \x1b[32mBuilding CXX object CMakeFiles/turtlesim__rosidl_typesupport_introspection_cpp.dir/rosidl_typesupport_introspection_cpp/turtlesim/action/detail/rotate_absolute__type_support.cpp.o\x1b[0m\n'}
[18.598898] (-) TimerEvent: {}
[18.699326] (-) TimerEvent: {}
[18.805057] (-) TimerEvent: {}
[18.807727] (turtlesim) StdoutLine: {'line': b'[ 16%] Built target turtlesim__rosidl_generator_c\n'}
[18.841713] (turtlesim) StdoutLine: {'line': b'[ 17%] \x1b[32mBuilding CXX object CMakeFiles/turtlesim__rosidl_typesupport_introspection_cpp.dir/rosidl_typesupport_introspection_cpp/turtlesim/msg/detail/color__type_support.cpp.o\x1b[0m\n'}
[18.905171] (-) TimerEvent: {}
[19.003258] (turtlesim) StdoutLine: {'line': b'\x1b[35m\x1b[1mScanning dependencies of target turtlesim__rosidl_typesupport_fastrtps_cpp\x1b[0m\n'}
[19.005514] (-) TimerEvent: {}
[19.077129] (turtlesim) StdoutLine: {'line': b'[ 18%] \x1b[32mBuilding CXX object CMakeFiles/turtlesim__rosidl_typesupport_cpp.dir/rosidl_typesupport_cpp/turtlesim/msg/color__type_support.cpp.o\x1b[0m\n'}
[19.097702] (turtlesim) StdoutLine: {'line': b'[ 19%] \x1b[32mBuilding CXX object CMakeFiles/turtlesim__rosidl_typesupport_fastrtps_cpp.dir/rosidl_typesupport_fastrtps_cpp/turtlesim/action/detail/dds_fastrtps/rotate_absolute__type_support.cpp.o\x1b[0m\n'}
[19.109020] (-) TimerEvent: {}
[19.209449] (-) TimerEvent: {}
[19.309903] (-) TimerEvent: {}
[19.381089] (turtlesim) StdoutLine: {'line': b'[ 20%] \x1b[34m\x1b[1mGenerating C type support dispatch for ROS interfaces\x1b[0m\n'}
[19.410053] (-) TimerEvent: {}
[19.477193] (turtlesim) StdoutLine: {'line': b'[ 21%] \x1b[32mBuilding CXX object CMakeFiles/turtlesim__rosidl_typesupport_introspection_cpp.dir/rosidl_typesupport_introspection_cpp/turtlesim/msg/detail/pose__type_support.cpp.o\x1b[0m\n'}
[19.510183] (-) TimerEvent: {}
[19.610702] (-) TimerEvent: {}
[19.676077] (turtlesim) StdoutLine: {'line': b'[ 22%] \x1b[32mBuilding CXX object CMakeFiles/turtlesim__rosidl_typesupport_cpp.dir/rosidl_typesupport_cpp/turtlesim/msg/pose__type_support.cpp.o\x1b[0m\n'}
[19.710842] (-) TimerEvent: {}
[19.811264] (-) TimerEvent: {}
[19.911676] (-) TimerEvent: {}
[20.012057] (-) TimerEvent: {}
[20.069200] (turtlesim) StdoutLine: {'line': b'[ 23%] \x1b[32mBuilding CXX object CMakeFiles/turtlesim__rosidl_typesupport_introspection_cpp.dir/rosidl_typesupport_introspection_cpp/turtlesim/srv/detail/kill__type_support.cpp.o\x1b[0m\n'}
[20.112191] (-) TimerEvent: {}
[20.182740] (turtlesim) StdoutLine: {'line': b'[ 24%] \x1b[32mBuilding CXX object CMakeFiles/turtlesim__rosidl_typesupport_fastrtps_cpp.dir/rosidl_typesupport_fastrtps_cpp/turtlesim/msg/detail/dds_fastrtps/color__type_support.cpp.o\x1b[0m\n'}
[20.212310] (-) TimerEvent: {}
[20.276858] (turtlesim) StdoutLine: {'line': b'[ 25%] \x1b[32mBuilding CXX object CMakeFiles/turtlesim__rosidl_typesupport_cpp.dir/rosidl_typesupport_cpp/turtlesim/srv/kill__type_support.cpp.o\x1b[0m\n'}
[20.312441] (-) TimerEvent: {}
[20.415423] (-) TimerEvent: {}
[20.517016] (-) TimerEvent: {}
[20.574445] (turtlesim) StdoutLine: {'line': b'\x1b[35m\x1b[1mScanning dependencies of target turtlesim__rosidl_typesupport_c\x1b[0m\n'}
[20.617143] (-) TimerEvent: {}
[20.624198] (turtlesim) StdoutLine: {'line': b'[ 26%] \x1b[32mBuilding CXX object CMakeFiles/turtlesim__rosidl_typesupport_c.dir/rosidl_typesupport_c/turtlesim/action/rotate_absolute__type_support.cpp.o\x1b[0m\n'}
[20.679507] (turtlesim) StdoutLine: {'line': b'[ 27%] \x1b[32mBuilding CXX object CMakeFiles/turtlesim__rosidl_typesupport_introspection_cpp.dir/rosidl_typesupport_introspection_cpp/turtlesim/srv/detail/set_pen__type_support.cpp.o\x1b[0m\n'}
[20.717265] (-) TimerEvent: {}
[20.734926] (turtlesim) StdoutLine: {'line': b'[ 28%] \x1b[32mBuilding CXX object CMakeFiles/turtlesim__rosidl_typesupport_c.dir/rosidl_typesupport_c/turtlesim/msg/color__type_support.cpp.o\x1b[0m\n'}
[20.803784] (turtlesim) StdoutLine: {'line': b'[ 29%] \x1b[32mBuilding CXX object CMakeFiles/turtlesim__rosidl_typesupport_c.dir/rosidl_typesupport_c/turtlesim/msg/pose__type_support.cpp.o\x1b[0m\n'}
[20.817407] (-) TimerEvent: {}
[20.870016] (turtlesim) StdoutLine: {'line': b'[ 30%] \x1b[32mBuilding CXX object CMakeFiles/turtlesim__rosidl_typesupport_cpp.dir/rosidl_typesupport_cpp/turtlesim/srv/set_pen__type_support.cpp.o\x1b[0m\n'}
[20.873552] (turtlesim) StdoutLine: {'line': b'[ 31%] \x1b[32mBuilding CXX object CMakeFiles/turtlesim__rosidl_typesupport_c.dir/rosidl_typesupport_c/turtlesim/srv/kill__type_support.cpp.o\x1b[0m\n'}
[20.917533] (-) TimerEvent: {}
[20.944567] (turtlesim) StdoutLine: {'line': b'[ 32%] \x1b[32mBuilding CXX object CMakeFiles/turtlesim__rosidl_typesupport_c.dir/rosidl_typesupport_c/turtlesim/srv/set_pen__type_support.cpp.o\x1b[0m\n'}
[21.015839] (turtlesim) StdoutLine: {'line': b'[ 33%] \x1b[32mBuilding CXX object CMakeFiles/turtlesim__rosidl_typesupport_c.dir/rosidl_typesupport_c/turtlesim/srv/spawn__type_support.cpp.o\x1b[0m\n'}
[21.021779] (-) TimerEvent: {}
[21.061124] (turtlesim) StdoutLine: {'line': b'[ 34%] \x1b[32mBuilding CXX object CMakeFiles/turtlesim__rosidl_typesupport_fastrtps_cpp.dir/rosidl_typesupport_fastrtps_cpp/turtlesim/msg/detail/dds_fastrtps/pose__type_support.cpp.o\x1b[0m\n'}
[21.089379] (turtlesim) StdoutLine: {'line': b'[ 35%] \x1b[32mBuilding CXX object CMakeFiles/turtlesim__rosidl_typesupport_c.dir/rosidl_typesupport_c/turtlesim/srv/teleport_absolute__type_support.cpp.o\x1b[0m\n'}
[21.121905] (-) TimerEvent: {}
[21.158444] (turtlesim) StdoutLine: {'line': b'[ 36%] \x1b[32mBuilding CXX object CMakeFiles/turtlesim__rosidl_typesupport_c.dir/rosidl_typesupport_c/turtlesim/srv/teleport_relative__type_support.cpp.o\x1b[0m\n'}
[21.222046] (-) TimerEvent: {}
[21.229935] (turtlesim) StdoutLine: {'line': b'[ 37%] \x1b[32m\x1b[1mLinking CXX shared library libturtlesim__rosidl_typesupport_c.so\x1b[0m\n'}
[21.282894] (turtlesim) StdoutLine: {'line': b'[ 38%] \x1b[32mBuilding CXX object CMakeFiles/turtlesim__rosidl_typesupport_introspection_cpp.dir/rosidl_typesupport_introspection_cpp/turtlesim/srv/detail/spawn__type_support.cpp.o\x1b[0m\n'}
[21.322785] (-) TimerEvent: {}
[21.425011] (-) TimerEvent: {}
[21.441719] (turtlesim) StdoutLine: {'line': b'[ 38%] Built target turtlesim__rosidl_typesupport_c\n'}
[21.463757] (turtlesim) StdoutLine: {'line': b'[ 39%] \x1b[32mBuilding CXX object CMakeFiles/turtlesim__rosidl_typesupport_cpp.dir/rosidl_typesupport_cpp/turtlesim/srv/spawn__type_support.cpp.o\x1b[0m\n'}
[21.495831] (turtlesim) StdoutLine: {'line': b'[ 40%] \x1b[32mBuilding CXX object CMakeFiles/turtlesim__rosidl_typesupport_fastrtps_cpp.dir/rosidl_typesupport_fastrtps_cpp/turtlesim/srv/detail/dds_fastrtps/kill__type_support.cpp.o\x1b[0m\n'}
[21.525139] (-) TimerEvent: {}
[21.625547] (-) TimerEvent: {}
[21.725924] (-) TimerEvent: {}
[21.826475] (-) TimerEvent: {}
[21.899027] (turtlesim) StdoutLine: {'line': b'[ 41%] \x1b[32mBuilding CXX object CMakeFiles/turtlesim__rosidl_typesupport_introspection_cpp.dir/rosidl_typesupport_introspection_cpp/turtlesim/srv/detail/teleport_absolute__type_support.cpp.o\x1b[0m\n'}
[21.926659] (-) TimerEvent: {}
[21.977045] (turtlesim) StdoutLine: {'line': b'[ 42%] \x1b[32mBuilding CXX object CMakeFiles/turtlesim__rosidl_typesupport_cpp.dir/rosidl_typesupport_cpp/turtlesim/srv/teleport_absolute__type_support.cpp.o\x1b[0m\n'}
[22.026746] (-) TimerEvent: {}
[22.059628] (turtlesim) StdoutLine: {'line': b'[ 43%] \x1b[32mBuilding CXX object CMakeFiles/turtlesim__rosidl_typesupport_fastrtps_cpp.dir/rosidl_typesupport_fastrtps_cpp/turtlesim/srv/detail/dds_fastrtps/set_pen__type_support.cpp.o\x1b[0m\n'}
[22.126884] (-) TimerEvent: {}
[22.227315] (-) TimerEvent: {}
[22.327777] (-) TimerEvent: {}
[22.420223] (turtlesim) StdoutLine: {'line': b'[ 44%] \x1b[34m\x1b[1mGenerating C introspection for ROS interfaces\x1b[0m\n'}
[22.433000] (-) TimerEvent: {}
[22.491225] (turtlesim) StdoutLine: {'line': b'[ 45%] \x1b[32mBuilding CXX object CMakeFiles/turtlesim__rosidl_typesupport_introspection_cpp.dir/rosidl_typesupport_introspection_cpp/turtlesim/srv/detail/teleport_relative__type_support.cpp.o\x1b[0m\n'}
[22.533177] (-) TimerEvent: {}
[22.564187] (turtlesim) StdoutLine: {'line': b'[ 46%] \x1b[32mBuilding CXX object CMakeFiles/turtlesim__rosidl_typesupport_cpp.dir/rosidl_typesupport_cpp/turtlesim/srv/teleport_relative__type_support.cpp.o\x1b[0m\n'}
[22.633292] (-) TimerEvent: {}
[22.733688] (-) TimerEvent: {}
[22.834234] (-) TimerEvent: {}
[22.937496] (-) TimerEvent: {}
[22.949240] (turtlesim) StdoutLine: {'line': b'[ 47%] \x1b[32mBuilding CXX object CMakeFiles/turtlesim__rosidl_typesupport_fastrtps_cpp.dir/rosidl_typesupport_fastrtps_cpp/turtlesim/srv/detail/dds_fastrtps/spawn__type_support.cpp.o\x1b[0m\n'}
[23.037624] (-) TimerEvent: {}
[23.062334] (turtlesim) StdoutLine: {'line': b'[ 48%] \x1b[32m\x1b[1mLinking CXX shared library libturtlesim__rosidl_typesupport_introspection_cpp.so\x1b[0m\n'}
[23.138011] (-) TimerEvent: {}
[23.186296] (turtlesim) StdoutLine: {'line': b'[ 49%] \x1b[32m\x1b[1mLinking CXX shared library libturtlesim__rosidl_typesupport_cpp.so\x1b[0m\n'}
[23.238158] (-) TimerEvent: {}
[23.338773] (-) TimerEvent: {}
[23.430326] (turtlesim) StdoutLine: {'line': b'[ 49%] Built target turtlesim__rosidl_typesupport_introspection_cpp\n'}
[23.439260] (-) TimerEvent: {}
[23.445696] (turtlesim) StdoutLine: {'line': b'[ 49%] Built target turtlesim__rosidl_typesupport_cpp\n'}
[23.451724] (turtlesim) StdoutLine: {'line': b'[ 50%] \x1b[32mBuilding CXX object CMakeFiles/turtlesim__rosidl_typesupport_fastrtps_cpp.dir/rosidl_typesupport_fastrtps_cpp/turtlesim/srv/detail/dds_fastrtps/teleport_absolute__type_support.cpp.o\x1b[0m\n'}
[23.466191] (turtlesim) StdoutLine: {'line': b'[ 51%] \x1b[32mBuilding CXX object CMakeFiles/turtlesim__rosidl_typesupport_fastrtps_cpp.dir/rosidl_typesupport_fastrtps_cpp/turtlesim/srv/detail/dds_fastrtps/teleport_relative__type_support.cpp.o\x1b[0m\n'}
[23.539325] (-) TimerEvent: {}
[23.639699] (-) TimerEvent: {}
[23.740074] (-) TimerEvent: {}
[23.840459] (-) TimerEvent: {}
[23.940856] (-) TimerEvent: {}
[24.041690] (-) TimerEvent: {}
[24.072170] (turtlesim) StdoutLine: {'line': b'\x1b[35m\x1b[1mScanning dependencies of target turtlesim__rosidl_typesupport_introspection_c\x1b[0m\n'}
[24.111780] (turtlesim) StdoutLine: {'line': b'[ 52%] \x1b[32mBuilding C object CMakeFiles/turtlesim__rosidl_typesupport_introspection_c.dir/rosidl_typesupport_introspection_c/turtlesim/action/detail/rotate_absolute__type_support.c.o\x1b[0m\n'}
[24.116983] (turtlesim) StdoutLine: {'line': b'[ 53%] \x1b[32mBuilding C object CMakeFiles/turtlesim__rosidl_typesupport_introspection_c.dir/rosidl_typesupport_introspection_c/turtlesim/msg/detail/color__type_support.c.o\x1b[0m\n'}
[24.141386] (-) TimerEvent: {}
[24.198150] (turtlesim) StdoutLine: {'line': b'[ 54%] \x1b[32mBuilding C object CMakeFiles/turtlesim__rosidl_typesupport_introspection_c.dir/rosidl_typesupport_introspection_c/turtlesim/msg/detail/pose__type_support.c.o\x1b[0m\n'}
[24.224202] (turtlesim) StdoutLine: {'line': b'[ 55%] \x1b[32mBuilding C object CMakeFiles/turtlesim__rosidl_typesupport_introspection_c.dir/rosidl_typesupport_introspection_c/turtlesim/srv/detail/kill__type_support.c.o\x1b[0m\n'}
[24.241524] (-) TimerEvent: {}
[24.271215] (turtlesim) StdoutLine: {'line': b'[ 56%] \x1b[32mBuilding C object CMakeFiles/turtlesim__rosidl_typesupport_introspection_c.dir/rosidl_typesupport_introspection_c/turtlesim/srv/detail/set_pen__type_support.c.o\x1b[0m\n'}
[24.307097] (turtlesim) StdoutLine: {'line': b'[ 57%] \x1b[32mBuilding C object CMakeFiles/turtlesim__rosidl_typesupport_introspection_c.dir/rosidl_typesupport_introspection_c/turtlesim/srv/detail/spawn__type_support.c.o\x1b[0m\n'}
[24.337669] (turtlesim) StdoutLine: {'line': b'[ 58%] \x1b[32mBuilding C object CMakeFiles/turtlesim__rosidl_typesupport_introspection_c.dir/rosidl_typesupport_introspection_c/turtlesim/srv/detail/teleport_absolute__type_support.c.o\x1b[0m\n'}
[24.342408] (-) TimerEvent: {}
[24.348493] (turtlesim) StdoutLine: {'line': b'[ 59%] \x1b[32m\x1b[1mLinking CXX shared library libturtlesim__rosidl_typesupport_fastrtps_cpp.so\x1b[0m\n'}
[24.353530] (turtlesim) StdoutLine: {'line': b'[ 60%] \x1b[32mBuilding C object CMakeFiles/turtlesim__rosidl_typesupport_introspection_c.dir/rosidl_typesupport_introspection_c/turtlesim/srv/detail/teleport_relative__type_support.c.o\x1b[0m\n'}
[24.432245] (turtlesim) StdoutLine: {'line': b'[ 61%] \x1b[32m\x1b[1mLinking C shared library libturtlesim__rosidl_typesupport_introspection_c.so\x1b[0m\n'}
[24.442555] (-) TimerEvent: {}
[24.543546] (-) TimerEvent: {}
[24.578034] (turtlesim) StdoutLine: {'line': b'[ 61%] Built target turtlesim__rosidl_typesupport_introspection_c\n'}
[24.617870] (turtlesim) StdoutLine: {'line': b'[ 61%] Built target turtlesim__rosidl_typesupport_fastrtps_cpp\n'}
[24.633255] (turtlesim) StdoutLine: {'line': b'[ 62%] \x1b[34m\x1b[1mGenerating C type support for eProsima Fast-RTPS\x1b[0m\n'}
[24.643673] (-) TimerEvent: {}
[24.744033] (-) TimerEvent: {}
[24.844506] (-) TimerEvent: {}
[24.944885] (-) TimerEvent: {}
[25.045234] (-) TimerEvent: {}
[25.145612] (-) TimerEvent: {}
[25.245984] (-) TimerEvent: {}
[25.346408] (-) TimerEvent: {}
[25.431650] (turtlesim) StdoutLine: {'line': b'\x1b[35m\x1b[1mScanning dependencies of target turtlesim__rosidl_typesupport_fastrtps_c\x1b[0m\n'}
[25.446673] (-) TimerEvent: {}
[25.527315] (turtlesim) StdoutLine: {'line': b'[ 65%] \x1b[32mBuilding CXX object CMakeFiles/turtlesim__rosidl_typesupport_fastrtps_c.dir/rosidl_typesupport_fastrtps_c/turtlesim/msg/detail/color__type_support_c.cpp.o\x1b[0m\n'}
[25.527631] (turtlesim) StdoutLine: {'line': b'[ 65%] \x1b[32mBuilding CXX object CMakeFiles/turtlesim__rosidl_typesupport_fastrtps_c.dir/rosidl_typesupport_fastrtps_c/turtlesim/action/detail/rotate_absolute__type_support_c.cpp.o\x1b[0m\n'}
[25.527830] (turtlesim) StdoutLine: {'line': b'[ 65%] \x1b[32mBuilding CXX object CMakeFiles/turtlesim__rosidl_typesupport_fastrtps_c.dir/rosidl_typesupport_fastrtps_c/turtlesim/msg/detail/pose__type_support_c.cpp.o\x1b[0m\n'}
[25.527995] (turtlesim) StdoutLine: {'line': b'[ 66%] \x1b[32mBuilding CXX object CMakeFiles/turtlesim__rosidl_typesupport_fastrtps_c.dir/rosidl_typesupport_fastrtps_c/turtlesim/srv/detail/kill__type_support_c.cpp.o\x1b[0m\n'}
[25.553120] (-) TimerEvent: {}
[25.653555] (-) TimerEvent: {}
[25.754032] (-) TimerEvent: {}
[25.857193] (-) TimerEvent: {}
[25.957564] (-) TimerEvent: {}
[26.058174] (-) TimerEvent: {}
[26.161204] (-) TimerEvent: {}
[26.261624] (-) TimerEvent: {}
[26.271530] (turtlesim) StdoutLine: {'line': b'[ 67%] \x1b[32mBuilding CXX object CMakeFiles/turtlesim__rosidl_typesupport_fastrtps_c.dir/rosidl_typesupport_fastrtps_c/turtlesim/srv/detail/set_pen__type_support_c.cpp.o\x1b[0m\n'}
[26.275690] (turtlesim) StdoutLine: {'line': b'[ 68%] \x1b[32mBuilding CXX object CMakeFiles/turtlesim__rosidl_typesupport_fastrtps_c.dir/rosidl_typesupport_fastrtps_c/turtlesim/srv/detail/spawn__type_support_c.cpp.o\x1b[0m\n'}
[26.293961] (turtlesim) StdoutLine: {'line': b'[ 69%] \x1b[32mBuilding CXX object CMakeFiles/turtlesim__rosidl_typesupport_fastrtps_c.dir/rosidl_typesupport_fastrtps_c/turtlesim/srv/detail/teleport_absolute__type_support_c.cpp.o\x1b[0m\n'}
[26.365003] (turtlesim) StdoutLine: {'line': b'[ 70%] \x1b[32mBuilding CXX object CMakeFiles/turtlesim__rosidl_typesupport_fastrtps_c.dir/rosidl_typesupport_fastrtps_c/turtlesim/srv/detail/teleport_relative__type_support_c.cpp.o\x1b[0m\n'}
[26.365296] (-) TimerEvent: {}
[26.465581] (-) TimerEvent: {}
[26.566109] (-) TimerEvent: {}
[26.666814] (-) TimerEvent: {}
[26.769824] (-) TimerEvent: {}
[26.870351] (-) TimerEvent: {}
[26.973195] (-) TimerEvent: {}
[27.073606] (-) TimerEvent: {}
[27.074855] (turtlesim) StdoutLine: {'line': b'[ 71%] \x1b[32m\x1b[1mLinking CXX shared library libturtlesim__rosidl_typesupport_fastrtps_c.so\x1b[0m\n'}
[27.173736] (-) TimerEvent: {}
[27.274074] (-) TimerEvent: {}
[27.292685] (turtlesim) StdoutLine: {'line': b'[ 71%] Built target turtlesim__rosidl_typesupport_fastrtps_c\n'}
[27.311438] (turtlesim) StdoutLine: {'line': b'\x1b[35m\x1b[1mScanning dependencies of target turtlesim\x1b[0m\n'}
[27.327875] (turtlesim) StdoutLine: {'line': b'[ 71%] Built target turtlesim\n'}
[27.349107] (turtlesim) StdoutLine: {'line': b'\x1b[35m\x1b[1mScanning dependencies of target turtle_teleop_key\x1b[0m\n'}
[27.349345] (turtlesim) StdoutLine: {'line': b'\x1b[35m\x1b[1mScanning dependencies of target mimic\x1b[0m\n'}
[27.349506] (turtlesim) StdoutLine: {'line': b'\x1b[35m\x1b[1mScanning dependencies of target draw_square\x1b[0m\n'}
[27.349632] (turtlesim) StdoutLine: {'line': b'\x1b[35m\x1b[1mScanning dependencies of target turtlesim__py\x1b[0m\n'}
[27.369893] (turtlesim) StdoutLine: {'line': b'[ 72%] \x1b[34m\x1b[1mGenerating Python code for ROS interfaces\x1b[0m\n'}
[27.374259] (-) TimerEvent: {}
[27.474643] (-) TimerEvent: {}
[27.581217] (-) TimerEvent: {}
[27.593191] (turtlesim) StdoutLine: {'line': b'[ 73%] \x1b[32mBuilding CXX object CMakeFiles/draw_square.dir/tutorials/draw_square.cpp.o\x1b[0m\n'}
[27.594541] (turtlesim) StdoutLine: {'line': b'[ 74%] \x1b[32mBuilding CXX object CMakeFiles/mimic.dir/tutorials/mimic.cpp.o\x1b[0m\n'}
[27.598050] (turtlesim) StdoutLine: {'line': b'[ 75%] \x1b[32mBuilding CXX object CMakeFiles/turtle_teleop_key.dir/tutorials/teleop_turtle_key.cpp.o\x1b[0m\n'}
[27.681333] (-) TimerEvent: {}
[27.781788] (-) TimerEvent: {}
[27.882308] (-) TimerEvent: {}
[27.984546] (-) TimerEvent: {}
[28.088198] (-) TimerEvent: {}
[28.188877] (-) TimerEvent: {}
[28.293007] (-) TimerEvent: {}
[28.393378] (-) TimerEvent: {}
[28.493763] (-) TimerEvent: {}
[28.594167] (-) TimerEvent: {}
[28.697051] (-) TimerEvent: {}
[28.797462] (-) TimerEvent: {}
[28.897905] (-) TimerEvent: {}
[29.001005] (-) TimerEvent: {}
[29.101391] (-) TimerEvent: {}
[29.201913] (-) TimerEvent: {}
[29.302383] (-) TimerEvent: {}
[29.404993] (-) TimerEvent: {}
[29.505389] (-) TimerEvent: {}
[29.605764] (-) TimerEvent: {}
[29.706255] (-) TimerEvent: {}
[29.808999] (-) TimerEvent: {}
[29.909442] (-) TimerEvent: {}
[30.009828] (-) TimerEvent: {}
[30.110255] (-) TimerEvent: {}
[30.213133] (-) TimerEvent: {}
[30.313522] (-) TimerEvent: {}
[30.413939] (-) TimerEvent: {}
[30.517172] (-) TimerEvent: {}
[30.617648] (-) TimerEvent: {}
[30.718411] (-) TimerEvent: {}
[30.821125] (-) TimerEvent: {}
[30.921490] (-) TimerEvent: {}
[31.021944] (-) TimerEvent: {}
[31.125140] (-) TimerEvent: {}
[31.225675] (-) TimerEvent: {}
[31.326180] (-) TimerEvent: {}
[31.426619] (-) TimerEvent: {}
[31.533497] (-) TimerEvent: {}
[31.633927] (-) TimerEvent: {}
[31.734527] (-) TimerEvent: {}
[31.774667] (turtlesim) StdoutLine: {'line': b'[ 75%] Built target turtlesim__py\n'}
[31.800704] (turtlesim) StdoutLine: {'line': b'[ 76%] \x1b[34m\x1b[1mGenerating include/turtlesim/moc_turtle_frame.cpp\x1b[0m\n'}
[31.834658] (-) TimerEvent: {}
[31.935168] (-) TimerEvent: {}
[32.041007] (-) TimerEvent: {}
[32.045546] (turtlesim) StdoutLine: {'line': b'\x1b[35m\x1b[1mScanning dependencies of target turtlesim_node\x1b[0m\n'}
[32.141124] (-) TimerEvent: {}
[32.223473] (turtlesim) StdoutLine: {'line': b'[ 77%] \x1b[32mBuilding CXX object CMakeFiles/turtlesim_node.dir/src/turtlesim.cpp.o\x1b[0m\n'}
[32.241269] (-) TimerEvent: {}
[32.341686] (-) TimerEvent: {}
[32.442177] (-) TimerEvent: {}
[32.545183] (-) TimerEvent: {}
[32.645608] (-) TimerEvent: {}
[32.745983] (-) TimerEvent: {}
[32.849141] (-) TimerEvent: {}
[32.949556] (-) TimerEvent: {}
[33.053030] (-) TimerEvent: {}
[33.153436] (-) TimerEvent: {}
[33.253872] (-) TimerEvent: {}
[33.357166] (-) TimerEvent: {}
[33.457569] (-) TimerEvent: {}
[33.561034] (-) TimerEvent: {}
[33.661444] (-) TimerEvent: {}
[33.761928] (-) TimerEvent: {}
[33.862375] (-) TimerEvent: {}
[33.962882] (-) TimerEvent: {}
[34.063367] (-) TimerEvent: {}
[34.169019] (-) TimerEvent: {}
[34.269464] (-) TimerEvent: {}
[34.369943] (-) TimerEvent: {}
[34.470645] (-) TimerEvent: {}
[34.571402] (-) TimerEvent: {}
[34.674243] (-) TimerEvent: {}
[34.777301] (-) TimerEvent: {}
[34.879514] (-) TimerEvent: {}
[34.979963] (-) TimerEvent: {}
[35.085024] (-) TimerEvent: {}
[35.185471] (-) TimerEvent: {}
[35.286224] (-) TimerEvent: {}
[35.386687] (-) TimerEvent: {}
[35.487096] (-) TimerEvent: {}
[35.589203] (-) TimerEvent: {}
[35.689657] (-) TimerEvent: {}
[35.790053] (-) TimerEvent: {}
[35.893017] (-) TimerEvent: {}
[35.993512] (-) TimerEvent: {}
[36.093955] (-) TimerEvent: {}
[36.194381] (-) TimerEvent: {}
[36.294797] (-) TimerEvent: {}
[36.397213] (-) TimerEvent: {}
[36.497632] (-) TimerEvent: {}
[36.598067] (-) TimerEvent: {}
[36.701018] (-) TimerEvent: {}
[36.801417] (-) TimerEvent: {}
[36.901824] (-) TimerEvent: {}
[37.005014] (-) TimerEvent: {}
[37.105413] (-) TimerEvent: {}
[37.205892] (-) TimerEvent: {}
[37.217012] (turtlesim) StdoutLine: {'line': b'[ 78%] \x1b[32m\x1b[1mLinking CXX executable turtle_teleop_key\x1b[0m\n'}
[37.306036] (-) TimerEvent: {}
[37.406515] (-) TimerEvent: {}
[37.509208] (-) TimerEvent: {}
[37.609683] (-) TimerEvent: {}
[37.713079] (-) TimerEvent: {}
[37.813696] (-) TimerEvent: {}
[37.914269] (-) TimerEvent: {}
[38.014789] (-) TimerEvent: {}
[38.117010] (-) TimerEvent: {}
[38.135398] (turtlesim) StdoutLine: {'line': b'[ 78%] Built target turtle_teleop_key\n'}
[38.158386] (turtlesim) StdoutLine: {'line': b'[ 79%] \x1b[32mBuilding CXX object CMakeFiles/turtlesim_node.dir/src/turtle.cpp.o\x1b[0m\n'}
[38.217172] (-) TimerEvent: {}
[38.317583] (-) TimerEvent: {}
[38.421015] (-) TimerEvent: {}
[38.521387] (-) TimerEvent: {}
[38.621772] (-) TimerEvent: {}
[38.722199] (-) TimerEvent: {}
[38.822647] (-) TimerEvent: {}
[38.923077] (-) TimerEvent: {}
[38.969721] (turtlesim) StdoutLine: {'line': b'[ 80%] \x1b[32m\x1b[1mLinking CXX executable mimic\x1b[0m\n'}
[39.025457] (-) TimerEvent: {}
[39.127355] (-) TimerEvent: {}
[39.228827] (-) TimerEvent: {}
[39.329675] (-) TimerEvent: {}
[39.425104] (turtlesim) StdoutLine: {'line': b'[ 81%] \x1b[32mBuilding CXX object CMakeFiles/turtlesim_node.dir/src/turtle_frame.cpp.o\x1b[0m\n'}
[39.429808] (-) TimerEvent: {}
[39.530395] (-) TimerEvent: {}
[39.637039] (-) TimerEvent: {}
[39.737498] (-) TimerEvent: {}
[39.837998] (-) TimerEvent: {}
[39.938435] (-) TimerEvent: {}
[40.009278] (turtlesim) StdoutLine: {'line': b'[ 81%] Built target mimic\n'}
[40.038610] (-) TimerEvent: {}
[40.042034] (turtlesim) StdoutLine: {'line': b'[ 82%] \x1b[32mBuilding CXX object CMakeFiles/turtlesim_node.dir/include/turtlesim/moc_turtle_frame.cpp.o\x1b[0m\n'}
[40.145009] (-) TimerEvent: {}
[40.245420] (-) TimerEvent: {}
[40.349019] (-) TimerEvent: {}
[40.449451] (-) TimerEvent: {}
[40.549849] (-) TimerEvent: {}
[40.650245] (-) TimerEvent: {}
[40.750625] (-) TimerEvent: {}
[40.851017] (-) TimerEvent: {}
[40.951324] (turtlesim) StdoutLine: {'line': b'[ 83%] \x1b[32m\x1b[1mLinking CXX executable draw_square\x1b[0m\n'}
[40.951603] (-) TimerEvent: {}
[41.052028] (-) TimerEvent: {}
[41.152761] (-) TimerEvent: {}
[41.257222] (-) TimerEvent: {}
[41.357680] (-) TimerEvent: {}
[41.458199] (-) TimerEvent: {}
[41.558637] (-) TimerEvent: {}
[41.659071] (-) TimerEvent: {}
[41.761181] (-) TimerEvent: {}
[41.831783] (turtlesim) StdoutLine: {'line': b'[ 83%] Built target draw_square\n'}
[41.856834] (turtlesim) StdoutLine: {'line': b'\x1b[35m\x1b[1mScanning dependencies of target turtlesim__python\x1b[0m\n'}
[41.861330] (-) TimerEvent: {}
[41.961929] (-) TimerEvent: {}
[42.041110] (turtlesim) StdoutLine: {'line': b'[ 84%] \x1b[32mBuilding C object CMakeFiles/turtlesim__python.dir/rosidl_generator_py/turtlesim/action/_rotate_absolute_s.c.o\x1b[0m\n'}
[42.062061] (-) TimerEvent: {}
[42.168938] (-) TimerEvent: {}
[42.269372] (-) TimerEvent: {}
[42.369786] (-) TimerEvent: {}
[42.422974] (turtlesim) StdoutLine: {'line': b'[ 85%] \x1b[32mBuilding C object CMakeFiles/turtlesim__python.dir/rosidl_generator_py/turtlesim/msg/_color_s.c.o\x1b[0m\n'}
[42.471718] (-) TimerEvent: {}
[42.572149] (-) TimerEvent: {}
[42.673369] (-) TimerEvent: {}
[42.715158] (turtlesim) StdoutLine: {'line': b'[ 86%] \x1b[32mBuilding C object CMakeFiles/turtlesim__python.dir/rosidl_generator_py/turtlesim/msg/_pose_s.c.o\x1b[0m\n'}
[42.773680] (-) TimerEvent: {}
[42.874494] (-) TimerEvent: {}
[42.981723] (-) TimerEvent: {}
[42.999753] (turtlesim) StdoutLine: {'line': b'[ 87%] \x1b[32mBuilding C object CMakeFiles/turtlesim__python.dir/rosidl_generator_py/turtlesim/srv/_kill_s.c.o\x1b[0m\n'}
[43.081855] (-) TimerEvent: {}
[43.182271] (-) TimerEvent: {}
[43.280576] (turtlesim) StdoutLine: {'line': b'[ 88%] \x1b[32mBuilding C object CMakeFiles/turtlesim__python.dir/rosidl_generator_py/turtlesim/srv/_set_pen_s.c.o\x1b[0m\n'}
[43.283798] (-) TimerEvent: {}
[43.384754] (-) TimerEvent: {}
[43.489236] (-) TimerEvent: {}
[43.590486] (-) TimerEvent: {}
[43.612540] (turtlesim) StdoutLine: {'line': b'[ 89%] \x1b[32mBuilding C object CMakeFiles/turtlesim__python.dir/rosidl_generator_py/turtlesim/srv/_spawn_s.c.o\x1b[0m\n'}
[43.689996] (-) TimerEvent: {}
[43.790492] (-) TimerEvent: {}
[43.893051] (-) TimerEvent: {}
[43.943943] (turtlesim) StdoutLine: {'line': b'[ 90%] \x1b[32mBuilding C object CMakeFiles/turtlesim__python.dir/rosidl_generator_py/turtlesim/srv/_teleport_absolute_s.c.o\x1b[0m\n'}
[43.997057] (-) TimerEvent: {}
[44.097665] (-) TimerEvent: {}
[44.198257] (-) TimerEvent: {}
[44.302356] (-) TimerEvent: {}
[44.365176] (turtlesim) StdoutLine: {'line': b'[ 91%] \x1b[32mBuilding C object CMakeFiles/turtlesim__python.dir/rosidl_generator_py/turtlesim/srv/_teleport_relative_s.c.o\x1b[0m\n'}
[44.402498] (-) TimerEvent: {}
[44.502945] (-) TimerEvent: {}
[44.603450] (-) TimerEvent: {}
[44.688120] (turtlesim) StdoutLine: {'line': b'[ 92%] \x1b[32m\x1b[1mLinking C shared library rosidl_generator_py/turtlesim/libturtlesim__python.so\x1b[0m\n'}
[44.707715] (-) TimerEvent: {}
[44.808178] (-) TimerEvent: {}
[44.909506] (-) TimerEvent: {}
[45.013856] (-) TimerEvent: {}
[45.061860] (turtlesim) StdoutLine: {'line': b'[ 92%] Built target turtlesim__python\n'}
[45.114004] (-) TimerEvent: {}
[45.117186] (turtlesim) StdoutLine: {'line': b'\x1b[35m\x1b[1mScanning dependencies of target turtlesim__rosidl_typesupport_introspection_c__pyext\x1b[0m\n'}
[45.182497] (turtlesim) StdoutLine: {'line': b'[ 93%] \x1b[32mBuilding C object CMakeFiles/turtlesim__rosidl_typesupport_introspection_c__pyext.dir/rosidl_generator_py/turtlesim/_turtlesim_s.ep.rosidl_typesupport_introspection_c.c.o\x1b[0m\n'}
[45.219199] (-) TimerEvent: {}
[45.324570] (-) TimerEvent: {}
[45.425226] (-) TimerEvent: {}
[45.533002] (-) TimerEvent: {}
[45.640513] (-) TimerEvent: {}
[45.740951] (-) TimerEvent: {}
[45.843982] (-) TimerEvent: {}
[45.912188] (turtlesim) StdoutLine: {'line': b'[ 94%] \x1b[32m\x1b[1mLinking C shared library rosidl_generator_py/turtlesim/turtlesim_s__rosidl_typesupport_introspection_c.cpython-38-x86_64-linux-gnu.so\x1b[0m\n'}
[45.944141] (-) TimerEvent: {}
[46.044902] (-) TimerEvent: {}
[46.153022] (-) TimerEvent: {}
[46.201071] (turtlesim) StdoutLine: {'line': b'[ 94%] Built target turtlesim__rosidl_typesupport_introspection_c__pyext\n'}
[46.245058] (turtlesim) StdoutLine: {'line': b'\x1b[35m\x1b[1mScanning dependencies of target turtlesim__rosidl_typesupport_fastrtps_c__pyext\x1b[0m\n'}
[46.253207] (-) TimerEvent: {}
[46.309179] (turtlesim) StdoutLine: {'line': b'[ 95%] \x1b[32mBuilding C object CMakeFiles/turtlesim__rosidl_typesupport_fastrtps_c__pyext.dir/rosidl_generator_py/turtlesim/_turtlesim_s.ep.rosidl_typesupport_fastrtps_c.c.o\x1b[0m\n'}
[46.353346] (-) TimerEvent: {}
[46.453786] (-) TimerEvent: {}
[46.554235] (-) TimerEvent: {}
[46.654904] (-) TimerEvent: {}
[46.764010] (-) TimerEvent: {}
[46.862053] (turtlesim) StdoutLine: {'line': b'[ 96%] \x1b[32m\x1b[1mLinking CXX shared library rosidl_generator_py/turtlesim/turtlesim_s__rosidl_typesupport_fastrtps_c.cpython-38-x86_64-linux-gnu.so\x1b[0m\n'}
[46.864145] (-) TimerEvent: {}
[46.964552] (-) TimerEvent: {}
[47.069074] (-) TimerEvent: {}
[47.169527] (-) TimerEvent: {}
[47.270015] (-) TimerEvent: {}
[47.355099] (turtlesim) StdoutLine: {'line': b'[ 96%] Built target turtlesim__rosidl_typesupport_fastrtps_c__pyext\n'}
[47.376302] (-) TimerEvent: {}
[47.390585] (turtlesim) StdoutLine: {'line': b'\x1b[35m\x1b[1mScanning dependencies of target turtlesim__rosidl_typesupport_c__pyext\x1b[0m\n'}
[47.457465] (turtlesim) StdoutLine: {'line': b'[ 97%] \x1b[32mBuilding C object CMakeFiles/turtlesim__rosidl_typesupport_c__pyext.dir/rosidl_generator_py/turtlesim/_turtlesim_s.ep.rosidl_typesupport_c.c.o\x1b[0m\n'}
[47.476434] (-) TimerEvent: {}
[47.582710] (-) TimerEvent: {}
[47.683328] (-) TimerEvent: {}
[47.793012] (-) TimerEvent: {}
[47.894648] (-) TimerEvent: {}
[47.947784] (turtlesim) StdoutLine: {'line': b'[ 98%] \x1b[32m\x1b[1mLinking C shared library rosidl_generator_py/turtlesim/turtlesim_s__rosidl_typesupport_c.cpython-38-x86_64-linux-gnu.so\x1b[0m\n'}
[47.994789] (-) TimerEvent: {}
[48.096956] (-) TimerEvent: {}
[48.200834] (-) TimerEvent: {}
[48.302581] (-) TimerEvent: {}
[48.425083] (-) TimerEvent: {}
[48.529195] (-) TimerEvent: {}
[48.533052] (turtlesim) StdoutLine: {'line': b'[ 98%] Built target turtlesim__rosidl_typesupport_c__pyext\n'}
[48.629351] (-) TimerEvent: {}
[48.729837] (-) TimerEvent: {}
[48.830232] (-) TimerEvent: {}
[48.930665] (-) TimerEvent: {}
[49.031135] (-) TimerEvent: {}
[49.131533] (-) TimerEvent: {}
[49.231987] (-) TimerEvent: {}
[49.332529] (-) TimerEvent: {}
[49.433058] (-) TimerEvent: {}
[49.533640] (-) TimerEvent: {}
[49.634458] (-) TimerEvent: {}
[49.734971] (-) TimerEvent: {}
[49.835504] (-) TimerEvent: {}
[49.935967] (-) TimerEvent: {}
[50.036435] (-) TimerEvent: {}
[50.136890] (-) TimerEvent: {}
[50.237385] (-) TimerEvent: {}
[50.337816] (-) TimerEvent: {}
[50.438316] (-) TimerEvent: {}
[50.538798] (-) TimerEvent: {}
[50.639268] (-) TimerEvent: {}
[50.739752] (-) TimerEvent: {}
[50.840343] (-) TimerEvent: {}
[50.940830] (-) TimerEvent: {}
[51.041374] (-) TimerEvent: {}
[51.141809] (-) TimerEvent: {}
[51.242270] (-) TimerEvent: {}
[51.342781] (-) TimerEvent: {}
[51.443221] (-) TimerEvent: {}
[51.543724] (-) TimerEvent: {}
[51.644295] (-) TimerEvent: {}
[51.744887] (-) TimerEvent: {}
[51.845443] (-) TimerEvent: {}
[51.945890] (-) TimerEvent: {}
[52.046316] (-) TimerEvent: {}
[52.146780] (-) TimerEvent: {}
[52.247224] (-) TimerEvent: {}
[52.347719] (-) TimerEvent: {}
[52.448226] (-) TimerEvent: {}
[52.548710] (-) TimerEvent: {}
[52.649130] (-) TimerEvent: {}
[52.749558] (-) TimerEvent: {}
[52.850042] (-) TimerEvent: {}
[52.950538] (-) TimerEvent: {}
[53.051025] (-) TimerEvent: {}
[53.151522] (-) TimerEvent: {}
[53.251966] (-) TimerEvent: {}
[53.352456] (-) TimerEvent: {}
[53.453013] (-) TimerEvent: {}
[53.553451] (-) TimerEvent: {}
[53.653904] (-) TimerEvent: {}
[53.754391] (-) TimerEvent: {}
[53.854823] (-) TimerEvent: {}
[53.955253] (-) TimerEvent: {}
[54.055732] (-) TimerEvent: {}
[54.156546] (-) TimerEvent: {}
[54.257108] (-) TimerEvent: {}
[54.357592] (-) TimerEvent: {}
[54.458022] (-) TimerEvent: {}
[54.558449] (-) TimerEvent: {}
[54.658939] (-) TimerEvent: {}
[54.759399] (-) TimerEvent: {}
[54.841763] (turtlesim) StdoutLine: {'line': b'[100%] \x1b[32m\x1b[1mLinking CXX executable turtlesim_node\x1b[0m\n'}
[54.859651] (-) TimerEvent: {}
[54.960141] (-) TimerEvent: {}
[55.060652] (-) TimerEvent: {}
[55.161034] (-) TimerEvent: {}
[55.261592] (-) TimerEvent: {}
[55.362164] (-) TimerEvent: {}
[55.462675] (-) TimerEvent: {}
[55.563352] (-) TimerEvent: {}
[55.664060] (-) TimerEvent: {}
[55.764763] (-) TimerEvent: {}
[55.865455] (-) TimerEvent: {}
[55.966009] (-) TimerEvent: {}
[56.066527] (-) TimerEvent: {}
[56.167036] (-) TimerEvent: {}
[56.267599] (-) TimerEvent: {}
[56.368266] (-) TimerEvent: {}
[56.469017] (-) TimerEvent: {}
[56.569583] (-) TimerEvent: {}
[56.670164] (-) TimerEvent: {}
[56.770588] (-) TimerEvent: {}
[56.871094] (-) TimerEvent: {}
[56.971588] (-) TimerEvent: {}
[57.072088] (-) TimerEvent: {}
[57.172570] (-) TimerEvent: {}
[57.273024] (-) TimerEvent: {}
[57.297337] (turtlesim) StdoutLine: {'line': b'[100%] Built target turtlesim_node\n'}
[57.322834] (turtlesim) CommandEnded: {'returncode': 0}
[57.373237] (-) TimerEvent: {}
[57.473726] (-) TimerEvent: {}
[57.574070] (-) TimerEvent: {}
[57.623129] (turtlesim) JobProgress: {'identifier': 'turtlesim', 'progress': 'install'}
[57.640372] (turtlesim) Command: {'cmd': ['/usr/bin/cmake', '--install', '/home/emelie/ba_ws_com/build/turtlesim'], 'cwd': '/home/emelie/ba_ws_com/build/turtlesim', 'env': OrderedDict([('LESSOPEN', '| /usr/bin/lesspipe %s'), ('USER', 'emelie'), ('SHLVL', '1'), ('LD_LIBRARY_PATH', '/opt/ros/foxy/opt/yaml_cpp_vendor/lib:/opt/ros/foxy/opt/rviz_ogre_vendor/lib:/opt/ros/foxy/lib/x86_64-linux-gnu:/opt/ros/foxy/lib'), ('MOTD_SHOWN', 'update-motd'), ('HOME', '/home/emelie'), ('OLDPWD', '/home/emelie'), ('ROS_PYTHON_VERSION', '3'), ('DBUS_SESSION_BUS_ADDRESS', 'unix:path=/run/user/1000/bus'), ('WSL_DISTRO_NAME', 'Ubuntu-20.04'), ('WAYLAND_DISPLAY', 'wayland-0'), ('ROS_DISTRO', 'foxy'), ('LOGNAME', 'emelie'), ('NAME', 'DESKTOP-RDCIGQM'), ('WSL_INTEROP', '/run/WSL/656_interop'), ('PULSE_SERVER', 'unix:/mnt/wslg/PulseServer'), ('_', '/usr/bin/colcon'), ('ROS_VERSION', '2'), ('TERM', 'xterm-256color'), ('ROS_LOCALHOST_ONLY', '0'), ('PATH', '/opt/ros/foxy/bin:/home/emelie/.local/bin:/usr/local/sbin:/usr/local/bin:/usr/sbin:/usr/bin:/sbin:/bin:/usr/games:/usr/local/games:/usr/lib/wsl/lib:/mnt/c/Program Files/WindowsApps/CanonicalGroupLimited.Ubuntu20.04LTS_2004.6.16.0_x64__79rhkp1fndgsc:/mnt/c/Program Files/Common Files/Oracle/Java/javapath:/mnt/c/Windows/system32:/mnt/c/Windows:/mnt/c/Windows/System32/Wbem:/mnt/c/Windows/System32/WindowsPowerShell/v1.0/:/mnt/c/Windows/System32/OpenSSH/:/mnt/c/Program Files/Intel/WiFi/bin/:/mnt/c/Program Files/Common Files/Intel/WirelessCommon/:/mnt/c/Program Files/apache-maven-3.9.1/bin:/mnt/c/Program Files/Java/jdk-17/bin:/mnt/c/Program Files/WireGuard/:/mnt/c/Users/Admin/AppData/Local/Programs/Python/Python312/Scripts/:/mnt/c/Users/Admin/AppData/Local/Programs/Python/Python312/:/mnt/c/Users/Admin/AppData/Local/Microsoft/WindowsApps:/mnt/c/Program Files/JetBrains/IntelliJ IDEA Community Edition 2023.1/bin:/mnt/c/Users/Admin/AppData/Local/Programs/Microsoft VS Code/bin:/snap/bin'), ('XDG_RUNTIME_DIR', '/run/user/1000/'), ('DISPLAY', ':0'), ('LANG', 'C.UTF-8'), ('LS_COLORS', 'rs=0:di=01;34:ln=01;36:mh=00:pi=40;33:so=01;35:do=01;35:bd=40;33;01:cd=40;33;01:or=40;31;01:mi=00:su=37;41:sg=30;43:ca=30;41:tw=30;42:ow=34;42:st=37;44:ex=01;32:*.tar=01;31:*.tgz=01;31:*.arc=01;31:*.arj=01;31:*.taz=01;31:*.lha=01;31:*.lz4=01;31:*.lzh=01;31:*.lzma=01;31:*.tlz=01;31:*.txz=01;31:*.tzo=01;31:*.t7z=01;31:*.zip=01;31:*.z=01;31:*.dz=01;31:*.gz=01;31:*.lrz=01;31:*.lz=01;31:*.lzo=01;31:*.xz=01;31:*.zst=01;31:*.tzst=01;31:*.bz2=01;31:*.bz=01;31:*.tbz=01;31:*.tbz2=01;31:*.tz=01;31:*.deb=01;31:*.rpm=01;31:*.jar=01;31:*.war=01;31:*.ear=01;31:*.sar=01;31:*.rar=01;31:*.alz=01;31:*.ace=01;31:*.zoo=01;31:*.cpio=01;31:*.7z=01;31:*.rz=01;31:*.cab=01;31:*.wim=01;31:*.swm=01;31:*.dwm=01;31:*.esd=01;31:*.jpg=01;35:*.jpeg=01;35:*.mjpg=01;35:*.mjpeg=01;35:*.gif=01;35:*.bmp=01;35:*.pbm=01;35:*.pgm=01;35:*.ppm=01;35:*.tga=01;35:*.xbm=01;35:*.xpm=01;35:*.tif=01;35:*.tiff=01;35:*.png=01;35:*.svg=01;35:*.svgz=01;35:*.mng=01;35:*.pcx=01;35:*.mov=01;35:*.mpg=01;35:*.mpeg=01;35:*.m2v=01;35:*.mkv=01;35:*.webm=01;35:*.ogm=01;35:*.mp4=01;35:*.m4v=01;35:*.mp4v=01;35:*.vob=01;35:*.qt=01;35:*.nuv=01;35:*.wmv=01;35:*.asf=01;35:*.rm=01;35:*.rmvb=01;35:*.flc=01;35:*.avi=01;35:*.fli=01;35:*.flv=01;35:*.gl=01;35:*.dl=01;35:*.xcf=01;35:*.xwd=01;35:*.yuv=01;35:*.cgm=01;35:*.emf=01;35:*.ogv=01;35:*.ogx=01;35:*.aac=00;36:*.au=00;36:*.flac=00;36:*.m4a=00;36:*.mid=00;36:*.midi=00;36:*.mka=00;36:*.mp3=00;36:*.mpc=00;36:*.ogg=00;36:*.ra=00;36:*.wav=00;36:*.oga=00;36:*.opus=00;36:*.spx=00;36:*.xspf=00;36:'), ('AMENT_PREFIX_PATH', '/opt/ros/foxy'), ('SHELL', '/bin/bash'), ('LESSCLOSE', '/usr/bin/lesspipe %s %s'), ('PWD', '/home/emelie/ba_ws_com/build/turtlesim'), ('XDG_DATA_DIRS', '/usr/local/share:/usr/share:/var/lib/snapd/desktop'), ('PYTHONPATH', '/opt/ros/foxy/lib/python3.8/site-packages'), ('COLCON', '1'), ('WSL2_GUI_APPS_ENABLED', '1'), ('HOSTTYPE', 'x86_64'), ('WSLENV', ''), ('CMAKE_PREFIX_PATH', '/opt/ros/foxy')]), 'shell': False}
[57.653676] (turtlesim) StdoutLine: {'line': b'-- Install configuration: ""\n'}
[57.655575] (turtlesim) StdoutLine: {'line': b'-- Installing: /home/emelie/ba_ws_com/install/turtlesim/share/ament_index/resource_index/rosidl_interfaces/turtlesim\n'}
[57.655909] (turtlesim) StdoutLine: {'line': b'-- Installing: /home/emelie/ba_ws_com/install/turtlesim/include/turtlesim\n'}
[57.656817] (turtlesim) StdoutLine: {'line': b'-- Installing: /home/emelie/ba_ws_com/install/turtlesim/include/turtlesim/srv\n'}
[57.657266] (turtlesim) StdoutLine: {'line': b'-- Installing: /home/emelie/ba_ws_com/install/turtlesim/include/turtlesim/srv/set_pen.h\n'}
[57.657714] (turtlesim) StdoutLine: {'line': b'-- Installing: /home/emelie/ba_ws_com/install/turtlesim/include/turtlesim/srv/spawn.h\n'}
[57.657883] (turtlesim) StdoutLine: {'line': b'-- Installing: /home/emelie/ba_ws_com/install/turtlesim/include/turtlesim/srv/detail\n'}
[57.658418] (turtlesim) StdoutLine: {'line': b'-- Installing: /home/emelie/ba_ws_com/install/turtlesim/include/turtlesim/srv/detail/set_pen__struct.h\n'}
[57.659017] (turtlesim) StdoutLine: {'line': b'-- Installing: /home/emelie/ba_ws_com/install/turtlesim/include/turtlesim/srv/detail/kill__type_support.h\n'}
[57.659334] (turtlesim) StdoutLine: {'line': b'-- Installing: /home/emelie/ba_ws_com/install/turtlesim/include/turtlesim/srv/detail/teleport_absolute__functions.c\n'}
[57.659779] (turtlesim) StdoutLine: {'line': b'-- Installing: /home/emelie/ba_ws_com/install/turtlesim/include/turtlesim/srv/detail/teleport_relative__type_support.h\n'}
[57.660031] (turtlesim) StdoutLine: {'line': b'-- Installing: /home/emelie/ba_ws_com/install/turtlesim/include/turtlesim/srv/detail/teleport_relative__functions.c\n'}
[57.660233] (turtlesim) StdoutLine: {'line': b'-- Installing: /home/emelie/ba_ws_com/install/turtlesim/include/turtlesim/srv/detail/spawn__type_support.h\n'}
[57.660482] (turtlesim) StdoutLine: {'line': b'-- Installing: /home/emelie/ba_ws_com/install/turtlesim/include/turtlesim/srv/detail/teleport_absolute__functions.h\n'}
[57.660792] (turtlesim) StdoutLine: {'line': b'-- Installing: /home/emelie/ba_ws_com/install/turtlesim/include/turtlesim/srv/detail/kill__functions.h\n'}
[57.661008] (turtlesim) StdoutLine: {'line': b'-- Installing: /home/emelie/ba_ws_com/install/turtlesim/include/turtlesim/srv/detail/teleport_relative__struct.h\n'}
[57.661404] (turtlesim) StdoutLine: {'line': b'-- Installing: /home/emelie/ba_ws_com/install/turtlesim/include/turtlesim/srv/detail/kill__struct.h\n'}
[57.661674] (turtlesim) StdoutLine: {'line': b'-- Installing: /home/emelie/ba_ws_com/install/turtlesim/include/turtlesim/srv/detail/kill__functions.c\n'}
[57.661920] (turtlesim) StdoutLine: {'line': b'-- Installing: /home/emelie/ba_ws_com/install/turtlesim/include/turtlesim/srv/detail/set_pen__functions.h\n'}
[57.662223] (turtlesim) StdoutLine: {'line': b'-- Installing: /home/emelie/ba_ws_com/install/turtlesim/include/turtlesim/srv/detail/teleport_absolute__struct.h\n'}
[57.662468] (turtlesim) StdoutLine: {'line': b'-- Installing: /home/emelie/ba_ws_com/install/turtlesim/include/turtlesim/srv/detail/teleport_relative__functions.h\n'}
[57.662750] (turtlesim) StdoutLine: {'line': b'-- Installing: /home/emelie/ba_ws_com/install/turtlesim/include/turtlesim/srv/detail/set_pen__functions.c\n'}
[57.662993] (turtlesim) StdoutLine: {'line': b'-- Installing: /home/emelie/ba_ws_com/install/turtlesim/include/turtlesim/srv/detail/set_pen__type_support.h\n'}
[57.663421] (turtlesim) StdoutLine: {'line': b'-- Installing: /home/emelie/ba_ws_com/install/turtlesim/include/turtlesim/srv/detail/spawn__struct.h\n'}
[57.663639] (turtlesim) StdoutLine: {'line': b'-- Installing: /home/emelie/ba_ws_com/install/turtlesim/include/turtlesim/srv/detail/teleport_absolute__type_support.h\n'}
[57.663984] (turtlesim) StdoutLine: {'line': b'-- Installing: /home/emelie/ba_ws_com/install/turtlesim/include/turtlesim/srv/detail/spawn__functions.h\n'}
[57.664091] (turtlesim) StdoutLine: {'line': b'-- Installing: /home/emelie/ba_ws_com/install/turtlesim/include/turtlesim/srv/detail/spawn__functions.c\n'}
[57.664158] (turtlesim) StdoutLine: {'line': b'-- Installing: /home/emelie/ba_ws_com/install/turtlesim/include/turtlesim/srv/kill.h\n'}
[57.664217] (turtlesim) StdoutLine: {'line': b'-- Installing: /home/emelie/ba_ws_com/install/turtlesim/include/turtlesim/srv/teleport_absolute.h\n'}
[57.664279] (turtlesim) StdoutLine: {'line': b'-- Installing: /home/emelie/ba_ws_com/install/turtlesim/include/turtlesim/srv/teleport_relative.h\n'}
[57.664512] (turtlesim) StdoutLine: {'line': b'-- Installing: /home/emelie/ba_ws_com/install/turtlesim/include/turtlesim/msg\n'}
[57.664961] (turtlesim) StdoutLine: {'line': b'-- Installing: /home/emelie/ba_ws_com/install/turtlesim/include/turtlesim/msg/rosidl_generator_c__visibility_control.h\n'}
[57.665175] (turtlesim) StdoutLine: {'line': b'-- Installing: /home/emelie/ba_ws_com/install/turtlesim/include/turtlesim/msg/pose.h\n'}
[57.665259] (turtlesim) StdoutLine: {'line': b'-- Installing: /home/emelie/ba_ws_com/install/turtlesim/include/turtlesim/msg/detail\n'}
[57.665491] (turtlesim) StdoutLine: {'line': b'-- Installing: /home/emelie/ba_ws_com/install/turtlesim/include/turtlesim/msg/detail/color__type_support.h\n'}
[57.665822] (turtlesim) StdoutLine: {'line': b'-- Installing: /home/emelie/ba_ws_com/install/turtlesim/include/turtlesim/msg/detail/color__functions.c\n'}
[57.666117] (turtlesim) StdoutLine: {'line': b'-- Installing: /home/emelie/ba_ws_com/install/turtlesim/include/turtlesim/msg/detail/color__struct.h\n'}
[57.666501] (turtlesim) StdoutLine: {'line': b'-- Installing: /home/emelie/ba_ws_com/install/turtlesim/include/turtlesim/msg/detail/pose__struct.h\n'}
[57.666716] (turtlesim) StdoutLine: {'line': b'-- Installing: /home/emelie/ba_ws_com/install/turtlesim/include/turtlesim/msg/detail/pose__functions.h\n'}
[57.667209] (turtlesim) StdoutLine: {'line': b'-- Installing: /home/emelie/ba_ws_com/install/turtlesim/include/turtlesim/msg/detail/pose__functions.c\n'}
[57.667406] (turtlesim) StdoutLine: {'line': b'-- Installing: /home/emelie/ba_ws_com/install/turtlesim/include/turtlesim/msg/detail/color__functions.h\n'}
[57.667631] (turtlesim) StdoutLine: {'line': b'-- Installing: /home/emelie/ba_ws_com/install/turtlesim/include/turtlesim/msg/detail/pose__type_support.h\n'}
[57.667874] (turtlesim) StdoutLine: {'line': b'-- Installing: /home/emelie/ba_ws_com/install/turtlesim/include/turtlesim/msg/color.h\n'}
[57.668493] (turtlesim) StdoutLine: {'line': b'-- Installing: /home/emelie/ba_ws_com/install/turtlesim/include/turtlesim/action\n'}
[57.668981] (turtlesim) StdoutLine: {'line': b'-- Installing: /home/emelie/ba_ws_com/install/turtlesim/include/turtlesim/action/rotate_absolute.h\n'}
[57.669246] (turtlesim) StdoutLine: {'line': b'-- Installing: /home/emelie/ba_ws_com/install/turtlesim/include/turtlesim/action/detail\n'}
[57.669803] (turtlesim) StdoutLine: {'line': b'-- Installing: /home/emelie/ba_ws_com/install/turtlesim/include/turtlesim/action/detail/rotate_absolute__type_support.h\n'}
[57.670160] (turtlesim) StdoutLine: {'line': b'-- Installing: /home/emelie/ba_ws_com/install/turtlesim/include/turtlesim/action/detail/rotate_absolute__struct.h\n'}
[57.670488] (turtlesim) StdoutLine: {'line': b'-- Installing: /home/emelie/ba_ws_com/install/turtlesim/include/turtlesim/action/detail/rotate_absolute__functions.h\n'}
[57.670752] (turtlesim) StdoutLine: {'line': b'-- Installing: /home/emelie/ba_ws_com/install/turtlesim/include/turtlesim/action/detail/rotate_absolute__functions.c\n'}
[57.671792] (turtlesim) StdoutLine: {'line': b'-- Installing: /home/emelie/ba_ws_com/install/turtlesim/share/turtlesim/environment/library_path.sh\n'}
[57.672119] (turtlesim) StdoutLine: {'line': b'-- Installing: /home/emelie/ba_ws_com/install/turtlesim/share/turtlesim/environment/library_path.dsv\n'}
[57.672799] (turtlesim) StdoutLine: {'line': b'-- Installing: /home/emelie/ba_ws_com/install/turtlesim/lib/libturtlesim__rosidl_generator_c.so\n'}
[57.673770] (turtlesim) StdoutLine: {'line': b'-- Set runtime path of "/home/emelie/ba_ws_com/install/turtlesim/lib/libturtlesim__rosidl_generator_c.so" to ""\n'}
[57.674071] (turtlesim) StdoutLine: {'line': b'-- Up-to-date: /home/emelie/ba_ws_com/install/turtlesim/include/turtlesim\n'}
[57.674334] (-) TimerEvent: {}
[57.674793] (turtlesim) StdoutLine: {'line': b'-- Up-to-date: /home/emelie/ba_ws_com/install/turtlesim/include/turtlesim/srv\n'}
[57.675177] (turtlesim) StdoutLine: {'line': b'-- Up-to-date: /home/emelie/ba_ws_com/install/turtlesim/include/turtlesim/srv/detail\n'}
[57.675609] (turtlesim) StdoutLine: {'line': b'-- Installing: /home/emelie/ba_ws_com/install/turtlesim/include/turtlesim/srv/detail/kill__rosidl_typesupport_fastrtps_c.h\n'}
[57.676003] (turtlesim) StdoutLine: {'line': b'-- Installing: /home/emelie/ba_ws_com/install/turtlesim/include/turtlesim/srv/detail/set_pen__rosidl_typesupport_fastrtps_c.h\n'}
[57.676373] (turtlesim) StdoutLine: {'line': b'-- Installing: /home/emelie/ba_ws_com/install/turtlesim/include/turtlesim/srv/detail/teleport_relative__rosidl_typesupport_fastrtps_c.h\n'}
[57.676668] (turtlesim) StdoutLine: {'line': b'-- Installing: /home/emelie/ba_ws_com/install/turtlesim/include/turtlesim/srv/detail/spawn__rosidl_typesupport_fastrtps_c.h\n'}
[57.677005] (turtlesim) StdoutLine: {'line': b'-- Installing: /home/emelie/ba_ws_com/install/turtlesim/include/turtlesim/srv/detail/teleport_absolute__rosidl_typesupport_fastrtps_c.h\n'}
[57.677362] (turtlesim) StdoutLine: {'line': b'-- Up-to-date: /home/emelie/ba_ws_com/install/turtlesim/include/turtlesim/msg\n'}
[57.677735] (turtlesim) StdoutLine: {'line': b'-- Up-to-date: /home/emelie/ba_ws_com/install/turtlesim/include/turtlesim/msg/detail\n'}
[57.677934] (turtlesim) StdoutLine: {'line': b'-- Installing: /home/emelie/ba_ws_com/install/turtlesim/include/turtlesim/msg/detail/color__rosidl_typesupport_fastrtps_c.h\n'}
[57.678204] (turtlesim) StdoutLine: {'line': b'-- Installing: /home/emelie/ba_ws_com/install/turtlesim/include/turtlesim/msg/detail/pose__rosidl_typesupport_fastrtps_c.h\n'}
[57.678299] (turtlesim) StdoutLine: {'line': b'-- Installing: /home/emelie/ba_ws_com/install/turtlesim/include/turtlesim/msg/rosidl_typesupport_fastrtps_c__visibility_control.h\n'}
[57.678446] (turtlesim) StdoutLine: {'line': b'-- Up-to-date: /home/emelie/ba_ws_com/install/turtlesim/include/turtlesim/action\n'}
[57.678690] (turtlesim) StdoutLine: {'line': b'-- Up-to-date: /home/emelie/ba_ws_com/install/turtlesim/include/turtlesim/action/detail\n'}
[57.678848] (turtlesim) StdoutLine: {'line': b'-- Installing: /home/emelie/ba_ws_com/install/turtlesim/include/turtlesim/action/detail/rotate_absolute__rosidl_typesupport_fastrtps_c.h\n'}
[57.679176] (turtlesim) StdoutLine: {'line': b'-- Installing: /home/emelie/ba_ws_com/install/turtlesim/lib/libturtlesim__rosidl_typesupport_fastrtps_c.so\n'}
[57.679371] (turtlesim) StdoutLine: {'line': b'-- Set runtime path of "/home/emelie/ba_ws_com/install/turtlesim/lib/libturtlesim__rosidl_typesupport_fastrtps_c.so" to ""\n'}
[57.679583] (turtlesim) StdoutLine: {'line': b'-- Up-to-date: /home/emelie/ba_ws_com/install/turtlesim/include/turtlesim\n'}
[57.679808] (turtlesim) StdoutLine: {'line': b'-- Up-to-date: /home/emelie/ba_ws_com/install/turtlesim/include/turtlesim/srv\n'}
[57.680134] (turtlesim) StdoutLine: {'line': b'-- Up-to-date: /home/emelie/ba_ws_com/install/turtlesim/include/turtlesim/srv/detail\n'}
[57.680345] (turtlesim) StdoutLine: {'line': b'-- Installing: /home/emelie/ba_ws_com/install/turtlesim/include/turtlesim/srv/detail/teleport_relative__rosidl_typesupport_fastrtps_cpp.hpp\n'}
[57.680690] (turtlesim) StdoutLine: {'line': b'-- Installing: /home/emelie/ba_ws_com/install/turtlesim/include/turtlesim/srv/detail/dds_fastrtps\n'}
[57.680771] (turtlesim) StdoutLine: {'line': b'-- Installing: /home/emelie/ba_ws_com/install/turtlesim/include/turtlesim/srv/detail/kill__rosidl_typesupport_fastrtps_cpp.hpp\n'}
[57.680977] (turtlesim) StdoutLine: {'line': b'-- Installing: /home/emelie/ba_ws_com/install/turtlesim/include/turtlesim/srv/detail/spawn__rosidl_typesupport_fastrtps_cpp.hpp\n'}
[57.681204] (turtlesim) StdoutLine: {'line': b'-- Installing: /home/emelie/ba_ws_com/install/turtlesim/include/turtlesim/srv/detail/set_pen__rosidl_typesupport_fastrtps_cpp.hpp\n'}
[57.681384] (turtlesim) StdoutLine: {'line': b'-- Installing: /home/emelie/ba_ws_com/install/turtlesim/include/turtlesim/srv/detail/teleport_absolute__rosidl_typesupport_fastrtps_cpp.hpp\n'}
[57.681747] (turtlesim) StdoutLine: {'line': b'-- Up-to-date: /home/emelie/ba_ws_com/install/turtlesim/include/turtlesim/msg\n'}
[57.681860] (turtlesim) StdoutLine: {'line': b'-- Installing: /home/emelie/ba_ws_com/install/turtlesim/include/turtlesim/msg/rosidl_typesupport_fastrtps_cpp__visibility_control.h\n'}
[57.681929] (turtlesim) StdoutLine: {'line': b'-- Up-to-date: /home/emelie/ba_ws_com/install/turtlesim/include/turtlesim/msg/detail\n'}
[57.681989] (turtlesim) StdoutLine: {'line': b'-- Installing: /home/emelie/ba_ws_com/install/turtlesim/include/turtlesim/msg/detail/color__rosidl_typesupport_fastrtps_cpp.hpp\n'}
[57.682048] (turtlesim) StdoutLine: {'line': b'-- Installing: /home/emelie/ba_ws_com/install/turtlesim/include/turtlesim/msg/detail/dds_fastrtps\n'}
[57.682222] (turtlesim) StdoutLine: {'line': b'-- Installing: /home/emelie/ba_ws_com/install/turtlesim/include/turtlesim/msg/detail/pose__rosidl_typesupport_fastrtps_cpp.hpp\n'}
[57.682492] (turtlesim) StdoutLine: {'line': b'-- Up-to-date: /home/emelie/ba_ws_com/install/turtlesim/include/turtlesim/action\n'}
[57.682688] (turtlesim) StdoutLine: {'line': b'-- Up-to-date: /home/emelie/ba_ws_com/install/turtlesim/include/turtlesim/action/detail\n'}
[57.683016] (turtlesim) StdoutLine: {'line': b'-- Installing: /home/emelie/ba_ws_com/install/turtlesim/include/turtlesim/action/detail/rotate_absolute__rosidl_typesupport_fastrtps_cpp.hpp\n'}
[57.683104] (turtlesim) StdoutLine: {'line': b'-- Installing: /home/emelie/ba_ws_com/install/turtlesim/include/turtlesim/action/detail/dds_fastrtps\n'}
[57.683717] (turtlesim) StdoutLine: {'line': b'-- Installing: /home/emelie/ba_ws_com/install/turtlesim/lib/libturtlesim__rosidl_typesupport_fastrtps_cpp.so\n'}
[57.684682] (turtlesim) StdoutLine: {'line': b'-- Set runtime path of "/home/emelie/ba_ws_com/install/turtlesim/lib/libturtlesim__rosidl_typesupport_fastrtps_cpp.so" to ""\n'}
[57.685083] (turtlesim) StdoutLine: {'line': b'-- Up-to-date: /home/emelie/ba_ws_com/install/turtlesim/include/turtlesim\n'}
[57.685357] (turtlesim) StdoutLine: {'line': b'-- Up-to-date: /home/emelie/ba_ws_com/install/turtlesim/include/turtlesim/srv\n'}
[57.685596] (turtlesim) StdoutLine: {'line': b'-- Up-to-date: /home/emelie/ba_ws_com/install/turtlesim/include/turtlesim/srv/detail\n'}
[57.685794] (turtlesim) StdoutLine: {'line': b'-- Installing: /home/emelie/ba_ws_com/install/turtlesim/include/turtlesim/srv/detail/set_pen__type_support.c\n'}
[57.686101] (turtlesim) StdoutLine: {'line': b'-- Installing: /home/emelie/ba_ws_com/install/turtlesim/include/turtlesim/srv/detail/teleport_absolute__type_support.c\n'}
[57.686285] (turtlesim) StdoutLine: {'line': b'-- Installing: /home/emelie/ba_ws_com/install/turtlesim/include/turtlesim/srv/detail/set_pen__rosidl_typesupport_introspection_c.h\n'}
[57.686586] (turtlesim) StdoutLine: {'line': b'-- Installing: /home/emelie/ba_ws_com/install/turtlesim/include/turtlesim/srv/detail/spawn__rosidl_typesupport_introspection_c.h\n'}
[57.686808] (turtlesim) StdoutLine: {'line': b'-- Installing: /home/emelie/ba_ws_com/install/turtlesim/include/turtlesim/srv/detail/teleport_relative__rosidl_typesupport_introspection_c.h\n'}
[57.686981] (turtlesim) StdoutLine: {'line': b'-- Installing: /home/emelie/ba_ws_com/install/turtlesim/include/turtlesim/srv/detail/teleport_relative__type_support.c\n'}
[57.687227] (turtlesim) StdoutLine: {'line': b'-- Installing: /home/emelie/ba_ws_com/install/turtlesim/include/turtlesim/srv/detail/spawn__type_support.c\n'}
[57.687468] (turtlesim) StdoutLine: {'line': b'-- Installing: /home/emelie/ba_ws_com/install/turtlesim/include/turtlesim/srv/detail/kill__type_support.c\n'}
[57.687688] (turtlesim) StdoutLine: {'line': b'-- Installing: /home/emelie/ba_ws_com/install/turtlesim/include/turtlesim/srv/detail/teleport_absolute__rosidl_typesupport_introspection_c.h\n'}
[57.687994] (turtlesim) StdoutLine: {'line': b'-- Installing: /home/emelie/ba_ws_com/install/turtlesim/include/turtlesim/srv/detail/kill__rosidl_typesupport_introspection_c.h\n'}
[57.688180] (turtlesim) StdoutLine: {'line': b'-- Up-to-date: /home/emelie/ba_ws_com/install/turtlesim/include/turtlesim/msg\n'}
[57.688411] (turtlesim) StdoutLine: {'line': b'-- Up-to-date: /home/emelie/ba_ws_com/install/turtlesim/include/turtlesim/msg/detail\n'}
[57.688796] (turtlesim) StdoutLine: {'line': b'-- Installing: /home/emelie/ba_ws_com/install/turtlesim/include/turtlesim/msg/detail/color__type_support.c\n'}
[57.689125] (turtlesim) StdoutLine: {'line': b'-- Installing: /home/emelie/ba_ws_com/install/turtlesim/include/turtlesim/msg/detail/pose__rosidl_typesupport_introspection_c.h\n'}
[57.689308] (turtlesim) StdoutLine: {'line': b'-- Installing: /home/emelie/ba_ws_com/install/turtlesim/include/turtlesim/msg/detail/pose__type_support.c\n'}
[57.689467] (turtlesim) StdoutLine: {'line': b'-- Installing: /home/emelie/ba_ws_com/install/turtlesim/include/turtlesim/msg/detail/color__rosidl_typesupport_introspection_c.h\n'}
[57.689805] (turtlesim) StdoutLine: {'line': b'-- Installing: /home/emelie/ba_ws_com/install/turtlesim/include/turtlesim/msg/rosidl_typesupport_introspection_c__visibility_control.h\n'}
[57.689984] (turtlesim) StdoutLine: {'line': b'-- Up-to-date: /home/emelie/ba_ws_com/install/turtlesim/include/turtlesim/action\n'}
[57.690262] (turtlesim) StdoutLine: {'line': b'-- Up-to-date: /home/emelie/ba_ws_com/install/turtlesim/include/turtlesim/action/detail\n'}
[57.690344] (turtlesim) StdoutLine: {'line': b'-- Installing: /home/emelie/ba_ws_com/install/turtlesim/include/turtlesim/action/detail/rotate_absolute__rosidl_typesupport_introspection_c.h\n'}
[57.690406] (turtlesim) StdoutLine: {'line': b'-- Installing: /home/emelie/ba_ws_com/install/turtlesim/include/turtlesim/action/detail/rotate_absolute__type_support.c\n'}
[57.690479] (turtlesim) StdoutLine: {'line': b'-- Installing: /home/emelie/ba_ws_com/install/turtlesim/lib/libturtlesim__rosidl_typesupport_introspection_c.so\n'}
[57.690882] (turtlesim) StdoutLine: {'line': b'-- Set runtime path of "/home/emelie/ba_ws_com/install/turtlesim/lib/libturtlesim__rosidl_typesupport_introspection_c.so" to ""\n'}
[57.691000] (turtlesim) StdoutLine: {'line': b'-- Installing: /home/emelie/ba_ws_com/install/turtlesim/lib/libturtlesim__rosidl_typesupport_c.so\n'}
[57.691509] (turtlesim) StdoutLine: {'line': b'-- Set runtime path of "/home/emelie/ba_ws_com/install/turtlesim/lib/libturtlesim__rosidl_typesupport_c.so" to ""\n'}
[57.692062] (turtlesim) StdoutLine: {'line': b'-- Up-to-date: /home/emelie/ba_ws_com/install/turtlesim/include/turtlesim\n'}
[57.692475] (turtlesim) StdoutLine: {'line': b'-- Up-to-date: /home/emelie/ba_ws_com/install/turtlesim/include/turtlesim/srv\n'}
[57.693408] (turtlesim) StdoutLine: {'line': b'-- Installing: /home/emelie/ba_ws_com/install/turtlesim/include/turtlesim/srv/spawn.hpp\n'}
[57.694112] (turtlesim) StdoutLine: {'line': b'-- Up-to-date: /home/emelie/ba_ws_com/install/turtlesim/include/turtlesim/srv/detail\n'}
[57.694317] (turtlesim) StdoutLine: {'line': b'-- Installing: /home/emelie/ba_ws_com/install/turtlesim/include/turtlesim/srv/detail/kill__builder.hpp\n'}
[57.694549] (turtlesim) StdoutLine: {'line': b'-- Installing: /home/emelie/ba_ws_com/install/turtlesim/include/turtlesim/srv/detail/spawn__builder.hpp\n'}
[57.694801] (turtlesim) StdoutLine: {'line': b'-- Installing: /home/emelie/ba_ws_com/install/turtlesim/include/turtlesim/srv/detail/spawn__struct.hpp\n'}
[57.695123] (turtlesim) StdoutLine: {'line': b'-- Installing: /home/emelie/ba_ws_com/install/turtlesim/include/turtlesim/srv/detail/spawn__type_support.hpp\n'}
[57.695323] (turtlesim) StdoutLine: {'line': b'-- Installing: /home/emelie/ba_ws_com/install/turtlesim/include/turtlesim/srv/detail/teleport_relative__struct.hpp\n'}
[57.695549] (turtlesim) StdoutLine: {'line': b'-- Installing: /home/emelie/ba_ws_com/install/turtlesim/include/turtlesim/srv/detail/set_pen__type_support.hpp\n'}
[57.695822] (turtlesim) StdoutLine: {'line': b'-- Installing: /home/emelie/ba_ws_com/install/turtlesim/include/turtlesim/srv/detail/spawn__traits.hpp\n'}
[57.696066] (turtlesim) StdoutLine: {'line': b'-- Installing: /home/emelie/ba_ws_com/install/turtlesim/include/turtlesim/srv/detail/teleport_absolute__struct.hpp\n'}
[57.696548] (turtlesim) StdoutLine: {'line': b'-- Installing: /home/emelie/ba_ws_com/install/turtlesim/include/turtlesim/srv/detail/set_pen__traits.hpp\n'}
[57.696728] (turtlesim) StdoutLine: {'line': b'-- Installing: /home/emelie/ba_ws_com/install/turtlesim/include/turtlesim/srv/detail/teleport_absolute__traits.hpp\n'}
[57.697006] (turtlesim) StdoutLine: {'line': b'-- Installing: /home/emelie/ba_ws_com/install/turtlesim/include/turtlesim/srv/detail/teleport_relative__traits.hpp\n'}
[57.697342] (turtlesim) StdoutLine: {'line': b'-- Installing: /home/emelie/ba_ws_com/install/turtlesim/include/turtlesim/srv/detail/teleport_absolute__builder.hpp\n'}
[57.697618] (turtlesim) StdoutLine: {'line': b'-- Installing: /home/emelie/ba_ws_com/install/turtlesim/include/turtlesim/srv/detail/teleport_relative__type_support.hpp\n'}
[57.697885] (turtlesim) StdoutLine: {'line': b'-- Installing: /home/emelie/ba_ws_com/install/turtlesim/include/turtlesim/srv/detail/teleport_absolute__type_support.hpp\n'}
[57.698200] (turtlesim) StdoutLine: {'line': b'-- Installing: /home/emelie/ba_ws_com/install/turtlesim/include/turtlesim/srv/detail/set_pen__struct.hpp\n'}
[57.698474] (turtlesim) StdoutLine: {'line': b'-- Installing: /home/emelie/ba_ws_com/install/turtlesim/include/turtlesim/srv/detail/set_pen__builder.hpp\n'}
[57.698917] (turtlesim) StdoutLine: {'line': b'-- Installing: /home/emelie/ba_ws_com/install/turtlesim/include/turtlesim/srv/detail/kill__struct.hpp\n'}
[57.699171] (turtlesim) StdoutLine: {'line': b'-- Installing: /home/emelie/ba_ws_com/install/turtlesim/include/turtlesim/srv/detail/teleport_relative__builder.hpp\n'}
[57.699477] (turtlesim) StdoutLine: {'line': b'-- Installing: /home/emelie/ba_ws_com/install/turtlesim/include/turtlesim/srv/detail/kill__type_support.hpp\n'}
[57.699728] (turtlesim) StdoutLine: {'line': b'-- Installing: /home/emelie/ba_ws_com/install/turtlesim/include/turtlesim/srv/detail/kill__traits.hpp\n'}
[57.700045] (turtlesim) StdoutLine: {'line': b'-- Installing: /home/emelie/ba_ws_com/install/turtlesim/include/turtlesim/srv/kill.hpp\n'}
[57.700274] (turtlesim) StdoutLine: {'line': b'-- Installing: /home/emelie/ba_ws_com/install/turtlesim/include/turtlesim/srv/teleport_relative.hpp\n'}
[57.700560] (turtlesim) StdoutLine: {'line': b'-- Installing: /home/emelie/ba_ws_com/install/turtlesim/include/turtlesim/srv/set_pen.hpp\n'}
[57.700828] (turtlesim) StdoutLine: {'line': b'-- Installing: /home/emelie/ba_ws_com/install/turtlesim/include/turtlesim/srv/teleport_absolute.hpp\n'}
[57.701287] (turtlesim) StdoutLine: {'line': b'-- Up-to-date: /home/emelie/ba_ws_com/install/turtlesim/include/turtlesim/msg\n'}
[57.701543] (turtlesim) StdoutLine: {'line': b'-- Installing: /home/emelie/ba_ws_com/install/turtlesim/include/turtlesim/msg/color.hpp\n'}
[57.701764] (turtlesim) StdoutLine: {'line': b'-- Installing: /home/emelie/ba_ws_com/install/turtlesim/include/turtlesim/msg/rosidl_generator_cpp__visibility_control.hpp\n'}
[57.702034] (turtlesim) StdoutLine: {'line': b'-- Up-to-date: /home/emelie/ba_ws_com/install/turtlesim/include/turtlesim/msg/detail\n'}
[57.702316] (turtlesim) StdoutLine: {'line': b'-- Installing: /home/emelie/ba_ws_com/install/turtlesim/include/turtlesim/msg/detail/pose__traits.hpp\n'}
[57.702714] (turtlesim) StdoutLine: {'line': b'-- Installing: /home/emelie/ba_ws_com/install/turtlesim/include/turtlesim/msg/detail/pose__builder.hpp\n'}
[57.702973] (turtlesim) StdoutLine: {'line': b'-- Installing: /home/emelie/ba_ws_com/install/turtlesim/include/turtlesim/msg/detail/color__builder.hpp\n'}
[57.703290] (turtlesim) StdoutLine: {'line': b'-- Installing: /home/emelie/ba_ws_com/install/turtlesim/include/turtlesim/msg/detail/color__struct.hpp\n'}
[57.703534] (turtlesim) StdoutLine: {'line': b'-- Installing: /home/emelie/ba_ws_com/install/turtlesim/include/turtlesim/msg/detail/color__traits.hpp\n'}
[57.703767] (turtlesim) StdoutLine: {'line': b'-- Installing: /home/emelie/ba_ws_com/install/turtlesim/include/turtlesim/msg/detail/pose__type_support.hpp\n'}
[57.704009] (turtlesim) StdoutLine: {'line': b'-- Installing: /home/emelie/ba_ws_com/install/turtlesim/include/turtlesim/msg/detail/pose__struct.hpp\n'}
[57.704294] (turtlesim) StdoutLine: {'line': b'-- Installing: /home/emelie/ba_ws_com/install/turtlesim/include/turtlesim/msg/detail/color__type_support.hpp\n'}
[57.704543] (turtlesim) StdoutLine: {'line': b'-- Installing: /home/emelie/ba_ws_com/install/turtlesim/include/turtlesim/msg/pose.hpp\n'}
[57.705129] (turtlesim) StdoutLine: {'line': b'-- Up-to-date: /home/emelie/ba_ws_com/install/turtlesim/include/turtlesim/action\n'}
[57.705317] (turtlesim) StdoutLine: {'line': b'-- Up-to-date: /home/emelie/ba_ws_com/install/turtlesim/include/turtlesim/action/detail\n'}
[57.705573] (turtlesim) StdoutLine: {'line': b'-- Installing: /home/emelie/ba_ws_com/install/turtlesim/include/turtlesim/action/detail/rotate_absolute__type_support.hpp\n'}
[57.705807] (turtlesim) StdoutLine: {'line': b'-- Installing: /home/emelie/ba_ws_com/install/turtlesim/include/turtlesim/action/detail/rotate_absolute__struct.hpp\n'}
[57.706035] (turtlesim) StdoutLine: {'line': b'-- Installing: /home/emelie/ba_ws_com/install/turtlesim/include/turtlesim/action/detail/rotate_absolute__builder.hpp\n'}
[57.706217] (turtlesim) StdoutLine: {'line': b'-- Installing: /home/emelie/ba_ws_com/install/turtlesim/include/turtlesim/action/detail/rotate_absolute__traits.hpp\n'}
[57.706446] (turtlesim) StdoutLine: {'line': b'-- Installing: /home/emelie/ba_ws_com/install/turtlesim/include/turtlesim/action/rotate_absolute.hpp\n'}
[57.706674] (turtlesim) StdoutLine: {'line': b'-- Up-to-date: /home/emelie/ba_ws_com/install/turtlesim/include/turtlesim\n'}
[57.706887] (turtlesim) StdoutLine: {'line': b'-- Up-to-date: /home/emelie/ba_ws_com/install/turtlesim/include/turtlesim/srv\n'}
[57.707140] (turtlesim) StdoutLine: {'line': b'-- Up-to-date: /home/emelie/ba_ws_com/install/turtlesim/include/turtlesim/srv/detail\n'}
[57.707375] (turtlesim) StdoutLine: {'line': b'-- Installing: /home/emelie/ba_ws_com/install/turtlesim/include/turtlesim/srv/detail/kill__rosidl_typesupport_introspection_cpp.hpp\n'}
[57.707630] (turtlesim) StdoutLine: {'line': b'-- Installing: /home/emelie/ba_ws_com/install/turtlesim/include/turtlesim/srv/detail/spawn__rosidl_typesupport_introspection_cpp.hpp\n'}
[57.707874] (turtlesim) StdoutLine: {'line': b'-- Installing: /home/emelie/ba_ws_com/install/turtlesim/include/turtlesim/srv/detail/teleport_absolute__rosidl_typesupport_introspection_cpp.hpp\n'}
[57.708108] (turtlesim) StdoutLine: {'line': b'-- Installing: /home/emelie/ba_ws_com/install/turtlesim/include/turtlesim/srv/detail/teleport_relative__type_support.cpp\n'}
[57.708588] (turtlesim) StdoutLine: {'line': b'-- Installing: /home/emelie/ba_ws_com/install/turtlesim/include/turtlesim/srv/detail/teleport_relative__rosidl_typesupport_introspection_cpp.hpp\n'}
[57.709515] (turtlesim) StdoutLine: {'line': b'-- Installing: /home/emelie/ba_ws_com/install/turtlesim/include/turtlesim/srv/detail/set_pen__rosidl_typesupport_introspection_cpp.hpp\n'}
[57.709625] (turtlesim) StdoutLine: {'line': b'-- Installing: /home/emelie/ba_ws_com/install/turtlesim/include/turtlesim/srv/detail/set_pen__type_support.cpp\n'}
[57.709694] (turtlesim) StdoutLine: {'line': b'-- Installing: /home/emelie/ba_ws_com/install/turtlesim/include/turtlesim/srv/detail/kill__type_support.cpp\n'}
[57.709757] (turtlesim) StdoutLine: {'line': b'-- Installing: /home/emelie/ba_ws_com/install/turtlesim/include/turtlesim/srv/detail/teleport_absolute__type_support.cpp\n'}
[57.709818] (turtlesim) StdoutLine: {'line': b'-- Installing: /home/emelie/ba_ws_com/install/turtlesim/include/turtlesim/srv/detail/spawn__type_support.cpp\n'}
[57.709877] (turtlesim) StdoutLine: {'line': b'-- Up-to-date: /home/emelie/ba_ws_com/install/turtlesim/include/turtlesim/msg\n'}
[57.709942] (turtlesim) StdoutLine: {'line': b'-- Up-to-date: /home/emelie/ba_ws_com/install/turtlesim/include/turtlesim/msg/detail\n'}
[57.710145] (turtlesim) StdoutLine: {'line': b'-- Installing: /home/emelie/ba_ws_com/install/turtlesim/include/turtlesim/msg/detail/pose__type_support.cpp\n'}
[57.710472] (turtlesim) StdoutLine: {'line': b'-- Installing: /home/emelie/ba_ws_com/install/turtlesim/include/turtlesim/msg/detail/color__type_support.cpp\n'}
[57.710762] (turtlesim) StdoutLine: {'line': b'-- Installing: /home/emelie/ba_ws_com/install/turtlesim/include/turtlesim/msg/detail/color__rosidl_typesupport_introspection_cpp.hpp\n'}
[57.710977] (turtlesim) StdoutLine: {'line': b'-- Installing: /home/emelie/ba_ws_com/install/turtlesim/include/turtlesim/msg/detail/pose__rosidl_typesupport_introspection_cpp.hpp\n'}
[57.711250] (turtlesim) StdoutLine: {'line': b'-- Up-to-date: /home/emelie/ba_ws_com/install/turtlesim/include/turtlesim/action\n'}
[57.711529] (turtlesim) StdoutLine: {'line': b'-- Up-to-date: /home/emelie/ba_ws_com/install/turtlesim/include/turtlesim/action/detail\n'}
[57.711872] (turtlesim) StdoutLine: {'line': b'-- Installing: /home/emelie/ba_ws_com/install/turtlesim/include/turtlesim/action/detail/rotate_absolute__type_support.cpp\n'}
[57.712132] (turtlesim) StdoutLine: {'line': b'-- Installing: /home/emelie/ba_ws_com/install/turtlesim/include/turtlesim/action/detail/rotate_absolute__rosidl_typesupport_introspection_cpp.hpp\n'}
[57.712418] (turtlesim) StdoutLine: {'line': b'-- Installing: /home/emelie/ba_ws_com/install/turtlesim/lib/libturtlesim__rosidl_typesupport_introspection_cpp.so\n'}
[57.712671] (turtlesim) StdoutLine: {'line': b'-- Set runtime path of "/home/emelie/ba_ws_com/install/turtlesim/lib/libturtlesim__rosidl_typesupport_introspection_cpp.so" to ""\n'}
[57.712964] (turtlesim) StdoutLine: {'line': b'-- Installing: /home/emelie/ba_ws_com/install/turtlesim/lib/libturtlesim__rosidl_typesupport_cpp.so\n'}
[57.713264] (turtlesim) StdoutLine: {'line': b'-- Set runtime path of "/home/emelie/ba_ws_com/install/turtlesim/lib/libturtlesim__rosidl_typesupport_cpp.so" to ""\n'}
[57.713401] (turtlesim) StdoutLine: {'line': b'-- Installing: /home/emelie/ba_ws_com/install/turtlesim/share/turtlesim/environment/pythonpath.sh\n'}
[57.713529] (turtlesim) StdoutLine: {'line': b'-- Installing: /home/emelie/ba_ws_com/install/turtlesim/share/turtlesim/environment/pythonpath.dsv\n'}
[57.714205] (turtlesim) StdoutLine: {'line': b'-- Installing: /home/emelie/ba_ws_com/install/turtlesim/lib/python3.8/site-packages/turtlesim/__init__.py\n'}
[57.774611] (-) TimerEvent: {}
[57.794959] (turtlesim) StdoutLine: {'line': b"Compiling '/home/emelie/ba_ws_com/install/turtlesim/lib/python3.8/site-packages/turtlesim/__init__.py'...\n"}
[57.805395] (turtlesim) StdoutLine: {'line': b'-- Installing: /home/emelie/ba_ws_com/install/turtlesim/lib/python3.8/site-packages/turtlesim/action\n'}
[57.806296] (turtlesim) StdoutLine: {'line': b'-- Installing: /home/emelie/ba_ws_com/install/turtlesim/lib/python3.8/site-packages/turtlesim/action/__init__.py\n'}
[57.806908] (turtlesim) StdoutLine: {'line': b'-- Installing: /home/emelie/ba_ws_com/install/turtlesim/lib/python3.8/site-packages/turtlesim/action/_rotate_absolute.py\n'}
[57.807504] (turtlesim) StdoutLine: {'line': b'-- Installing: /home/emelie/ba_ws_com/install/turtlesim/lib/python3.8/site-packages/turtlesim/action/_rotate_absolute_s.c\n'}
[57.808174] (turtlesim) StdoutLine: {'line': b'-- Installing: /home/emelie/ba_ws_com/install/turtlesim/lib/python3.8/site-packages/turtlesim/msg\n'}
[57.809470] (turtlesim) StdoutLine: {'line': b'-- Installing: /home/emelie/ba_ws_com/install/turtlesim/lib/python3.8/site-packages/turtlesim/msg/__init__.py\n'}
[57.810103] (turtlesim) StdoutLine: {'line': b'-- Installing: /home/emelie/ba_ws_com/install/turtlesim/lib/python3.8/site-packages/turtlesim/msg/_pose_s.c\n'}
[57.810790] (turtlesim) StdoutLine: {'line': b'-- Installing: /home/emelie/ba_ws_com/install/turtlesim/lib/python3.8/site-packages/turtlesim/msg/_color_s.c\n'}
[57.810984] (turtlesim) StdoutLine: {'line': b'-- Installing: /home/emelie/ba_ws_com/install/turtlesim/lib/python3.8/site-packages/turtlesim/msg/_pose.py\n'}
[57.811335] (turtlesim) StdoutLine: {'line': b'-- Installing: /home/emelie/ba_ws_com/install/turtlesim/lib/python3.8/site-packages/turtlesim/msg/_color.py\n'}
[57.811896] (turtlesim) StdoutLine: {'line': b'-- Installing: /home/emelie/ba_ws_com/install/turtlesim/lib/python3.8/site-packages/turtlesim/srv\n'}
[57.812683] (turtlesim) StdoutLine: {'line': b'-- Installing: /home/emelie/ba_ws_com/install/turtlesim/lib/python3.8/site-packages/turtlesim/srv/_kill.py\n'}
[57.813229] (turtlesim) StdoutLine: {'line': b'-- Installing: /home/emelie/ba_ws_com/install/turtlesim/lib/python3.8/site-packages/turtlesim/srv/__init__.py\n'}
[57.813836] (turtlesim) StdoutLine: {'line': b'-- Installing: /home/emelie/ba_ws_com/install/turtlesim/lib/python3.8/site-packages/turtlesim/srv/_set_pen_s.c\n'}
[57.814069] (turtlesim) StdoutLine: {'line': b'-- Installing: /home/emelie/ba_ws_com/install/turtlesim/lib/python3.8/site-packages/turtlesim/srv/_teleport_absolute_s.c\n'}
[57.814559] (turtlesim) StdoutLine: {'line': b'-- Installing: /home/emelie/ba_ws_com/install/turtlesim/lib/python3.8/site-packages/turtlesim/srv/_spawn.py\n'}
[57.815069] (turtlesim) StdoutLine: {'line': b'-- Installing: /home/emelie/ba_ws_com/install/turtlesim/lib/python3.8/site-packages/turtlesim/srv/_teleport_relative_s.c\n'}
[57.815219] (turtlesim) StdoutLine: {'line': b'-- Installing: /home/emelie/ba_ws_com/install/turtlesim/lib/python3.8/site-packages/turtlesim/srv/_kill_s.c\n'}
[57.815562] (turtlesim) StdoutLine: {'line': b'-- Installing: /home/emelie/ba_ws_com/install/turtlesim/lib/python3.8/site-packages/turtlesim/srv/_set_pen.py\n'}
[57.816140] (turtlesim) StdoutLine: {'line': b'-- Installing: /home/emelie/ba_ws_com/install/turtlesim/lib/python3.8/site-packages/turtlesim/srv/_teleport_absolute.py\n'}
[57.816521] (turtlesim) StdoutLine: {'line': b'-- Installing: /home/emelie/ba_ws_com/install/turtlesim/lib/python3.8/site-packages/turtlesim/srv/_teleport_relative.py\n'}
[57.816903] (turtlesim) StdoutLine: {'line': b'-- Installing: /home/emelie/ba_ws_com/install/turtlesim/lib/python3.8/site-packages/turtlesim/srv/_spawn_s.c\n'}
[57.817663] (turtlesim) StdoutLine: {'line': b'-- Installing: /home/emelie/ba_ws_com/install/turtlesim/lib/python3.8/site-packages/turtlesim/turtlesim_s__rosidl_typesupport_fastrtps_c.cpython-38-x86_64-linux-gnu.so\n'}
[57.819089] (turtlesim) StdoutLine: {'line': b'-- Set runtime path of "/home/emelie/ba_ws_com/install/turtlesim/lib/python3.8/site-packages/turtlesim/turtlesim_s__rosidl_typesupport_fastrtps_c.cpython-38-x86_64-linux-gnu.so" to ""\n'}
[57.819421] (turtlesim) StdoutLine: {'line': b'-- Installing: /home/emelie/ba_ws_com/install/turtlesim/lib/python3.8/site-packages/turtlesim/turtlesim_s__rosidl_typesupport_introspection_c.cpython-38-x86_64-linux-gnu.so\n'}
[57.820610] (turtlesim) StdoutLine: {'line': b'-- Set runtime path of "/home/emelie/ba_ws_com/install/turtlesim/lib/python3.8/site-packages/turtlesim/turtlesim_s__rosidl_typesupport_introspection_c.cpython-38-x86_64-linux-gnu.so" to ""\n'}
[57.821005] (turtlesim) StdoutLine: {'line': b'-- Installing: /home/emelie/ba_ws_com/install/turtlesim/lib/python3.8/site-packages/turtlesim/turtlesim_s__rosidl_typesupport_c.cpython-38-x86_64-linux-gnu.so\n'}
[57.821921] (turtlesim) StdoutLine: {'line': b'-- Set runtime path of "/home/emelie/ba_ws_com/install/turtlesim/lib/python3.8/site-packages/turtlesim/turtlesim_s__rosidl_typesupport_c.cpython-38-x86_64-linux-gnu.so" to ""\n'}
[57.822428] (turtlesim) StdoutLine: {'line': b'-- Installing: /home/emelie/ba_ws_com/install/turtlesim/lib/libturtlesim__python.so\n'}
[57.823102] (turtlesim) StdoutLine: {'line': b'-- Set runtime path of "/home/emelie/ba_ws_com/install/turtlesim/lib/libturtlesim__python.so" to ""\n'}
[57.823872] (turtlesim) StdoutLine: {'line': b'-- Installing: /home/emelie/ba_ws_com/install/turtlesim/share/turtlesim/action/RotateAbsolute.idl\n'}
[57.824713] (turtlesim) StdoutLine: {'line': b'-- Installing: /home/emelie/ba_ws_com/install/turtlesim/share/turtlesim/msg/Color.idl\n'}
[57.825089] (turtlesim) StdoutLine: {'line': b'-- Installing: /home/emelie/ba_ws_com/install/turtlesim/share/turtlesim/msg/Pose.idl\n'}
[57.826117] (turtlesim) StdoutLine: {'line': b'-- Installing: /home/emelie/ba_ws_com/install/turtlesim/share/turtlesim/srv/Kill.idl\n'}
[57.826519] (turtlesim) StdoutLine: {'line': b'-- Installing: /home/emelie/ba_ws_com/install/turtlesim/share/turtlesim/srv/SetPen.idl\n'}
[57.826832] (turtlesim) StdoutLine: {'line': b'-- Installing: /home/emelie/ba_ws_com/install/turtlesim/share/turtlesim/srv/Spawn.idl\n'}
[57.827134] (turtlesim) StdoutLine: {'line': b'-- Installing: /home/emelie/ba_ws_com/install/turtlesim/share/turtlesim/srv/TeleportAbsolute.idl\n'}
[57.827484] (turtlesim) StdoutLine: {'line': b'-- Installing: /home/emelie/ba_ws_com/install/turtlesim/share/turtlesim/srv/TeleportRelative.idl\n'}
[57.827711] (turtlesim) StdoutLine: {'line': b'-- Installing: /home/emelie/ba_ws_com/install/turtlesim/share/turtlesim/action/RotateAbsolute.action\n'}
[57.828014] (turtlesim) StdoutLine: {'line': b'-- Installing: /home/emelie/ba_ws_com/install/turtlesim/share/turtlesim/msg/Color.msg\n'}
[57.828336] (turtlesim) StdoutLine: {'line': b'-- Installing: /home/emelie/ba_ws_com/install/turtlesim/share/turtlesim/msg/Pose.msg\n'}
[57.828614] (turtlesim) StdoutLine: {'line': b'-- Installing: /home/emelie/ba_ws_com/install/turtlesim/share/turtlesim/srv/Kill.srv\n'}
[57.828882] (turtlesim) StdoutLine: {'line': b'-- Installing: /home/emelie/ba_ws_com/install/turtlesim/share/turtlesim/srv/Kill_Request.msg\n'}
[57.829292] (turtlesim) StdoutLine: {'line': b'-- Installing: /home/emelie/ba_ws_com/install/turtlesim/share/turtlesim/srv/Kill_Response.msg\n'}
[57.829664] (turtlesim) StdoutLine: {'line': b'-- Installing: /home/emelie/ba_ws_com/install/turtlesim/share/turtlesim/srv/SetPen.srv\n'}
[57.829932] (turtlesim) StdoutLine: {'line': b'-- Installing: /home/emelie/ba_ws_com/install/turtlesim/share/turtlesim/srv/SetPen_Request.msg\n'}
[57.830187] (turtlesim) StdoutLine: {'line': b'-- Installing: /home/emelie/ba_ws_com/install/turtlesim/share/turtlesim/srv/SetPen_Response.msg\n'}
[57.830436] (turtlesim) StdoutLine: {'line': b'-- Installing: /home/emelie/ba_ws_com/install/turtlesim/share/turtlesim/srv/Spawn.srv\n'}
[57.830694] (turtlesim) StdoutLine: {'line': b'-- Installing: /home/emelie/ba_ws_com/install/turtlesim/share/turtlesim/srv/Spawn_Request.msg\n'}
[57.830921] (turtlesim) StdoutLine: {'line': b'-- Installing: /home/emelie/ba_ws_com/install/turtlesim/share/turtlesim/srv/Spawn_Response.msg\n'}
[57.831196] (turtlesim) StdoutLine: {'line': b'-- Installing: /home/emelie/ba_ws_com/install/turtlesim/share/turtlesim/srv/TeleportAbsolute.srv\n'}
[57.831454] (turtlesim) StdoutLine: {'line': b'-- Installing: /home/emelie/ba_ws_com/install/turtlesim/share/turtlesim/srv/TeleportAbsolute_Request.msg\n'}
[57.831880] (turtlesim) StdoutLine: {'line': b'-- Installing: /home/emelie/ba_ws_com/install/turtlesim/share/turtlesim/srv/TeleportAbsolute_Response.msg\n'}
[57.832181] (turtlesim) StdoutLine: {'line': b'-- Installing: /home/emelie/ba_ws_com/install/turtlesim/share/turtlesim/srv/TeleportRelative.srv\n'}
[57.832532] (turtlesim) StdoutLine: {'line': b'-- Installing: /home/emelie/ba_ws_com/install/turtlesim/share/turtlesim/srv/TeleportRelative_Request.msg\n'}
[57.832831] (turtlesim) StdoutLine: {'line': b'-- Installing: /home/emelie/ba_ws_com/install/turtlesim/share/turtlesim/srv/TeleportRelative_Response.msg\n'}
[57.833577] (turtlesim) StdoutLine: {'line': b'-- Installing: /home/emelie/ba_ws_com/install/turtlesim/lib/turtlesim/turtlesim_node\n'}
[57.839362] (turtlesim) StdoutLine: {'line': b'-- Set runtime path of "/home/emelie/ba_ws_com/install/turtlesim/lib/turtlesim/turtlesim_node" to ""\n'}
[57.839588] (turtlesim) StdoutLine: {'line': b'-- Installing: /home/emelie/ba_ws_com/install/turtlesim/lib/turtlesim/turtle_teleop_key\n'}
[57.841939] (turtlesim) StdoutLine: {'line': b'-- Set runtime path of "/home/emelie/ba_ws_com/install/turtlesim/lib/turtlesim/turtle_teleop_key" to ""\n'}
[57.842287] (turtlesim) StdoutLine: {'line': b'-- Installing: /home/emelie/ba_ws_com/install/turtlesim/lib/turtlesim/draw_square\n'}
[57.845394] (turtlesim) StdoutLine: {'line': b'-- Set runtime path of "/home/emelie/ba_ws_com/install/turtlesim/lib/turtlesim/draw_square" to ""\n'}
[57.845814] (turtlesim) StdoutLine: {'line': b'-- Installing: /home/emelie/ba_ws_com/install/turtlesim/lib/turtlesim/mimic\n'}
[57.848421] (turtlesim) StdoutLine: {'line': b'-- Set runtime path of "/home/emelie/ba_ws_com/install/turtlesim/lib/turtlesim/mimic" to ""\n'}
[57.848593] (turtlesim) StdoutLine: {'line': b'-- Installing: /home/emelie/ba_ws_com/install/turtlesim/share/turtlesim/images\n'}
[57.849100] (turtlesim) StdoutLine: {'line': b'-- Installing: /home/emelie/ba_ws_com/install/turtlesim/share/turtlesim/images/ardent.png\n'}
[57.849480] (turtlesim) StdoutLine: {'line': b'-- Installing: /home/emelie/ba_ws_com/install/turtlesim/share/turtlesim/images/foxy.png\n'}
[57.849847] (turtlesim) StdoutLine: {'line': b'-- Installing: /home/emelie/ba_ws_com/install/turtlesim/share/turtlesim/images/bouncy.png\n'}
[57.849980] (turtlesim) StdoutLine: {'line': b'-- Installing: /home/emelie/ba_ws_com/install/turtlesim/share/turtlesim/images/crystal.png\n'}
[57.850370] (turtlesim) StdoutLine: {'line': b'-- Installing: /home/emelie/ba_ws_com/install/turtlesim/share/turtlesim/images/eloquent.png\n'}
[57.850505] (turtlesim) StdoutLine: {'line': b'-- Installing: /home/emelie/ba_ws_com/install/turtlesim/share/turtlesim/images/dashing.png\n'}
[57.850849] (turtlesim) StdoutLine: {'line': b'-- Installing: /home/emelie/ba_ws_com/install/turtlesim/share/turtlesim/launch\n'}
[57.851255] (turtlesim) StdoutLine: {'line': b'-- Installing: /home/emelie/ba_ws_com/install/turtlesim/share/turtlesim/launch/multisim.launch.py\n'}
[57.852052] (turtlesim) StdoutLine: {'line': b'-- Installing: /home/emelie/ba_ws_com/install/turtlesim/share/ament_index/resource_index/package_run_dependencies/turtlesim\n'}
[57.852749] (turtlesim) StdoutLine: {'line': b'-- Installing: /home/emelie/ba_ws_com/install/turtlesim/share/ament_index/resource_index/parent_prefix_path/turtlesim\n'}
[57.853154] (turtlesim) StdoutLine: {'line': b'-- Installing: /home/emelie/ba_ws_com/install/turtlesim/share/turtlesim/environment/ament_prefix_path.sh\n'}
[57.853393] (turtlesim) StdoutLine: {'line': b'-- Installing: /home/emelie/ba_ws_com/install/turtlesim/share/turtlesim/environment/ament_prefix_path.dsv\n'}
[57.853703] (turtlesim) StdoutLine: {'line': b'-- Installing: /home/emelie/ba_ws_com/install/turtlesim/share/turtlesim/environment/path.sh\n'}
[57.853934] (turtlesim) StdoutLine: {'line': b'-- Installing: /home/emelie/ba_ws_com/install/turtlesim/share/turtlesim/environment/path.dsv\n'}
[57.854248] (turtlesim) StdoutLine: {'line': b'-- Installing: /home/emelie/ba_ws_com/install/turtlesim/share/turtlesim/local_setup.bash\n'}
[57.854588] (turtlesim) StdoutLine: {'line': b'-- Installing: /home/emelie/ba_ws_com/install/turtlesim/share/turtlesim/local_setup.sh\n'}
[57.854918] (turtlesim) StdoutLine: {'line': b'-- Installing: /home/emelie/ba_ws_com/install/turtlesim/share/turtlesim/local_setup.zsh\n'}
[57.855228] (turtlesim) StdoutLine: {'line': b'-- Installing: /home/emelie/ba_ws_com/install/turtlesim/share/turtlesim/local_setup.dsv\n'}
[57.855442] (turtlesim) StdoutLine: {'line': b'-- Installing: /home/emelie/ba_ws_com/install/turtlesim/share/turtlesim/package.dsv\n'}
[57.856222] (turtlesim) StdoutLine: {'line': b'-- Installing: /home/emelie/ba_ws_com/install/turtlesim/share/ament_index/resource_index/packages/turtlesim\n'}
[57.856952] (turtlesim) StdoutLine: {'line': b'-- Installing: /home/emelie/ba_ws_com/install/turtlesim/share/turtlesim/cmake/turtlesim__rosidl_generator_cExport.cmake\n'}
[57.857243] (turtlesim) StdoutLine: {'line': b'-- Installing: /home/emelie/ba_ws_com/install/turtlesim/share/turtlesim/cmake/turtlesim__rosidl_generator_cExport-noconfig.cmake\n'}
[57.857721] (turtlesim) StdoutLine: {'line': b'-- Installing: /home/emelie/ba_ws_com/install/turtlesim/share/turtlesim/cmake/turtlesim__rosidl_typesupport_introspection_cExport.cmake\n'}
[57.857952] (turtlesim) StdoutLine: {'line': b'-- Installing: /home/emelie/ba_ws_com/install/turtlesim/share/turtlesim/cmake/turtlesim__rosidl_typesupport_introspection_cExport-noconfig.cmake\n'}
[57.858300] (turtlesim) StdoutLine: {'line': b'-- Installing: /home/emelie/ba_ws_com/install/turtlesim/share/turtlesim/cmake/turtlesim__rosidl_typesupport_cExport.cmake\n'}
[57.858612] (turtlesim) StdoutLine: {'line': b'-- Installing: /home/emelie/ba_ws_com/install/turtlesim/share/turtlesim/cmake/turtlesim__rosidl_typesupport_cExport-noconfig.cmake\n'}
[57.859076] (turtlesim) StdoutLine: {'line': b'-- Installing: /home/emelie/ba_ws_com/install/turtlesim/share/turtlesim/cmake/turtlesim__rosidl_generator_cppExport.cmake\n'}
[57.859518] (turtlesim) StdoutLine: {'line': b'-- Installing: /home/emelie/ba_ws_com/install/turtlesim/share/turtlesim/cmake/turtlesim__rosidl_typesupport_introspection_cppExport.cmake\n'}
[57.859788] (turtlesim) StdoutLine: {'line': b'-- Installing: /home/emelie/ba_ws_com/install/turtlesim/share/turtlesim/cmake/turtlesim__rosidl_typesupport_introspection_cppExport-noconfig.cmake\n'}
[57.860253] (turtlesim) StdoutLine: {'line': b'-- Installing: /home/emelie/ba_ws_com/install/turtlesim/share/turtlesim/cmake/turtlesim__rosidl_typesupport_cppExport.cmake\n'}
[57.860482] (turtlesim) StdoutLine: {'line': b'-- Installing: /home/emelie/ba_ws_com/install/turtlesim/share/turtlesim/cmake/turtlesim__rosidl_typesupport_cppExport-noconfig.cmake\n'}
[57.860772] (turtlesim) StdoutLine: {'line': b'-- Installing: /home/emelie/ba_ws_com/install/turtlesim/share/turtlesim/cmake/rosidl_cmake-extras.cmake\n'}
[57.861100] (turtlesim) StdoutLine: {'line': b'-- Installing: /home/emelie/ba_ws_com/install/turtlesim/share/turtlesim/cmake/ament_cmake_export_dependencies-extras.cmake\n'}
[57.861434] (turtlesim) StdoutLine: {'line': b'-- Installing: /home/emelie/ba_ws_com/install/turtlesim/share/turtlesim/cmake/ament_cmake_export_libraries-extras.cmake\n'}
[57.861890] (turtlesim) StdoutLine: {'line': b'-- Installing: /home/emelie/ba_ws_com/install/turtlesim/share/turtlesim/cmake/ament_cmake_export_targets-extras.cmake\n'}
[57.862172] (turtlesim) StdoutLine: {'line': b'-- Installing: /home/emelie/ba_ws_com/install/turtlesim/share/turtlesim/cmake/ament_cmake_export_include_directories-extras.cmake\n'}
[57.862494] (turtlesim) StdoutLine: {'line': b'-- Installing: /home/emelie/ba_ws_com/install/turtlesim/share/turtlesim/cmake/rosidl_cmake_export_typesupport_libraries-extras.cmake\n'}
[57.862738] (turtlesim) StdoutLine: {'line': b'-- Installing: /home/emelie/ba_ws_com/install/turtlesim/share/turtlesim/cmake/rosidl_cmake_export_typesupport_targets-extras.cmake\n'}
[57.863104] (turtlesim) StdoutLine: {'line': b'-- Installing: /home/emelie/ba_ws_com/install/turtlesim/share/turtlesim/cmake/turtlesimConfig.cmake\n'}
[57.863474] (turtlesim) StdoutLine: {'line': b'-- Installing: /home/emelie/ba_ws_com/install/turtlesim/share/turtlesim/cmake/turtlesimConfig-version.cmake\n'}
[57.863874] (turtlesim) StdoutLine: {'line': b'-- Installing: /home/emelie/ba_ws_com/install/turtlesim/share/turtlesim/package.xml\n'}
[57.867908] (turtlesim) CommandEnded: {'returncode': 0}
[57.874849] (-) TimerEvent: {}
[57.975378] (-) TimerEvent: {}
[58.076117] (-) TimerEvent: {}
[58.176688] (-) TimerEvent: {}
[58.225021] (turtlesim) JobEnded: {'identifier': 'turtlesim', 'rc': 0}
[58.227682] (-) EventReactorShutdown: {}
